fecha,caudal
2025-01-28 23:31:00.092493,56165484.0
2025-01-28 23:32:00.033926,316.0
2025-01-28 23:33:00.023054,216.0
2025-01-28 23:34:00.128900,320.0
2025-01-28 23:35:00.174990,212.0
2025-01-28 23:36:00.067341,56166860.0
2025-01-28 23:37:00.014218,212.0
2025-01-28 23:38:00.103774,320.0
2025-01-28 23:39:00.030144,212.0
2025-01-28 23:40:00.185795,312.0
2025-01-28 23:41:00.023026,212.0
2025-01-28 23:42:00.111765,320.0
2025-01-28 23:43:00.022389,312.0
2025-01-28 23:44:00.110537,220.0
2025-01-28 23:45:00.093618,312.0
2025-01-28 23:46:00.068415,220.0
2025-01-28 23:47:00.144471,312.0
2025-01-28 23:48:00.047185,212.0
2025-01-28 23:49:00.182316,320.0
2025-01-28 23:50:00.015797,212.0
2025-01-28 23:51:00.124267,312.0
2025-01-28 23:52:00.099317,216.0
2025-01-28 23:53:00.031665,316.0
2025-01-28 23:54:00.102717,216.0
2025-01-28 23:55:00.151531,316.0
2025-01-28 23:56:00.154575,208.0
2025-01-28 23:57:00.078189,316.0
2025-01-28 23:58:00.054627,212.0
2025-01-28 23:59:00.079550,320.0
2025-01-29 00:00:00.146481,208.0
2025-01-29 00:01:00.018943,316.0
2025-01-29 00:02:00.127120,312.0
2025-01-29 00:03:00.139210,212.0
2025-01-29 00:04:00.154882,320.0
2025-01-29 00:05:00.103135,212.0
2025-01-29 00:06:00.137503,312.0
2025-01-29 00:07:00.087365,212.0
2025-01-29 00:08:00.057204,320.0
2025-01-29 00:09:00.125070,212.0
2025-01-29 00:10:00.133505,320.0
2025-01-29 00:11:00.145190,212.0
2025-01-29 00:12:00.031778,312.0
2025-01-29 00:13:00.200893,212.0
2025-01-29 00:14:00.063265,312.0
2025-01-29 00:15:00.043953,316.0
2025-01-29 00:16:00.029544,216.0
2025-01-29 00:17:00.030269,312.0
2025-01-29 00:18:00.128621,212.0
2025-01-29 00:19:00.038488,316.0
2025-01-29 00:20:00.028893,216.0
2025-01-29 00:21:00.161275,312.0
2025-01-29 00:22:00.044109,212.0
2025-01-29 00:23:00.180015,316.0
2025-01-29 00:24:00.163283,216.0
2025-01-29 00:25:00.031226,312.0
2025-01-29 00:26:00.018744,212.0
2025-01-29 00:27:00.165338,320.0
2025-01-29 00:28:00.168939,212.0
2025-01-29 00:29:00.032508,312.0
2025-01-29 00:30:00.133721,212.0
2025-01-29 00:31:00.195324,316.0
2025-01-29 00:32:00.049137,208.0
2025-01-29 00:33:00.137726,212.0
2025-01-29 00:34:00.076202,320.0
2025-01-29 00:35:00.130984,220.0
2025-01-29 00:36:00.121955,312.0
2025-01-29 00:37:00.079858,216.0
2025-01-29 00:38:00.034543,212.0
2025-01-29 00:39:00.027793,204.0
2025-01-29 00:40:00.110623,212.0
2025-01-29 00:41:00.100991,212.0
2025-01-29 00:42:00.016380,212.0
2025-01-29 00:43:00.040449,212.0
2025-01-29 00:44:00.008407,208.0
2025-01-29 00:45:00.148347,208.0
2025-01-29 00:46:00.142616,208.0
2025-01-29 00:47:00.159451,212.0
2025-01-29 00:48:00.118336,204.0
2025-01-29 00:49:00.103917,212.0
2025-01-29 00:50:00.032851,212.0
2025-01-29 00:51:00.079807,212.0
2025-01-29 00:52:00.083148,212.0
2025-01-29 00:53:00.110832,208.0
2025-01-29 00:54:00.059923,212.0
2025-01-29 00:55:00.014695,204.0
2025-01-29 00:56:00.070813,212.0
2025-01-29 00:57:00.160405,316.0
2025-01-29 00:58:00.066835,208.0
2025-01-29 00:59:00.145517,212.0
2025-01-29 01:00:00.122571,320.0
2025-01-29 01:01:00.025382,212.0
2025-01-29 01:02:00.069537,312.0
2025-01-29 01:03:00.144619,212.0
2025-01-29 01:04:00.153589,212.0
2025-01-29 01:05:00.039302,320.0
2025-01-29 01:06:00.017098,212.0
2025-01-29 01:07:00.141990,212.0
2025-01-29 01:08:00.030258,312.0
2025-01-29 01:09:00.172237,212.0
2025-01-29 01:10:00.038438,212.0
2025-01-29 01:11:00.164933,312.0
2025-01-29 01:12:00.066376,212.0
2025-01-29 01:13:00.124981,212.0
2025-01-29 01:14:00.096780,320.0
2025-01-29 01:15:00.123911,208.0
2025-01-29 01:16:00.017057,316.0
2025-01-29 01:17:00.102063,212.0
2025-01-29 01:18:00.037999,208.0
2025-01-29 01:19:00.102736,212.0
2025-01-29 01:20:00.158512,320.0
2025-01-29 01:21:00.059890,212.0
2025-01-29 01:22:00.162642,204.0
2025-01-29 01:23:00.037683,320.0
2025-01-29 01:24:00.022317,204.0
2025-01-29 01:25:00.139698,212.0
2025-01-29 01:26:00.093921,320.0
2025-01-29 01:27:00.162253,212.0
2025-01-29 01:28:00.055656,216.0
2025-01-29 01:29:00.038249,316.0
2025-01-29 01:30:00.066585,216.0
2025-01-29 01:31:00.050423,204.0
2025-01-29 01:32:00.103738,316.0
2025-01-29 01:33:00.146681,212.0
2025-01-29 01:34:00.140436,216.0
2025-01-29 01:35:00.075106,212.0
2025-01-29 01:36:00.032324,312.0
2025-01-29 01:37:00.040522,212.0
2025-01-29 01:38:00.052045,212.0
2025-01-29 01:39:00.046237,212.0
2025-01-29 01:40:00.170268,312.0
2025-01-29 01:41:00.019606,216.0
2025-01-29 01:42:00.133735,208.0
2025-01-29 01:43:00.048719,208.0
2025-01-29 01:44:00.084033,212.0
2025-01-29 01:45:00.058830,320.0
2025-01-29 01:46:00.199997,212.0
2025-01-29 01:47:00.141491,212.0
2025-01-29 01:48:00.093619,212.0
2025-01-29 01:49:00.089626,312.0
2025-01-29 01:50:00.090999,212.0
2025-01-29 01:51:00.104350,212.0
2025-01-29 01:52:00.094939,208.0
2025-01-29 01:53:00.172010,208.0
2025-01-29 01:54:00.157422,312.0
2025-01-29 01:55:00.254104,216.0
2025-01-29 01:56:00.082218,212.0
2025-01-29 01:57:00.182319,212.0
2025-01-29 01:58:00.011567,212.0
2025-01-29 01:59:00.146966,312.0
2025-01-29 02:00:00.058985,212.0
2025-01-29 02:01:00.177495,204.0
2025-01-29 02:02:00.203619,220.0
2025-01-29 02:03:00.150272,312.0
2025-01-29 02:04:00.044065,212.0
2025-01-29 02:05:00.066684,204.0
2025-01-29 02:06:00.023489,212.0
2025-01-29 02:07:00.035366,212.0
2025-01-29 02:08:00.176588,312.0
2025-01-29 02:09:00.065541,212.0
2025-01-29 02:10:00.097533,212.0
2025-01-29 02:11:00.025480,208.0
2025-01-29 02:12:00.016196,316.0
2025-01-29 02:13:00.097467,216.0
2025-01-29 02:14:00.060063,212.0
2025-01-29 02:15:00.065173,212.0
2025-01-29 02:16:00.164925,212.0
2025-01-29 02:17:00.058685,312.0
2025-01-29 02:18:00.141597,204.0
2025-01-29 02:19:00.034543,212.0
2025-01-29 02:20:00.077112,212.0
2025-01-29 02:21:00.192622,312.0
2025-01-29 02:22:00.118201,212.0
2025-01-29 02:23:00.025425,212.0
2025-01-29 02:24:00.080384,212.0
2025-01-29 02:25:00.111892,208.0
2025-01-29 02:26:00.036153,316.0
2025-01-29 02:27:00.017297,204.0
2025-01-29 02:28:00.164163,212.0
2025-01-29 02:29:00.017806,312.0
2025-01-29 02:30:00.111511,220.0
2025-01-29 02:31:00.151003,204.0
2025-01-29 02:32:00.031271,320.0
2025-01-29 02:33:00.175065,212.0
2025-01-29 02:34:00.086864,208.0
2025-01-29 02:35:00.143748,316.0
2025-01-29 02:36:00.100115,212.0
2025-01-29 02:37:00.063073,208.0
2025-01-29 02:38:00.072457,320.0
2025-01-29 02:39:00.065723,212.0
2025-01-29 02:40:00.103168,316.0
2025-01-29 02:41:00.151707,208.0
2025-01-29 02:42:00.085330,212.0
2025-01-29 02:43:00.157046,316.0
2025-01-29 02:44:00.099855,208.0
2025-01-29 02:45:00.129440,316.0
2025-01-29 02:46:00.093157,216.0
2025-01-29 02:47:00.113829,316.0
2025-01-29 02:48:00.016810,208.0
2025-01-29 02:49:00.023790,212.0
2025-01-29 02:50:00.033931,316.0
2025-01-29 02:51:00.058528,208.0
2025-01-29 02:52:00.106695,316.0
2025-01-29 02:53:00.084698,216.0
2025-01-29 02:54:00.116599,316.0
2025-01-29 02:55:00.133172,208.0
2025-01-29 02:56:00.026593,320.0
2025-01-29 02:57:00.035265,212.0
2025-01-29 02:58:00.096002,212.0
2025-01-29 02:59:00.085598,320.0
2025-01-29 03:00:00.148500,212.0
2025-01-29 03:01:00.032836,312.0
2025-01-29 03:02:00.028271,212.0
2025-01-29 03:03:00.102748,312.0
2025-01-29 03:04:00.021905,212.0
2025-01-29 03:05:00.087457,320.0
2025-01-29 03:06:00.144013,212.0
2025-01-29 03:07:00.026938,320.0
2025-01-29 03:08:00.063944,212.0
2025-01-29 03:09:00.109839,320.0
2025-01-29 03:10:00.024868,312.0
2025-01-29 03:11:00.067572,212.0
2025-01-29 03:12:00.022695,320.0
2025-01-29 03:13:00.058815,212.0
2025-01-29 03:14:00.159131,320.0
2025-01-29 03:15:00.121863,312.0
2025-01-29 03:16:00.184248,220.0
2025-01-29 03:17:00.056658,312.0
2025-01-29 03:18:00.141628,216.0
2025-01-29 03:19:00.122907,316.0
2025-01-29 03:20:00.070806,212.0
2025-01-29 03:21:00.131763,320.0
2025-01-29 03:22:00.200840,312.0
2025-01-29 03:23:00.115470,212.0
2025-01-29 03:24:00.165499,320.0
2025-01-29 03:25:00.077630,212.0
2025-01-29 03:26:00.079963,312.0
2025-01-29 03:27:00.012993,320.0
2025-01-29 03:28:00.152568,212.0
2025-01-29 03:29:00.117460,312.0
2025-01-29 03:30:00.045791,220.0
2025-01-29 03:31:00.071126,312.0
2025-01-29 03:32:00.105993,216.0
2025-01-29 03:33:00.103273,316.0
2025-01-29 03:34:00.120175,212.0
2025-01-29 03:35:00.165933,312.0
2025-01-29 03:36:00.086709,216.0
2025-01-29 03:37:00.137725,316.0
2025-01-29 03:38:00.082531,212.0
2025-01-29 03:39:00.014287,320.0
2025-01-29 03:40:00.137140,208.0
2025-01-29 03:41:00.041294,316.0
2025-01-29 03:42:00.141067,212.0
2025-01-29 05:18:00.188909,56255508.0
2025-01-31 02:37:55.968011,5.8
2025-01-31 02:38:05.811480,0.0
2025-01-31 02:38:07.435543,0.0
2025-01-31 02:38:09.265487,0.0
2025-01-31 02:41:30.604264,5.8
2025-01-31 02:41:52.825640,0.0
2025-01-31 02:53:22.054447,5.8
2025-01-31 02:55:02.442229,5.8
2025-01-31 02:58:54.963671,5.8
2025-01-31 02:59:30.372221,5.8
2025-01-31 03:01:13.720430,5.8
2025-01-31 03:01:25.827460,5.8
2025-01-31 03:02:55.276602,5.8
2025-01-31 03:17:00.088802,56965920.0
2025-01-31 03:18:00.084693,320.0
2025-01-31 03:19:00.159891,312.0
2025-01-31 03:20:00.148443,208.0
2025-01-31 03:21:00.114735,320.0
2025-01-31 03:22:00.148981,312.0
2025-01-31 03:23:00.132122,212.0
2025-01-31 03:24:00.021529,312.0
2025-01-31 03:25:00.055214,316.0
2025-01-31 03:26:00.146575,208.0
2025-01-31 03:27:00.109432,316.0
2025-01-31 03:28:00.141556,212.0
2025-01-31 03:29:00.111046,320.0
2025-01-31 03:30:00.081704,312.0
2025-01-31 03:31:00.095899,212.0
2025-01-31 03:32:00.053945,312.0
2025-01-31 03:33:00.046266,316.0
2025-01-31 03:34:00.095492,208.0
2025-01-31 03:35:00.116613,316.0
2025-01-31 03:36:00.105827,320.0
2025-01-31 03:37:00.100774,212.0
2025-01-31 03:38:00.098880,312.0
2025-01-31 03:39:00.159016,312.0
2025-01-31 03:40:00.124500,208.0
2025-01-31 03:41:00.114578,320.0
2025-01-31 03:42:00.161015,312.0
2025-01-31 03:43:00.019693,212.0
2025-01-31 03:44:00.161811,312.0
2025-01-31 03:45:00.184401,316.0
2025-01-31 03:46:00.025093,312.0
2025-01-31 03:47:00.166377,212.0
2025-01-31 03:48:00.161233,312.0
2025-01-31 03:49:00.144448,316.0
2025-01-31 03:50:00.156134,208.0
2025-01-31 03:51:00.165531,320.0
2025-01-31 03:52:00.024236,316.0
2025-01-31 03:53:00.032568,204.0
2025-01-31 03:54:00.020936,212.0
2025-01-31 03:55:00.029649,312.0
2025-01-31 03:56:00.008359,204.0
2025-01-31 03:57:00.140762,212.0
2025-01-31 03:58:00.020242,204.0
2025-01-31 03:59:00.126603,316.0
2025-01-31 04:00:00.065496,212.0
2025-01-31 04:01:00.124946,204.0
2025-01-31 04:02:00.123517,312.0
2025-01-31 04:03:00.085387,212.0
2025-01-31 04:04:00.137267,204.0
2025-01-31 04:05:00.156834,212.0
2025-01-31 04:06:00.151612,204.0
2025-01-31 04:07:00.137492,204.0
2025-01-31 04:08:00.124207,212.0
2025-01-31 04:09:00.126939,204.0
2025-01-31 04:10:00.023146,208.0
2025-01-31 04:11:00.132254,100.0
2025-01-31 04:12:00.178210,212.0
2025-01-31 04:13:00.152545,212.0
2025-01-31 04:14:00.155967,204.0
2025-01-31 04:15:00.081992,204.0
2025-01-31 04:16:00.139271,204.0
2025-01-31 04:17:00.085593,212.0
2025-01-31 04:18:00.056184,204.0
2025-01-31 04:19:00.140992,208.0
2025-01-31 04:20:00.166797,100.0
2025-01-31 04:21:00.060325,212.0
2025-01-31 04:22:00.161456,204.0
2025-01-31 04:23:00.025994,212.0
2025-01-31 04:24:00.062534,312.0
2025-01-31 04:25:00.010826,208.0
2025-01-31 04:26:00.159880,312.0
2025-01-31 04:27:00.044582,312.0
2025-01-31 04:28:00.023247,212.0
2025-01-31 04:29:00.147980,316.0
2025-01-31 04:30:00.141222,208.0
2025-01-31 04:31:00.146719,316.0
2025-01-31 04:32:00.116920,204.0
2025-01-31 04:33:00.168245,320.0
2025-01-31 04:34:00.031038,204.0
2025-01-31 04:35:00.150359,320.0
2025-01-31 04:36:00.023783,212.0
2025-01-31 04:37:00.009057,312.0
2025-01-31 04:38:00.141326,208.0
2025-01-31 04:39:00.030953,320.0
2025-01-31 04:40:00.158661,204.0
2025-01-31 04:41:00.149281,312.0
2025-01-31 04:42:00.011996,220.0
2025-01-31 04:43:00.006740,312.0
2025-01-31 04:44:00.025394,204.0
2025-01-31 04:45:00.081414,316.0
2025-01-31 04:46:00.038299,208.0
2025-01-31 04:47:00.033616,316.0
2025-01-31 04:48:00.042395,212.0
2025-01-31 04:49:00.027289,208.0
2025-01-31 04:50:00.011891,328.0
2025-01-31 04:51:00.164475,216.0
2025-01-31 04:52:00.016060,320.0
2025-01-31 04:53:00.040609,220.0
2025-01-31 04:54:00.039315,320.0
2025-01-31 04:55:00.102070,100.0
2025-01-31 04:56:00.028152,0.0
2025-01-31 04:57:00.049541,0.0
2025-01-31 04:58:00.034886,0.0
2025-01-31 04:59:00.036936,0.0
2025-01-31 05:00:00.100865,0.0
2025-01-31 05:01:00.041341,0.0
2025-01-31 05:02:00.039724,0.0
2025-01-31 05:03:00.042316,0.0
2025-01-31 05:04:00.010466,0.0
2025-01-31 05:05:00.089795,0.0
2025-01-31 05:06:00.021629,0.0
2025-01-31 05:07:00.037778,232.0
2025-01-31 05:08:00.080764,0.0
2025-01-31 05:09:00.090270,0.0
2025-01-31 22:34:00.241710,57243340.0
2025-01-31 22:35:00.025793,316.0
2025-01-31 22:36:00.022146,204.0
2025-01-31 22:37:00.152416,312.0
2025-01-31 22:38:00.035805,57244376.0
2025-01-31 22:39:00.141187,316.0
2025-01-31 22:40:00.042029,312.0
2025-01-31 22:41:00.055035,212.0
2025-01-31 22:42:00.092186,308.0
2025-01-31 22:43:00.169145,212.0
2025-01-31 22:44:00.042119,304.0
2025-01-31 22:45:00.090010,316.0
2025-01-31 22:46:00.086906,204.0
2025-01-31 22:47:00.034838,312.0
2025-01-31 22:48:00.161329,208.0
2025-01-31 22:49:00.055606,312.0
2025-01-31 22:50:00.049987,308.0
2025-01-31 22:51:00.135265,212.0
2025-01-31 22:52:00.079692,312.0
2025-01-31 22:53:00.079025,212.0
2025-01-31 22:54:00.162677,312.0
2025-01-31 22:55:00.077750,316.0
2025-01-31 22:56:00.181850,204.0
2025-01-31 22:57:00.160967,312.0
2025-01-31 22:58:00.193075,204.0
2025-01-31 22:59:00.142606,316.0
2025-01-31 23:00:00.132284,312.0
2025-01-31 23:01:00.130782,204.0
2025-01-31 23:02:00.102994,316.0
2025-01-31 23:03:00.067627,212.0
2025-01-31 23:04:00.113489,304.0
2025-01-31 23:05:00.163108,316.0
2025-01-31 23:06:00.041070,204.0
2025-01-31 23:07:00.037278,312.0
2025-01-31 23:08:00.086479,308.0
2025-01-31 23:09:00.109759,212.0
2025-01-31 23:10:00.127777,312.0
2025-01-31 23:11:00.085832,316.0
2025-01-31 23:12:00.047884,204.0
2025-01-31 23:13:00.182830,312.0
2025-01-31 23:14:00.158874,316.0
2025-01-31 23:15:00.141913,212.0
2025-01-31 23:16:00.152935,312.0
2025-01-31 23:17:00.012052,312.0
2025-01-31 23:18:00.148996,212.0
2025-01-31 23:19:00.115045,316.0
2025-01-31 23:20:00.050146,312.0
2025-01-31 23:21:00.099145,312.0
2025-01-31 23:22:00.105168,212.0
2025-01-31 23:23:00.107197,316.0
2025-01-31 23:24:00.114223,312.0
2025-01-31 23:25:00.174215,312.0
2025-01-31 23:26:00.158251,212.0
2025-01-31 23:27:00.106313,308.0
2025-01-31 23:28:00.167305,312.0
2025-01-31 23:29:00.161336,316.0
2025-01-31 23:30:00.167362,204.0
2025-01-31 23:31:00.186379,312.0
2025-01-31 23:32:00.073478,316.0
2025-01-31 23:33:00.142465,312.0
2025-01-31 23:34:00.068540,316.0
2025-01-31 23:35:00.105547,204.0
2025-01-31 23:36:00.092581,312.0
2025-01-31 23:37:00.022656,316.0
2025-01-31 23:38:00.009691,312.0
2025-01-31 23:39:00.144636,312.0
2025-01-31 23:40:00.166652,316.0
2025-01-31 23:41:00.020770,312.0
2025-01-31 23:42:00.157715,316.0
2025-01-31 23:43:00.084789,208.0
2025-01-31 23:44:00.120795,316.0
2025-01-31 23:45:00.075852,312.0
2025-01-31 23:46:00.148836,316.0
2025-01-31 23:47:00.129878,312.0
2025-01-31 23:48:00.167882,312.0
2025-01-31 23:49:00.060978,316.0
2025-01-31 23:50:00.093985,320.0
2025-01-31 23:51:00.181963,308.0
2025-01-31 23:52:00.153008,208.0
2025-01-31 23:53:00.068089,208.0
2025-01-31 23:54:00.031141,204.0
2025-01-31 23:55:00.035168,212.0
2025-01-31 23:56:00.091162,204.0
2025-01-31 23:57:00.104184,204.0
2025-01-31 23:58:00.103212,204.0
2025-01-31 23:59:00.171199,108.0
2025-02-01 00:00:00.104269,208.0
2025-02-01 00:01:00.029375,204.0
2025-02-01 00:02:00.078374,204.0
2025-02-01 00:03:00.095392,204.0
2025-02-01 00:04:00.097420,212.0
2025-02-01 00:05:00.197745,204.0
2025-02-01 00:06:00.029286,204.0
2025-02-01 00:07:00.026316,104.0
2025-02-01 00:08:00.103297,204.0
2025-02-01 00:09:00.167286,316.0
2025-02-01 00:10:00.089363,204.0
2025-02-01 00:11:00.115377,212.0
2025-02-01 00:12:00.114407,204.0
2025-02-01 00:13:00.108438,312.0
2025-02-01 00:14:00.083483,204.0
2025-02-01 00:15:00.016556,212.0
2025-02-01 00:16:00.146504,308.0
2025-02-01 00:17:00.138536,212.0
2025-02-01 00:18:00.106583,204.0
2025-02-01 00:19:00.113609,204.0
2025-02-01 00:20:00.054675,316.0
2025-02-01 00:21:00.085683,204.0
2025-02-01 00:22:00.029748,212.0
2025-02-01 00:23:00.147704,304.0
2025-02-01 00:24:00.020812,208.0
2025-02-01 00:25:00.173746,208.0
2025-02-01 00:26:00.141795,308.0
2025-02-01 00:27:00.119836,212.0
2025-02-01 00:28:00.073893,204.0
2025-02-01 00:29:00.130942,316.0
2025-02-01 00:30:00.086997,204.0
2025-02-01 00:31:00.037058,212.0
2025-02-01 00:32:00.155014,304.0
2025-02-01 00:33:00.113068,212.0
2025-02-01 00:34:00.039144,204.0
2025-02-01 00:35:00.030177,308.0
2025-02-01 00:36:00.048195,212.0
2025-02-01 00:37:00.137170,212.0
2025-02-01 00:38:00.152190,308.0
2025-02-01 00:39:00.091256,204.0
2025-02-01 00:40:00.037318,212.0
2025-02-01 00:41:00.002369,312.0
2025-02-01 00:42:00.068357,104.0
2025-02-01 00:43:00.111359,196.0
2025-02-01 00:44:00.017449,212.0
2025-02-01 00:45:00.112417,204.0
2025-02-01 00:46:00.049485,104.0
2025-02-01 00:47:00.132461,204.0
2025-02-01 00:48:00.043545,204.0
2025-02-01 00:49:00.188487,104.0
2025-02-01 00:50:00.044603,204.0
2025-02-01 00:51:00.111591,204.0
2025-02-01 00:52:00.061650,204.0
2025-02-01 00:53:00.138632,104.0
2025-02-01 00:54:00.124668,204.0
2025-02-01 00:55:00.120701,104.0
2025-02-01 00:56:00.029786,204.0
2025-02-01 00:57:00.025817,204.0
2025-02-01 00:58:00.093804,204.0
2025-02-01 00:59:00.092834,104.0
2025-02-01 01:00:00.161819,212.0
2025-02-01 01:01:00.112878,204.0
2025-02-01 01:02:00.061939,200.0
2025-02-01 01:03:00.105940,108.0
2025-02-01 01:04:00.044008,204.0
2025-02-01 01:05:00.055031,204.0
2025-02-01 01:06:00.020081,204.0
2025-02-01 01:07:00.128044,208.0
2025-02-01 01:08:00.101089,204.0
2025-02-01 01:09:00.077133,212.0
2025-02-01 01:10:00.153113,204.0
2025-02-01 01:11:00.124162,204.0
2025-02-01 01:12:00.122190,212.0
2025-02-01 01:13:00.032276,204.0
2025-02-01 01:14:00.063286,212.0
2025-02-01 01:15:00.075306,204.0
2025-02-01 01:16:00.134300,204.0
2025-02-01 01:17:00.131331,204.0
2025-02-01 01:18:00.089386,208.0
2025-02-01 01:19:00.183356,204.0
2025-02-01 01:20:00.142411,204.0
2025-02-01 01:21:00.039503,212.0
2025-02-01 01:22:00.021542,204.0
2025-02-01 01:23:00.011579,204.0
2025-02-01 01:24:00.121538,204.0
2025-02-01 01:25:00.116570,208.0
2025-02-01 01:26:00.116600,204.0
2025-02-01 01:27:00.125653,212.0
2025-02-01 01:28:00.056724,204.0
2025-02-01 01:29:00.153694,204.0
2025-02-01 01:30:00.132736,204.0
2025-02-01 01:31:00.105782,204.0
2025-02-01 01:32:00.121802,212.0
2025-02-01 01:33:00.065864,204.0
2025-02-01 01:34:00.057897,208.0
2025-02-01 01:35:00.133880,208.0
2025-02-01 01:36:00.151898,208.0
2025-02-01 01:37:00.129970,204.0
2025-02-01 01:38:00.079032,204.0
2025-02-01 01:39:00.073065,212.0
2025-02-01 01:40:00.138052,204.0
2025-02-01 01:41:00.043141,204.0
2025-02-01 01:42:00.062157,204.0
2025-02-01 01:43:00.146135,212.0
2025-02-01 01:44:00.031233,204.0
2025-02-01 01:45:00.154188,208.0
2025-02-01 01:46:00.151219,208.0
2025-02-01 01:47:00.033321,208.0
2025-02-01 01:48:00.054336,100.0
2025-02-01 01:49:00.029382,316.0
2025-02-01 01:50:00.177319,100.0
2025-02-01 01:51:00.181365,204.0
2025-02-01 01:52:00.105441,208.0
2025-02-01 01:53:00.147444,208.0
2025-02-01 01:54:00.078515,208.0
2025-02-01 01:55:00.110524,204.0
2025-02-01 01:56:00.016612,204.0
2025-02-01 01:57:00.077602,204.0
2025-02-01 01:58:00.174572,204.0
2025-02-01 01:59:00.186593,212.0
2025-02-01 02:00:00.108670,204.0
2025-02-01 02:01:00.136682,104.0
2025-02-01 02:02:00.130714,204.0
2025-02-01 02:03:00.126746,204.0
2025-02-01 02:04:00.137768,104.0
2025-02-01 02:05:00.128802,204.0
2025-02-01 02:06:00.071866,316.0
2025-02-01 02:07:00.040914,312.0
2025-02-01 02:08:00.137884,204.0
2025-02-01 02:09:00.002996,316.0
2025-02-01 02:10:00.149934,312.0
2025-02-01 02:11:00.147964,212.0
2025-02-01 02:12:00.112016,308.0
2025-02-01 02:13:00.084062,312.0
2025-02-01 02:14:00.023128,212.0
2025-02-01 02:15:00.076123,312.0
2025-02-01 02:16:00.162100,316.0
2025-02-01 02:17:00.008223,304.0
2025-02-01 02:18:00.164156,212.0
2025-02-01 02:19:00.116215,308.0
2025-02-01 02:20:00.003314,312.0
2025-02-01 02:21:00.119271,316.0
2025-02-01 02:22:00.140288,204.0
2025-02-01 02:23:00.159304,312.0
2025-02-01 02:24:00.060394,316.0
2025-02-01 02:25:00.123384,204.0
2025-02-01 02:26:00.162389,312.0
2025-02-01 02:27:00.072474,316.0
2025-02-01 02:28:00.148455,312.0
2025-02-01 02:29:00.170471,212.0
2025-02-01 02:30:00.045577,312.0
2025-02-01 02:31:00.172527,316.0
2025-02-01 02:32:00.044635,312.0
2025-02-01 02:33:00.153597,204.0
2025-02-01 02:34:00.087697,316.0
2025-02-01 02:35:00.153685,308.0
2025-02-01 02:36:00.009854,312.0
2025-02-01 02:37:00.145799,212.0
2025-02-01 02:38:00.169812,312.0
2025-02-01 02:39:00.064907,308.0
2025-02-01 02:40:00.081926,212.0
2025-02-01 02:41:00.152911,312.0
2025-02-01 02:42:00.120960,316.0
2025-02-01 02:43:00.138976,312.0
2025-02-01 02:44:00.142005,212.0
2025-02-01 02:45:00.068079,312.0
2025-02-01 02:46:00.154055,316.0
2025-02-01 02:47:00.094122,312.0
2025-02-01 02:48:00.055172,212.0
2025-02-01 02:49:00.070191,312.0
2025-02-01 02:50:00.162164,308.0
2025-02-01 02:51:00.172188,312.0
2025-02-01 02:52:00.045296,320.0
2025-02-01 02:53:00.076303,208.0
2025-02-01 02:54:00.180268,312.0
2025-02-01 02:55:00.059373,312.0
2025-02-01 02:56:00.149348,316.0
2025-02-01 02:57:00.063429,212.0
2025-02-01 02:58:00.020483,312.0
2025-02-01 02:59:00.191406,308.0
2025-02-01 03:00:00.183440,312.0
2025-02-01 03:01:00.017573,316.0
2025-02-01 03:02:00.107547,208.0
2025-02-01 03:03:00.110573,316.0
2025-02-01 03:04:00.082026,312.0
2025-02-01 03:05:00.040059,316.0
2025-02-01 03:06:00.015278,208.0
2025-02-01 03:07:00.006287,316.0
2025-02-01 03:08:00.238175,312.0
2025-02-01 03:09:00.049984,316.0
2025-02-01 03:10:00.029028,312.0
2025-02-01 03:11:00.062032,204.0
2025-02-01 03:12:00.076057,316.0
2025-02-01 03:13:00.177086,312.0
2025-02-01 03:14:00.101161,312.0
2025-02-01 03:15:00.080234,316.0
2025-02-01 03:16:00.091261,212.0
2025-02-01 03:17:00.098281,312.0
2025-02-01 03:18:00.109303,312.0
2025-02-01 03:19:00.141312,316.0
2025-02-01 03:20:00.102365,312.0
2025-02-01 03:21:00.118384,316.0
2025-02-01 03:22:00.103456,204.0
2025-02-01 03:23:00.147457,312.0
2025-02-01 03:24:00.096520,316.0
2025-02-01 03:25:00.141554,312.0
2025-02-01 03:26:00.127591,312.0
2025-02-01 03:27:00.104635,212.0
2025-02-01 03:28:00.124692,316.0
2025-02-01 03:29:00.088786,312.0
2025-02-01 03:30:00.104806,312.0
2025-02-01 03:31:00.133882,316.0
2025-02-01 03:32:00.023978,312.0
2025-02-01 03:33:00.124943,212.0
2025-02-01 03:37:00.245598,57318984.0
2025-02-01 03:38:00.102811,204.0
2025-02-01 03:39:00.022982,204.0
2025-02-01 03:40:00.033684,312.0
2025-02-01 03:41:00.106763,208.0
2025-02-01 03:42:00.130871,208.0
2025-02-01 03:43:00.151981,208.0
2025-02-01 03:44:00.084146,208.0
2025-02-01 03:45:00.112251,208.0
2025-02-01 03:46:00.190327,208.0
2025-02-01 03:47:00.049538,308.0
2025-02-01 03:48:00.058654,204.0
2025-02-01 03:49:00.139729,208.0
2025-02-01 03:50:00.092882,204.0
2025-02-01 03:51:00.180951,212.0
2025-02-01 03:52:00.088842,304.0
2025-02-01 03:53:00.082491,208.0
2025-02-01 03:54:00.076449,208.0
2025-02-01 03:55:00.072944,208.0
2025-02-01 03:56:00.014240,204.0
2025-02-01 03:57:00.058810,212.0
2025-02-01 03:58:00.085936,204.0
2025-02-01 03:59:00.118804,312.0
2025-02-01 04:00:00.061189,204.0
2025-02-01 04:01:00.090174,208.0
2025-02-01 04:02:00.016294,208.0
2025-02-01 04:03:00.110041,208.0
2025-02-01 04:04:00.078715,312.0
2025-02-01 04:05:00.022126,212.0
2025-02-01 04:06:00.045942,312.0
2025-02-01 04:07:00.061714,204.0
2025-02-01 04:08:00.085893,320.0
2025-02-01 04:09:00.068233,208.0
2025-02-01 04:10:00.038348,312.0
2025-02-01 04:11:00.094203,320.0
2025-02-01 04:12:00.096305,204.0
2025-02-01 04:13:00.135556,316.0
2025-02-01 04:14:00.142356,208.0
2025-02-01 04:15:00.170151,316.0
2025-02-01 04:16:00.056907,312.0
2025-02-01 04:17:00.024749,212.0
2025-02-01 04:18:00.073865,312.0
2025-02-01 04:19:00.096415,208.0
2025-02-01 04:20:00.043702,312.0
2025-02-01 04:21:00.060636,212.0
2025-02-01 04:22:00.099003,312.0
2025-02-01 04:23:00.061075,316.0
2025-02-01 04:24:00.058442,204.0
2025-02-01 04:25:00.158101,312.0
2025-02-01 04:26:00.080318,316.0
2025-02-01 04:27:00.035423,208.0
2025-02-01 04:28:00.079994,316.0
2025-02-01 04:29:00.085982,312.0
2025-02-01 04:30:00.011285,212.0
2025-02-01 04:31:00.035948,312.0
2025-02-01 04:32:00.135989,316.0
2025-02-01 04:33:00.166011,312.0
2025-02-01 04:34:00.065379,204.0
2025-02-01 04:35:00.091409,316.0
2025-02-01 04:36:00.093753,320.0
2025-02-01 04:37:00.021102,204.0
2025-02-01 04:38:00.067254,312.0
2025-02-01 04:39:00.131313,316.0
2025-02-01 04:40:00.034862,216.0
2025-02-01 04:41:00.101285,316.0
2025-02-01 04:42:00.167933,312.0
2025-02-01 04:43:00.040803,212.0
2025-02-01 04:44:00.082035,320.0
2025-02-01 04:45:00.720681,312.0
2025-02-01 04:46:00.175136,204.0
2025-02-01 04:47:00.109299,316.0
2025-02-01 04:48:00.173384,320.0
2025-02-01 04:49:00.160514,204.0
2025-02-01 04:50:00.103672,312.0
2025-02-01 04:51:00.124783,316.0
2025-02-01 04:52:00.015975,320.0
2025-02-01 04:53:00.155012,312.0
2025-02-01 04:54:00.029211,204.0
2025-02-01 04:55:00.133273,316.0
2025-02-01 04:56:00.074431,312.0
2025-02-01 04:57:00.092542,316.0
2025-02-01 04:58:00.059686,208.0
2025-02-01 04:59:00.124769,316.0
2025-02-01 05:00:00.108902,312.0
2025-02-01 05:01:00.010087,316.0
2025-02-01 05:02:00.136132,204.0
2025-02-01 05:03:00.149248,312.0
2025-02-01 05:04:00.125385,320.0
2025-02-01 05:05:00.006582,308.0
2025-02-01 05:06:00.148618,312.0
2025-02-01 05:07:00.141746,212.0
2025-02-01 05:08:00.138871,316.0
2025-02-01 05:09:00.105014,312.0
2025-02-01 05:10:00.120129,312.0
2025-02-01 05:11:00.113256,316.0
2025-02-01 05:12:00.196330,204.0
2025-02-01 05:13:00.125495,312.0
2025-02-01 05:14:00.055662,316.0
2025-02-01 05:15:00.130738,204.0
2025-02-01 05:16:00.158845,312.0
2025-02-01 05:17:00.143977,208.0
2025-02-01 05:18:00.169085,312.0
2025-02-01 05:19:00.058276,312.0
2025-02-01 05:20:00.188320,208.0
2025-02-01 05:21:00.100497,312.0
2025-02-01 05:22:00.135598,312.0
2025-02-01 05:23:00.161712,208.0
2025-02-01 05:24:00.033908,312.0
2025-02-01 05:25:00.124975,312.0
2025-02-01 05:26:00.058140,208.0
2025-02-01 05:27:00.132217,312.0
2025-02-01 05:28:00.119349,212.0
2025-02-01 05:29:00.021533,312.0
2025-02-01 05:30:00.144580,316.0
2025-02-01 05:31:00.200669,208.0
2025-02-01 05:32:00.156819,308.0
2025-02-01 05:33:00.192920,316.0
2025-02-01 05:34:00.009160,208.0
2025-02-01 05:35:00.259128,308.0
2025-02-01 05:36:00.033388,212.0
2025-02-01 05:37:00.044504,312.0
2025-02-01 05:38:00.116584,308.0
2025-02-01 05:39:00.083727,204.0
2025-02-03 07:00:00.208230,57617464.0
2025-02-03 07:01:00.037527,0.0
2025-02-03 07:02:00.170391,0.0
2025-02-03 07:03:00.095167,0.0
2025-02-03 07:04:00.053799,0.0
2025-02-03 07:05:00.104356,0.0
2025-02-03 07:06:00.098033,0.0
2025-02-03 07:07:00.170673,0.0
2025-02-03 07:08:00.133818,0.0
2025-02-03 07:09:00.015626,0.0
2025-02-03 07:10:00.118778,0.0
2025-02-03 07:11:00.173271,0.0
2025-02-03 07:12:00.159268,0.0
2025-02-03 07:13:00.168246,0.0
2025-02-03 07:14:00.064260,0.0
2025-02-03 07:15:00.074334,0.0
2025-02-03 07:16:00.072817,0.0
2025-02-03 07:17:00.011408,0.0
2025-02-03 07:18:00.181329,0.0
2025-02-03 07:19:00.166204,0.0
2025-02-03 07:20:00.171553,0.0
2025-02-03 07:21:00.161428,0.0
2025-02-03 07:22:00.173822,0.0
2025-02-03 07:23:00.186049,0.0
2025-02-03 07:24:00.142688,0.0
2025-02-03 07:25:00.172160,0.0
2025-02-03 07:26:00.106022,0.0
2025-02-03 07:27:00.157642,0.0
2025-02-03 07:28:00.142703,0.0
2025-02-03 07:30:00.293980,0.0
2025-02-03 07:31:00.121161,0.0
2025-02-03 07:32:00.095705,0.0
2025-02-03 07:33:00.536771,0.0
2025-02-03 07:34:00.161883,0.0
2025-02-03 07:35:00.093402,0.0
2025-02-03 07:36:00.059512,0.0
2025-02-03 07:37:00.143800,0.0
2025-02-03 07:38:00.124056,0.0
2025-02-03 07:39:00.151552,0.0
2025-02-03 07:40:00.051222,0.0
2025-02-03 07:41:00.143599,0.0
2025-02-03 07:42:00.116479,0.0
2025-02-03 07:43:00.145257,0.0
2025-02-03 07:44:00.047157,0.0
2025-02-03 07:45:00.011112,0.0
2025-02-03 07:46:00.162748,0.0
2025-02-03 07:47:00.154251,0.0
2025-02-03 07:48:00.114689,0.0
2025-02-03 07:49:00.178219,0.0
2025-02-03 07:50:00.131309,0.0
2025-02-03 07:51:00.037122,0.0
2025-02-03 07:52:00.111647,0.0
2025-02-03 07:53:00.108822,0.0
2025-02-03 07:54:00.115984,0.0
2025-02-03 07:55:00.060999,0.0
2025-02-03 07:56:00.093077,0.0
2025-02-03 07:57:00.129993,0.0
2025-02-03 07:58:00.191014,0.0
2025-02-03 07:59:00.098190,0.0
2025-02-03 08:00:00.129536,0.0
2025-02-03 08:01:00.046152,0.0
2025-02-03 08:02:00.138197,0.0
2025-02-03 08:03:00.031161,0.0
2025-02-03 08:04:00.160933,0.0
2025-02-03 08:05:00.114390,0.0
2025-02-03 08:06:00.109928,0.0
2025-02-03 08:07:00.069571,0.0
2025-02-03 08:08:00.079298,0.0
2025-02-03 08:09:00.067085,0.0
2025-02-03 08:10:00.112988,0.0
2025-02-03 08:11:00.075261,0.0
2025-02-03 08:12:00.046468,0.0
2025-02-03 08:13:00.124396,0.0
2025-02-03 08:14:00.117269,0.0
2025-02-03 08:15:00.045712,0.0
2025-02-03 08:16:00.170420,0.0
2025-02-03 08:17:00.050195,0.0
2025-02-03 08:18:00.039311,0.0
2025-02-03 08:19:00.064098,0.0
2025-02-03 08:20:00.072221,0.0
2025-02-03 08:21:00.113400,0.0
2025-02-03 08:22:00.061528,0.0
2025-02-03 08:23:00.016180,0.0
2025-02-03 08:24:00.032801,0.0
2025-02-03 08:25:00.020165,0.0
2025-02-03 08:26:00.007047,0.0
2025-02-03 08:27:00.178952,0.0
2025-02-03 08:28:00.178576,0.0
2025-02-03 08:29:00.072784,0.0
2025-02-03 08:30:00.164951,0.0
2025-02-03 08:31:00.158908,0.0
2025-02-03 08:32:00.157983,0.0
2025-02-03 08:33:00.057699,0.0
2025-02-03 08:34:00.122329,0.0
2025-02-03 08:35:00.070134,0.0
2025-02-03 08:36:00.046938,0.0
2025-02-03 08:37:00.123288,0.0
2025-02-03 08:38:00.018633,0.0
2025-02-03 08:39:00.015377,0.0
2025-02-03 08:40:00.124709,0.0
2025-02-03 08:41:00.062251,0.0
2025-02-03 08:42:00.064876,0.0
2025-02-03 08:43:00.187629,0.0
2025-02-03 08:44:00.222643,0.0
2025-02-03 08:45:00.007244,0.0
2025-02-03 08:46:00.073015,0.0
2025-02-03 08:47:00.045022,0.0
2025-02-03 08:48:00.121435,0.0
2025-02-03 08:49:00.036537,0.0
2025-02-03 08:50:00.168317,0.0
2025-02-03 08:51:00.031794,0.0
2025-02-03 08:52:00.130200,0.0
2025-02-03 08:53:00.165329,0.0
2025-02-03 08:54:00.135270,0.0
2025-02-03 08:55:00.090095,0.0
2025-02-03 08:56:00.151663,0.0
2025-02-03 08:57:00.050309,0.0
2025-02-03 08:58:00.026674,0.0
2025-02-03 08:59:00.097530,0.0
2025-02-03 09:00:00.095379,0.0
2025-02-03 09:01:00.022172,0.0
2025-02-03 09:02:00.089441,0.0
2025-02-03 09:03:00.181276,0.0
2025-02-03 09:04:00.048204,0.0
2025-02-03 09:05:00.094624,0.0
2025-02-03 09:06:00.106267,0.0
2025-02-03 09:07:00.054482,0.0
2025-02-03 09:08:00.171226,0.0
2025-02-03 09:09:00.025760,0.0
2025-02-03 09:10:00.067929,0.0
2025-02-03 09:11:00.051099,0.0
2025-02-03 09:12:00.056639,0.0
2025-02-03 09:13:00.058563,0.0
2025-02-03 09:14:00.147747,0.0
2025-02-03 09:15:00.192814,0.0
2025-02-03 09:16:00.030292,0.0
2025-02-03 09:17:00.044507,0.0
2025-02-03 09:18:00.121668,0.0
2025-02-03 09:19:00.135469,0.0
2025-02-03 09:20:00.068764,0.0
2025-02-03 09:21:00.111143,0.0
2025-02-03 09:22:00.050833,0.0
2025-02-03 09:23:00.033149,0.0
2025-02-03 09:24:00.157166,0.0
2025-02-03 09:25:00.025660,0.0
2025-02-03 09:26:00.077856,0.0
2025-02-03 09:27:00.032981,0.0
2025-02-03 09:28:00.165952,0.0
2025-02-03 09:29:00.059463,0.0
2025-02-03 09:30:00.147422,0.0
2025-02-03 09:31:00.094423,0.0
2025-02-03 09:32:00.140461,0.0
2025-02-03 09:33:00.038563,0.0
2025-02-03 09:34:00.100615,0.0
2025-02-03 09:35:00.176626,0.0
2025-02-03 09:36:00.035559,0.0
2025-02-03 09:37:00.136729,0.0
2025-02-03 09:38:00.134409,0.0
2025-02-03 09:39:00.011407,0.0
2025-02-03 09:40:00.055576,0.0
2025-02-03 09:41:00.088139,0.0
2025-02-03 09:42:00.063886,0.0
2025-02-03 09:43:00.033793,0.0
2025-02-03 09:44:00.052018,0.0
2025-02-03 09:45:00.016209,0.0
2025-02-03 09:46:00.102694,0.0
2025-02-03 09:47:00.065962,0.0
2025-02-03 09:48:00.033076,0.0
2025-02-03 09:49:00.092723,0.0
2025-02-03 09:50:00.008901,0.0
2025-02-03 09:51:00.126873,0.0
2025-02-03 09:52:00.138264,0.0
2025-02-03 09:53:00.081731,0.0
2025-02-03 09:54:00.173105,0.0
2025-02-03 09:55:00.007287,0.0
2025-02-03 09:56:00.141436,0.0
2025-02-03 09:57:00.057444,0.0
2025-02-03 09:58:00.096826,0.0
2025-02-03 09:59:00.153242,0.0
2025-02-03 10:00:00.077656,0.0
2025-02-03 10:01:00.173325,0.0
2025-02-03 10:02:00.037237,0.0
2025-02-03 10:03:00.116646,0.0
2025-02-03 10:04:00.027283,0.0
2025-02-03 10:05:00.043414,0.0
2025-02-03 10:06:00.147214,0.0
2025-02-03 10:07:00.134678,0.0
2025-02-03 10:08:00.086864,0.0
2025-02-03 10:09:00.119125,0.0
2025-02-03 10:10:00.090062,0.0
2025-02-03 10:11:00.129612,0.0
2025-02-03 10:12:00.153522,0.0
2025-02-03 10:13:00.080144,0.0
2025-02-03 10:14:00.037300,0.0
2025-02-03 10:15:00.122893,0.0
2025-02-03 10:16:00.087274,0.0
2025-02-03 10:17:00.112961,0.0
2025-02-03 10:18:00.047803,0.0
2025-02-03 10:19:00.058759,0.0
2025-02-03 10:20:00.088553,0.0
2025-02-03 10:21:00.156432,0.0
2025-02-03 10:22:00.113184,0.0
2025-02-03 10:23:00.173152,0.0
2025-02-03 10:24:00.156309,0.0
2025-02-03 10:25:00.034922,0.0
2025-02-03 10:26:00.035215,0.0
2025-02-03 10:27:00.133449,0.0
2025-02-03 10:28:00.143223,0.0
2025-02-03 10:29:00.099785,0.0
2025-02-03 10:30:00.052660,0.0
2025-02-03 10:31:00.038546,0.0
2025-02-03 10:32:00.017388,0.0
2025-02-03 10:33:00.016880,0.0
2025-02-03 10:34:00.092539,0.0
2025-02-03 10:35:00.093282,0.0
2025-02-03 10:36:00.030745,0.0
2025-02-03 10:37:00.033456,0.0
2025-02-03 10:38:00.167174,0.0
2025-02-03 10:39:00.035324,0.0
2025-02-03 10:40:00.096661,0.0
2025-02-03 10:41:00.041421,0.0
2025-02-03 10:42:00.108911,0.0
2025-02-03 10:43:00.113635,0.0
2025-02-03 10:44:00.042798,0.0
2025-02-03 10:45:00.041595,0.0
2025-02-03 10:46:00.058751,0.0
2025-02-03 10:47:00.075682,0.0
2025-02-03 10:48:00.042332,0.0
2025-02-03 10:49:00.158038,0.0
2025-02-03 10:50:00.017014,0.0
2025-02-03 10:51:00.011250,0.0
2025-02-03 10:52:00.139130,0.0
2025-02-03 10:53:00.027156,0.0
2025-02-03 10:54:00.064350,0.0
2025-02-03 10:55:00.159809,0.0
2025-02-03 10:56:00.057505,0.0
2025-02-03 10:57:00.099189,0.0
2025-02-03 10:58:00.151857,0.0
2025-02-03 10:59:00.169451,0.0
2025-02-03 11:00:00.045303,0.0
2025-02-03 11:01:00.042248,0.0
2025-02-03 11:02:00.137504,0.0
2025-02-03 11:03:00.092331,0.0
2025-02-03 11:04:00.052459,0.0
2025-02-03 11:05:00.143878,0.0
2025-02-03 11:06:00.065509,0.0
2025-02-03 11:07:00.022118,0.0
2025-02-03 11:08:00.021169,0.0
2025-02-03 11:09:00.014074,0.0
2025-02-03 11:10:00.088656,0.0
2025-02-03 11:11:00.076796,0.0
2025-02-03 11:12:00.131420,0.0
2025-02-03 11:13:00.176826,0.0
2025-02-03 11:14:00.033404,0.0
2025-02-03 11:15:00.081725,0.0
2025-02-03 11:16:00.172629,0.0
2025-02-03 11:17:00.021202,0.0
2025-02-03 11:18:00.022446,0.0
2025-02-03 11:19:00.081764,0.0
2025-02-03 11:20:00.054514,0.0
2025-02-03 11:21:00.154290,0.0
2025-02-03 11:22:00.098139,0.0
2025-02-03 11:23:00.101447,0.0
2025-02-03 11:24:00.063805,0.0
2025-02-03 11:25:00.066150,0.0
2025-02-03 11:26:00.128097,0.0
2025-02-03 11:27:00.024063,0.0
2025-02-03 11:28:00.055537,0.0
2025-02-03 11:29:00.080315,0.0
2025-02-03 11:30:00.051019,0.0
2025-02-03 11:31:00.063340,0.0
2025-02-03 11:32:00.172928,0.0
2025-02-03 11:33:00.174898,0.0
2025-02-03 11:34:00.156617,0.0
2025-02-03 11:35:00.072087,0.0
2025-02-03 11:36:00.141483,0.0
2025-02-03 11:37:00.140916,0.0
2025-02-03 11:38:00.033040,0.0
2025-02-03 11:39:00.103306,0.0
2025-02-03 11:40:00.033593,0.0
2025-02-03 11:41:00.026129,0.0
2025-02-03 11:42:00.095468,0.0
2025-02-03 11:43:00.059394,0.0
2025-02-03 11:44:00.075074,0.0
2025-02-03 11:45:00.114370,0.0
2025-02-03 11:46:00.180309,0.0
2025-02-03 11:47:00.091833,0.0
2025-02-03 11:48:00.099994,0.0
2025-02-03 11:49:00.185436,0.0
2025-02-03 11:50:00.040067,0.0
2025-02-03 11:51:00.138560,0.0
2025-02-03 11:52:00.089137,0.0
2025-02-03 11:53:00.033447,0.0
2025-02-03 11:54:00.171201,0.0
2025-02-03 11:55:00.155396,0.0
2025-02-03 11:56:00.058772,0.0
2025-02-03 11:57:00.093475,0.0
2025-02-03 11:58:00.021770,0.0
2025-02-03 11:59:00.129090,0.0
2025-02-03 12:00:00.073468,0.0
2025-02-03 12:01:00.055669,0.0
2025-02-03 12:02:00.011164,0.0
2025-02-03 12:03:00.048141,0.0
2025-02-03 12:04:00.080053,0.0
2025-02-03 12:05:00.128419,0.0
2025-02-03 12:06:00.070956,0.0
2025-02-03 12:07:00.041252,0.0
2025-02-03 12:08:00.170838,0.0
2025-02-03 12:09:00.146706,0.0
2025-02-03 12:10:00.042959,0.0
2025-02-03 12:11:00.030883,0.0
2025-02-03 12:12:00.136175,0.0
2025-02-03 12:13:00.112456,0.0
2025-02-03 12:14:00.094401,0.0
2025-02-03 12:15:00.109365,0.0
2025-02-03 12:16:00.095269,0.0
2025-02-03 12:17:00.068264,0.0
2025-02-03 12:18:00.133970,0.0
2025-02-03 12:19:00.030533,0.0
2025-02-03 12:20:00.072194,0.0
2025-02-03 12:21:00.112771,0.0
2025-02-03 12:22:00.177318,0.0
2025-02-03 12:23:00.045425,0.0
2025-02-03 12:24:00.010066,0.0
2025-02-03 12:25:00.070518,0.0
2025-02-03 12:26:00.112521,0.0
2025-02-03 12:27:00.072882,0.0
2025-02-03 12:28:00.139292,0.0
2025-02-03 12:29:00.087843,0.0
2025-02-03 12:30:00.178399,0.0
2025-02-03 12:31:00.175166,0.0
2025-02-03 12:32:00.125327,0.0
2025-02-03 12:33:00.025981,0.0
2025-02-03 12:34:00.181074,0.0
2025-02-03 12:35:00.126580,0.0
2025-02-03 12:36:00.012496,0.0
2025-02-03 12:37:00.046169,0.0
2025-02-03 12:38:00.067784,0.0
2025-02-03 12:39:00.038356,0.0
2025-02-03 12:40:00.157655,0.0
2025-02-03 12:41:00.139346,0.0
2025-02-03 12:42:00.083069,0.0
2025-02-03 12:43:00.158804,0.0
2025-02-03 12:44:00.036067,0.0
2025-02-03 12:45:00.157120,0.0
2025-02-03 12:46:00.124378,0.0
2025-02-03 12:47:00.146717,0.0
2025-02-03 12:48:00.166191,0.0
2025-02-03 12:49:00.013677,0.0
2025-02-03 12:50:00.032523,0.0
2025-02-03 12:51:00.052062,0.0
2025-02-03 12:52:00.082977,0.0
2025-02-03 12:53:00.247331,0.0
2025-02-03 12:54:00.124587,0.0
2025-02-03 12:55:00.161565,0.0
2025-02-03 12:56:00.074723,0.0
2025-02-03 12:57:00.014858,0.0
2025-02-03 12:58:00.036871,0.0
2025-02-03 12:59:00.141998,0.0
2025-02-03 13:00:00.044610,0.0
2025-02-03 13:01:00.125251,0.0
2025-02-03 13:02:00.100129,0.0
2025-02-03 13:03:00.151400,0.0
2025-02-03 13:04:00.040503,0.0
2025-02-03 13:05:00.128376,0.0
2025-02-03 13:06:00.153121,0.0
2025-02-03 13:07:00.152205,0.0
2025-02-03 13:08:00.126808,0.0
2025-02-03 13:09:00.161725,0.0
2025-02-03 13:10:00.087961,0.0
2025-02-03 13:11:00.089813,0.0
2025-02-03 13:12:00.172616,0.0
2025-02-03 13:13:00.138002,0.0
2025-02-03 13:14:00.057146,0.0
2025-02-03 13:15:00.029014,0.0
2025-02-03 13:16:00.108585,0.0
2025-02-03 13:17:00.039722,0.0
2025-02-03 13:18:00.153759,0.0
2025-02-03 13:19:00.102041,0.0
2025-02-03 13:20:00.172479,0.0
2025-02-03 13:21:00.034869,0.0
2025-02-03 13:22:00.025307,0.0
2025-02-03 13:23:00.077435,0.0
2025-02-03 13:24:00.131648,0.0
2025-02-03 13:25:00.075268,0.0
2025-02-03 13:26:00.018684,0.0
2025-02-03 13:27:00.076622,0.0
2025-02-03 13:28:00.135426,0.0
2025-02-03 13:29:00.088664,0.0
2025-02-03 13:30:00.120846,0.0
2025-02-03 13:31:00.082680,0.0
2025-02-03 13:32:00.008344,0.0
2025-02-03 13:33:00.015849,0.0
2025-02-03 13:34:00.162899,0.0
2025-02-03 13:35:00.045430,0.0
2025-02-03 13:36:00.068426,0.0
2025-02-03 13:37:00.058677,0.0
2025-02-03 13:38:00.122044,0.0
2025-02-04 07:16:00.360279,57617464.0
2025-02-04 07:17:00.075251,0.0
2025-02-04 07:18:00.095448,0.0
2025-02-04 07:19:00.040280,0.0
2025-02-04 07:20:00.124453,0.0
2025-02-04 07:21:00.030054,0.0
2025-02-04 07:22:00.097153,0.0
2025-02-04 07:23:00.033382,0.0
2025-02-04 07:24:00.078391,0.0
2025-02-04 07:25:00.135415,0.0
2025-02-04 07:26:00.113584,0.0
2025-02-04 07:27:00.045932,0.0
2025-02-04 07:28:00.085513,0.0
2025-02-04 07:29:00.054847,0.0
2025-02-04 07:30:00.015376,0.0
2025-02-04 07:31:00.126066,0.0
2025-02-04 07:32:00.060832,0.0
2025-02-04 07:33:00.072951,0.0
2025-02-04 07:34:00.051157,0.0
2025-02-04 07:35:00.071410,0.0
2025-02-04 07:36:00.037203,0.0
2025-02-04 07:37:00.082468,0.0
2025-02-04 07:38:00.025080,0.0
2025-02-04 07:39:00.045510,0.0
2025-02-04 07:40:00.029447,0.0
2025-02-04 07:41:00.104369,0.0
2025-02-04 07:42:00.140375,0.0
2025-02-04 07:43:00.096292,0.0
2025-02-04 07:44:00.056134,0.0
2025-02-04 07:45:00.024970,0.0
2025-02-04 07:46:00.132343,0.0
2025-02-04 07:47:00.027538,0.0
2025-02-04 07:48:00.115583,0.0
2025-02-04 07:49:00.094808,0.0
2025-02-04 07:50:00.076745,0.0
2025-02-04 07:51:00.088928,0.0
2025-02-04 07:52:00.062642,0.0
2025-02-04 07:53:00.024084,0.0
2025-02-04 07:54:00.055165,0.0
2025-02-04 07:55:00.132384,0.0
2025-02-04 07:56:00.005540,0.0
2025-02-04 07:57:00.010943,0.0
2025-02-04 07:58:00.009033,0.0
2025-02-04 07:59:00.050744,0.0
2025-02-04 08:00:00.117775,0.0
2025-02-04 08:01:00.145443,0.0
2025-02-04 08:02:00.142869,0.0
2025-02-04 08:03:00.124917,0.0
2025-02-04 08:04:00.013688,0.0
2025-02-04 08:05:00.014612,0.0
2025-02-04 08:06:00.167916,0.0
2025-02-04 08:07:00.004059,0.0
2025-02-04 08:08:00.105784,0.0
2025-02-04 08:09:00.149732,0.0
2025-02-04 08:10:00.134965,0.0
2025-02-04 08:11:00.097316,0.0
2025-02-04 08:12:00.167276,0.0
2025-02-04 08:13:00.029026,0.0
2025-02-04 08:14:00.063911,0.0
2025-02-04 08:15:00.018536,0.0
2025-02-04 08:16:00.046504,0.0
2025-02-04 08:17:00.159597,0.0
2025-02-04 08:18:00.041990,0.0
2025-02-04 08:19:00.020987,0.0
2025-02-04 08:20:00.120258,0.0
2025-02-04 08:21:00.071845,0.0
2025-02-04 08:22:00.130553,0.0
2025-02-04 08:23:00.078654,0.0
2025-02-04 08:24:00.009026,0.0
2025-02-04 08:25:00.046046,0.0
2025-02-04 08:26:00.052228,0.0
2025-02-04 08:27:00.094588,0.0
2025-02-04 08:28:00.121966,0.0
2025-02-04 08:29:00.076585,0.0
2025-02-04 08:30:00.152239,0.0
2025-02-04 08:31:00.006607,0.0
2025-02-04 08:32:00.089542,0.0
2025-02-04 08:33:00.135745,0.0
2025-02-04 08:34:00.095573,0.0
2025-02-04 08:35:00.027307,0.0
2025-02-04 08:36:00.052840,0.0
2025-02-04 08:37:00.040033,0.0
2025-02-04 08:38:00.173746,0.0
2025-02-04 08:39:00.131117,0.0
2025-02-04 08:40:00.183056,0.0
2025-02-04 08:41:00.041138,0.0
2025-02-04 08:42:00.190725,0.0
2025-02-04 08:43:00.051805,0.0
2025-02-04 08:44:00.161385,0.0
2025-02-04 08:45:00.011205,0.0
2025-02-04 08:46:00.031657,0.0
2025-02-04 08:47:00.163534,0.0
2025-02-04 08:48:00.120645,0.0
2025-02-04 08:49:00.100341,0.0
2025-02-04 08:50:00.125600,0.0
2025-02-04 08:51:00.005026,0.0
2025-02-04 08:52:00.068277,0.0
2025-02-04 08:53:00.068555,0.0
2025-02-04 08:54:00.160920,0.0
2025-02-04 08:55:00.116737,0.0
2025-02-04 08:56:00.162315,0.0
2025-02-04 08:57:00.172537,0.0
2025-02-04 08:58:00.078064,0.0
2025-02-04 08:59:00.011691,0.0
2025-02-04 09:00:00.109377,0.0
2025-02-04 09:01:00.101248,0.0
2025-02-04 09:02:00.103957,0.0
2025-02-04 09:03:00.045786,0.0
2025-02-04 09:04:00.161095,0.0
2025-02-04 09:05:00.113328,0.0
2025-02-04 09:06:00.064878,0.0
2025-02-04 09:07:00.117070,0.0
2025-02-04 09:08:00.007951,0.0
2025-02-04 09:09:00.058133,0.0
2025-02-04 09:10:00.157922,0.0
2025-02-04 09:11:00.017206,0.0
2025-02-04 09:12:00.114969,0.0
2025-02-04 09:13:00.085828,0.0
2025-02-04 09:14:00.127849,0.0
2025-02-04 09:15:00.123700,0.0
2025-02-04 09:16:00.204957,0.0
2025-02-04 09:17:00.082975,0.0
2025-02-04 09:18:00.015425,0.0
2025-02-04 09:19:00.044442,0.0
2025-02-04 09:20:00.149623,0.0
2025-02-04 09:21:00.024866,0.0
2025-02-04 09:22:00.027081,0.0
2025-02-04 09:23:00.143933,0.0
2025-02-04 09:24:00.128863,0.0
2025-02-04 09:25:00.087669,0.0
2025-02-04 09:26:00.128210,0.0
2025-02-04 09:27:00.113296,0.0
2025-02-04 09:28:00.079012,0.0
2025-02-04 09:29:00.120733,0.0
2025-02-04 09:30:00.029336,0.0
2025-02-04 09:31:00.049665,0.0
2025-02-04 09:32:00.031382,0.0
2025-02-04 09:33:00.063262,0.0
2025-02-04 09:34:00.056550,0.0
2025-02-04 09:35:00.134123,0.0
2025-02-04 09:36:00.175300,0.0
2025-02-04 09:37:00.028259,0.0
2025-02-04 09:38:00.048638,0.0
2025-02-04 09:39:00.106103,0.0
2025-02-04 09:40:00.038867,0.0
2025-02-04 09:41:00.085965,0.0
2025-02-04 09:42:00.120502,0.0
2025-02-04 09:43:00.068657,0.0
2025-02-04 09:44:00.102451,0.0
2025-02-04 09:45:00.141178,0.0
2025-02-04 09:46:00.083593,0.0
2025-02-04 09:47:00.050328,0.0
2025-02-04 09:48:00.045744,0.0
2025-02-04 09:49:00.066572,0.0
2025-02-04 09:50:00.033192,0.0
2025-02-04 09:51:00.142977,0.0
2025-02-04 09:52:00.121398,0.0
2025-02-04 09:53:00.109321,0.0
2025-02-04 09:54:00.019885,0.0
2025-02-04 09:55:00.064125,0.0
2025-02-04 09:56:00.140766,0.0
2025-02-04 09:57:00.175082,0.0
2025-02-04 09:58:00.131935,0.0
2025-02-04 09:59:00.113695,0.0
2025-02-04 10:00:00.039175,0.0
2025-02-04 10:01:00.150586,0.0
2025-02-04 10:02:00.068888,0.0
2025-02-04 10:03:00.128016,0.0
2025-02-04 10:04:00.099228,0.0
2025-02-04 10:05:00.125910,0.0
2025-02-04 10:06:00.140813,0.0
2025-02-04 10:07:00.046255,0.0
2025-02-04 10:08:00.114361,0.0
2025-02-04 10:09:00.056356,0.0
2025-02-04 10:10:00.047050,0.0
2025-02-04 10:11:00.167703,0.0
2025-02-04 10:12:00.031163,0.0
2025-02-04 10:13:00.185112,0.0
2025-02-04 10:14:00.054277,0.0
2025-02-04 10:15:00.106405,0.0
2025-02-04 10:16:00.141169,0.0
2025-02-04 10:17:00.056471,0.0
2025-02-04 10:18:00.138373,0.0
2025-02-04 10:19:00.162763,0.0
2025-02-04 10:20:00.047466,0.0
2025-02-04 10:21:00.026918,0.0
2025-02-04 10:22:00.115351,0.0
2025-02-04 10:23:00.139483,0.0
2025-02-04 10:24:00.101969,0.0
2025-02-04 10:25:00.142411,0.0
2025-02-04 10:26:00.013682,0.0
2025-02-04 10:27:00.030255,0.0
2025-02-04 10:28:00.020044,0.0
2025-02-04 10:29:00.183319,0.0
2025-02-04 10:30:00.152938,0.0
2025-02-04 10:31:00.160617,0.0
2025-02-04 10:32:00.011338,0.0
2025-02-04 10:33:00.075879,0.0
2025-02-04 10:34:00.134558,0.0
2025-02-04 10:35:00.106517,0.0
2025-02-04 10:36:00.166761,0.0
2025-02-04 10:37:00.068787,0.0
2025-02-04 10:38:00.163026,0.0
2025-02-04 10:39:00.021001,0.0
2025-02-04 10:40:00.072494,0.0
2025-02-04 10:41:00.144127,0.0
2025-02-04 10:42:00.055091,0.0
2025-02-04 10:43:00.169217,0.0
2025-02-04 10:44:00.033262,0.0
2025-02-04 10:45:00.038521,0.0
2025-02-04 10:46:00.025076,0.0
2025-02-04 10:47:00.085888,0.0
2025-02-04 10:48:00.036461,0.0
2025-02-04 10:49:00.033216,0.0
2025-02-04 10:50:00.151363,0.0
2025-02-04 10:51:00.049304,0.0
2025-02-04 10:52:00.040565,0.0
2025-02-04 10:53:00.029385,0.0
2025-02-04 10:54:00.048522,0.0
2025-02-04 10:55:00.092887,0.0
2025-02-04 10:56:00.163456,0.0
2025-02-04 10:57:00.036471,0.0
2025-02-04 10:58:00.041854,0.0
2025-02-04 10:59:00.014685,0.0
2025-02-04 11:00:00.005189,0.0
2025-02-04 11:01:00.090015,0.0
2025-02-04 11:02:00.110223,0.0
2025-02-04 11:03:00.011653,0.0
2025-02-04 11:04:00.058638,0.0
2025-02-04 11:05:00.149497,0.0
2025-02-04 11:06:00.012044,0.0
2025-02-04 11:07:00.082048,0.0
2025-02-04 11:08:00.025976,0.0
2025-02-04 11:09:00.076818,0.0
2025-02-04 11:10:00.164363,0.0
2025-02-04 11:11:00.077929,0.0
2025-02-04 11:12:00.034716,0.0
2025-02-04 11:13:00.130400,0.0
2025-02-04 11:14:00.110084,0.0
2025-02-04 11:15:00.073606,0.0
2025-02-04 11:16:00.043159,0.0
2025-02-04 11:17:00.104457,0.0
2025-02-04 11:18:00.085646,0.0
2025-02-04 11:19:00.107653,0.0
2025-02-04 11:20:00.104590,0.0
2025-02-04 11:21:00.148288,0.0
2025-02-04 11:22:00.036099,0.0
2025-02-04 11:23:00.030719,0.0
2025-02-04 11:24:00.045237,0.0
2025-02-04 11:25:00.162440,0.0
2025-02-04 11:26:00.138858,0.0
2025-02-04 11:27:00.150243,0.0
2025-02-04 11:28:00.046249,0.0
2025-02-04 11:29:00.132659,0.0
2025-02-04 11:30:00.149475,0.0
2025-02-04 11:31:00.140017,0.0
2025-02-04 11:32:00.132231,0.0
2025-02-04 11:33:00.159583,0.0
2025-02-04 11:34:00.033230,0.0
2025-02-04 11:35:00.065188,0.0
2025-02-04 11:36:00.082391,0.0
2025-02-04 11:37:00.056147,0.0
2025-02-04 11:38:00.025335,0.0
2025-02-04 11:39:00.086091,0.0
2025-02-04 11:40:00.009827,0.0
2025-02-04 11:41:00.145637,0.0
2025-02-04 11:42:00.056087,0.0
2025-02-04 11:43:00.166065,0.0
2025-02-04 11:44:00.169545,0.0
2025-02-04 11:45:00.043430,0.0
2025-02-04 11:46:00.090069,0.0
2025-02-04 11:47:00.044593,0.0
2025-02-04 11:48:00.082754,0.0
2025-02-04 11:49:00.162265,0.0
2025-02-04 11:50:00.112235,0.0
2025-02-04 11:51:00.160629,0.0
2025-02-04 11:52:00.174754,0.0
2025-02-04 11:53:00.045255,0.0
2025-02-04 11:54:00.106244,0.0
2025-02-04 11:55:00.155707,0.0
2025-02-04 11:56:00.062519,0.0
2025-02-04 11:57:00.092306,0.0
2025-02-04 11:58:00.025816,0.0
2025-02-04 11:59:00.012457,0.0
2025-02-04 12:00:00.074080,0.0
2025-02-04 12:01:00.070742,0.0
2025-02-04 12:02:00.051553,0.0
2025-02-04 12:03:00.089553,0.0
2025-02-04 12:04:00.141600,0.0
2025-02-04 12:05:00.160610,0.0
2025-02-04 12:06:00.157446,0.0
2025-02-04 12:07:00.057129,0.0
2025-02-04 12:08:00.099698,0.0
2025-02-04 12:09:00.038493,0.0
2025-02-04 12:10:00.160744,0.0
2025-02-04 12:11:00.037232,0.0
2025-02-04 12:12:00.090533,0.0
2025-02-04 12:13:00.009005,0.0
2025-02-04 12:14:00.162465,0.0
2025-02-04 12:15:00.173048,0.0
2025-02-04 12:16:00.159795,0.0
2025-02-04 12:17:00.095766,0.0
2025-02-04 12:18:00.070217,0.0
2025-02-04 12:19:00.151402,0.0
2025-02-04 12:20:00.071972,0.0
2025-02-04 12:21:00.087756,0.0
2025-02-04 12:22:00.157225,0.0
2025-02-04 12:23:00.052945,0.0
2025-02-04 12:24:00.017482,0.0
2025-02-04 12:25:00.139843,0.0
2025-02-04 12:26:00.136043,0.0
2025-02-04 12:27:00.055077,0.0
2025-02-04 12:28:00.122535,0.0
2025-02-04 12:29:00.051043,0.0
2025-02-04 12:30:00.066307,0.0
2025-02-04 12:31:00.130059,0.0
2025-02-04 12:32:00.106738,0.0
2025-02-04 12:33:00.019982,0.0
2025-02-04 12:34:00.118423,0.0
2025-02-04 12:35:00.101379,0.0
2025-02-04 12:36:00.147008,0.0
2025-02-04 12:37:00.184064,0.0
2025-02-04 12:38:00.082403,0.0
2025-02-04 12:39:00.065936,0.0
2025-02-04 12:40:00.110950,0.0
2025-02-04 12:41:00.103106,0.0
2025-02-04 12:42:00.101511,0.0
2025-02-04 12:43:00.142692,0.0
2025-02-04 12:44:00.070561,0.0
2025-02-04 12:45:00.112402,0.0
2025-02-04 12:46:00.169946,0.0
2025-02-04 12:47:00.036993,0.0
2025-02-04 12:48:00.158160,0.0
2025-02-04 12:49:00.010621,0.0
2025-02-04 12:50:00.012339,0.0
2025-02-04 12:51:00.093104,0.0
2025-02-04 12:52:00.148680,0.0
2025-02-04 12:53:00.147332,0.0
2025-02-04 12:54:00.046585,0.0
2025-02-04 12:55:00.169359,0.0
2025-02-04 12:56:00.146982,0.0
2025-02-04 12:57:00.121190,0.0
2025-02-04 12:58:00.055048,0.0
2025-02-04 12:59:00.072708,0.0
2025-02-04 13:00:00.140963,0.0
2025-02-04 13:01:00.091857,0.0
2025-02-04 13:02:00.092831,0.0
2025-02-04 13:03:00.157294,0.0
2025-02-04 13:04:00.081485,0.0
2025-02-04 13:05:00.093233,0.0
2025-02-04 13:06:00.089277,0.0
2025-02-04 13:07:00.149278,0.0
2025-02-04 13:08:00.087724,0.0
2025-02-04 13:09:00.054597,0.0
2025-02-04 13:10:00.153279,0.0
2025-02-04 13:11:00.152392,0.0
2025-02-04 13:12:00.121240,0.0
2025-02-04 13:13:00.040981,0.0
2025-02-04 13:14:00.105645,0.0
2025-02-04 13:15:00.132118,0.0
2025-02-04 13:16:00.179653,0.0
2025-02-04 13:17:00.173340,0.0
2025-02-04 13:18:00.069899,0.0
2025-02-04 13:19:00.140746,0.0
2025-02-04 13:20:00.130861,0.0
2025-02-04 13:21:00.119750,0.0
2025-02-04 13:22:00.107791,0.0
2025-02-04 13:23:00.041307,0.0
2025-02-04 13:24:00.140176,0.0
2025-02-04 13:25:00.057077,0.0
2025-02-04 13:26:00.081458,0.0
2025-02-04 13:27:00.146789,0.0
2025-02-04 13:28:00.037573,0.0
2025-02-04 13:29:00.006008,0.0
2025-02-04 13:30:00.026216,0.0
2025-02-04 13:31:00.037539,0.0
2025-02-04 13:32:00.088661,0.0
2025-02-04 13:33:00.175015,0.0
2025-02-04 13:34:00.018319,0.0
2025-02-04 13:35:00.117478,0.0
2025-02-04 13:36:00.005535,0.0
2025-02-04 13:37:00.036952,0.0
2025-02-04 13:38:00.121623,0.0
2025-02-04 13:39:00.194065,0.0
2025-02-04 13:40:00.041107,0.0
2025-02-04 13:41:00.035285,0.0
2025-02-04 13:42:00.007886,0.0
2025-02-04 13:43:00.045559,0.0
2025-02-04 13:44:00.125919,0.0
2025-02-04 13:45:00.064043,0.0
2025-02-04 13:46:00.070737,0.0
2025-02-04 13:47:00.057452,0.0
2025-02-04 13:48:00.069112,0.0
2025-02-04 13:49:00.064122,0.0
2025-02-04 13:50:00.110539,0.0
2025-02-04 13:51:00.126299,0.0
2025-02-04 13:52:00.050647,0.0
2025-02-04 13:53:00.080941,0.0
2025-02-04 13:54:00.139016,0.0
2025-02-04 13:55:00.032828,0.0
2025-02-04 13:56:00.071498,0.0
2025-02-04 13:57:00.026272,0.0
2025-02-04 13:58:00.026069,0.0
2025-02-04 13:59:00.073214,0.0
2025-02-04 14:00:00.029465,0.0
2025-02-04 14:01:00.009019,0.0
2025-02-04 14:02:00.135579,0.0
2025-02-04 14:03:00.037206,0.0
2025-02-04 14:04:00.091846,0.0
2025-02-04 14:05:00.022953,0.0
2025-02-04 14:06:00.005375,0.0
2025-02-04 14:07:00.110883,0.0
2025-02-04 14:08:00.158646,0.0
2025-02-04 14:09:00.119954,0.0
2025-02-04 14:10:00.149538,0.0
2025-02-04 14:11:00.152662,0.0
2025-02-04 14:12:00.074504,0.0
2025-02-04 14:13:00.050906,0.0
2025-02-04 14:14:00.141451,0.0
2025-02-04 14:15:00.055302,0.0
2025-02-04 14:16:00.158647,0.0
2025-02-04 14:17:00.093980,0.0
2025-02-04 14:18:00.125774,0.0
2025-02-04 14:19:00.116704,0.0
2025-02-04 14:20:00.078490,0.0
2025-02-04 14:21:00.086206,0.0
2025-02-04 14:22:00.133551,0.0
2025-02-04 14:23:00.113345,0.0
2025-02-04 14:24:00.091314,0.0
2025-02-04 14:25:00.053991,0.0
2025-02-04 14:26:00.109493,0.0
2025-02-04 14:27:00.055649,0.0
2025-02-04 14:28:00.099773,0.0
2025-02-04 14:29:00.015495,0.0
2025-02-04 14:30:00.114930,0.0
2025-02-04 14:31:00.005789,0.0
2025-02-04 14:32:00.048174,0.0
2025-02-04 14:33:00.141018,0.0
2025-02-04 14:34:00.114149,0.0
2025-02-04 14:35:00.060404,0.0
2025-02-04 14:36:00.015902,0.0
2025-02-04 14:37:00.064143,0.0
2025-02-04 14:38:00.008601,0.0
2025-02-04 14:39:00.119212,0.0
2025-02-04 14:40:00.115080,0.0
2025-02-04 14:41:00.092385,0.0
2025-02-04 14:42:00.147996,0.0
2025-02-04 14:43:00.067556,0.0
2025-02-04 14:44:00.131150,0.0
2025-02-04 14:45:00.073088,0.0
2025-02-04 14:46:00.168287,0.0
2025-02-04 14:47:00.084372,0.0
2025-02-04 14:48:00.068438,0.0
2025-02-04 14:49:00.059008,0.0
2025-02-04 14:50:00.012144,0.0
2025-02-04 14:51:00.039352,0.0
2025-02-04 14:52:00.164694,0.0
2025-02-04 14:53:00.009661,0.0
2025-02-04 14:54:00.018304,0.0
2025-02-04 14:55:00.074159,0.0
2025-02-04 14:56:00.121438,0.0
2025-02-04 14:57:00.015982,0.0
2025-02-04 14:58:00.054586,0.0
2025-02-04 14:59:00.141030,0.0
2025-02-04 15:00:00.040100,0.0
2025-02-04 15:01:00.100753,0.0
2025-02-04 15:02:00.161363,0.0
2025-02-04 15:03:00.049392,0.0
2025-02-04 15:04:00.151808,0.0
2025-02-04 15:05:00.121817,0.0
2025-02-04 15:06:00.020720,0.0
2025-02-04 15:07:00.133811,0.0
2025-02-04 15:08:00.062956,0.0
2025-02-04 15:09:00.018716,0.0
2025-02-04 15:10:00.145632,0.0
2025-02-04 15:11:00.179580,0.0
2025-02-04 15:12:00.115830,0.0
2025-02-04 15:13:00.143581,0.0
2025-02-04 15:14:00.141712,0.0
2025-02-04 15:15:00.038556,0.0
2025-02-04 15:16:00.057327,0.0
2025-02-04 15:17:00.101885,0.0
2025-02-04 15:18:00.030662,0.0
2025-02-04 15:19:00.034216,0.0
2025-02-04 15:20:00.022268,0.0
2025-02-04 15:21:00.166614,0.0
2025-02-04 15:22:00.044946,0.0
2025-02-04 15:23:00.145854,0.0
2025-02-04 15:24:00.049660,0.0
2025-02-04 15:25:00.134824,0.0
2025-02-04 15:26:00.132494,0.0
2025-02-04 15:27:00.165815,0.0
2025-02-04 15:28:00.053083,0.0
2025-02-04 15:29:00.153759,0.0
2025-02-04 15:30:00.040614,0.0
2025-02-04 15:31:00.017871,0.0
2025-02-04 15:32:00.099718,0.0
2025-02-04 15:33:00.142445,0.0
2025-02-04 15:34:00.051239,0.0
2025-02-04 15:35:00.085791,0.0
2025-02-04 15:36:00.122785,0.0
2025-02-04 15:37:00.100279,0.0
2025-02-04 15:38:00.053089,0.0
2025-02-04 15:39:00.086331,0.0
2025-02-04 15:40:00.031816,0.0
2025-02-04 15:41:00.116548,0.0
2025-02-04 15:42:00.172532,0.0
2025-02-04 15:43:00.057009,0.0
2025-02-04 15:44:00.087216,0.0
2025-02-04 15:45:00.082712,0.0
2025-02-04 15:46:00.112992,0.0
2025-02-04 15:47:00.169045,0.0
2025-02-04 15:48:00.191276,0.0
2025-02-04 15:49:00.107811,0.0
2025-02-04 15:50:00.008013,0.0
2025-02-04 15:51:00.156026,0.0
2025-02-04 15:52:00.039962,0.0
2025-02-04 15:53:00.082325,0.0
2025-02-04 15:54:00.038546,0.0
2025-02-04 15:55:00.069729,0.0
2025-02-04 15:56:00.100120,0.0
2025-02-04 15:57:00.029831,0.0
2025-02-04 15:58:00.013387,0.0
2025-02-04 15:59:00.029304,0.0
2025-02-04 16:00:00.119007,0.0
2025-02-04 16:01:00.115336,0.0
2025-02-04 16:02:00.180484,0.0
2025-02-04 16:03:00.017500,0.0
2025-02-04 16:04:00.152878,0.0
2025-02-04 16:05:00.114065,0.0
2025-02-04 16:06:00.090931,0.0
2025-02-04 16:07:00.157651,0.0
2025-02-04 16:08:00.075807,0.0
2025-02-04 16:09:00.043108,0.0
2025-02-04 16:10:00.057221,0.0
2025-02-04 16:11:00.131070,0.0
2025-02-04 16:12:00.133860,0.0
2025-02-04 16:13:00.095384,0.0
2025-02-04 16:14:00.063594,0.0
2025-02-04 16:15:00.072015,0.0
2025-02-04 16:16:00.006792,0.0
2025-02-04 16:17:00.127699,0.0
2025-02-04 16:18:00.012756,0.0
2025-02-04 16:19:00.123050,0.0
2025-02-04 16:20:00.119092,0.0
2025-02-04 16:21:00.143725,0.0
2025-02-04 16:22:00.067856,0.0
2025-02-04 16:23:00.152103,0.0
2025-02-04 16:24:00.162658,0.0
2025-02-04 16:25:00.161582,0.0
2025-02-04 16:26:00.134441,0.0
2025-02-04 16:27:00.061367,0.0
2025-02-04 16:28:00.050263,0.0
2025-02-04 16:29:00.023521,0.0
2025-02-04 16:30:00.062560,0.0
2025-02-04 16:31:00.008466,0.0
2025-02-04 16:32:00.091828,0.0
2025-02-04 16:33:00.052264,0.0
2025-02-04 16:34:00.078138,0.0
2025-02-04 16:35:00.132238,0.0
2025-02-04 16:36:00.093824,0.0
2025-02-04 16:37:00.090848,0.0
2025-02-04 16:38:00.170462,0.0
2025-02-04 16:39:00.155949,0.0
2025-02-04 16:40:00.017256,0.0
2025-02-04 16:41:00.093200,0.0
2025-02-04 16:42:00.061015,0.0
2025-02-04 16:43:00.117028,0.0
2025-02-04 16:44:00.102749,0.0
2025-02-04 16:45:00.009974,0.0
2025-02-04 16:46:00.013674,0.0
2025-02-04 16:47:00.049635,0.0
2025-02-04 16:48:00.122018,0.0
2025-02-04 16:49:00.096538,0.0
2025-02-04 16:50:00.060364,0.0
2025-02-04 16:51:00.051378,0.0
2025-02-04 16:52:00.044028,0.0
2025-02-04 16:53:00.112661,0.0
2025-02-04 16:54:00.022019,0.0
2025-02-04 16:55:00.126613,0.0
2025-02-04 16:56:00.013530,0.0
2025-02-04 16:57:00.064254,0.0
2025-02-04 16:58:00.118318,0.0
2025-02-04 16:59:00.086417,0.0
2025-02-04 17:00:00.138650,0.0
2025-02-04 17:01:00.176350,0.0
2025-02-04 17:02:00.100425,0.0
2025-02-04 17:03:00.113538,0.0
2025-02-04 17:04:00.008052,0.0
2025-02-04 17:05:00.074396,0.0
2025-02-04 17:06:00.116807,0.0
2025-02-04 17:07:00.187894,0.0
2025-02-04 17:08:00.090086,0.0
2025-02-04 17:09:00.018596,0.0
2025-02-04 17:10:00.132722,0.0
2025-02-04 17:11:00.149658,0.0
2025-02-04 17:12:00.132349,0.0
2025-02-04 17:13:00.121827,0.0
2025-02-04 17:14:00.147670,0.0
2025-02-04 17:15:00.146224,0.0
2025-02-04 17:16:00.015591,0.0
2025-02-04 17:17:00.010823,0.0
2025-02-04 17:18:00.108029,0.0
2025-02-04 17:19:00.121790,0.0
2025-02-04 17:20:00.054697,0.0
2025-02-04 17:21:00.115648,0.0
2025-02-04 17:22:00.091986,0.0
2025-02-04 17:23:00.044794,0.0
2025-02-04 17:24:00.030613,0.0
2025-02-04 17:25:00.012592,0.0
2025-02-04 17:26:00.023135,0.0
2025-02-04 17:27:00.021351,0.0
2025-02-04 17:28:00.125894,0.0
2025-02-04 17:29:00.126900,0.0
2025-02-04 17:30:00.144508,0.0
2025-02-04 17:31:00.101046,0.0
2025-02-04 17:32:00.036727,0.0
2025-02-04 17:33:00.110184,0.0
2025-02-04 17:34:00.135087,0.0
2025-02-04 17:35:00.135160,0.0
2025-02-04 17:36:00.032804,0.0
2025-02-04 17:37:00.048642,0.0
2025-02-04 17:38:00.048227,0.0
2025-02-04 17:39:00.152440,0.0
2025-02-04 17:40:00.133063,0.0
2025-02-04 17:41:00.165876,0.0
2025-02-04 17:42:00.095370,0.0
2025-02-04 17:43:00.071547,0.0
2025-02-04 17:44:00.144333,0.0
2025-02-04 17:45:00.010758,0.0
2025-02-04 17:46:00.085131,0.0
2025-02-04 17:47:00.162327,0.0
2025-02-04 17:48:00.034313,0.0
2025-02-04 17:49:00.030715,0.0
2025-02-04 17:50:00.155290,0.0
2025-02-04 17:51:00.058258,0.0
2025-02-04 17:52:00.114207,0.0
2025-02-04 17:53:00.036666,0.0
2025-02-04 17:54:00.019404,0.0
2025-02-04 17:55:00.058158,0.0
2025-02-04 17:56:00.133004,0.0
2025-02-04 17:57:00.158288,0.0
2025-02-04 17:58:00.062359,0.0
2025-02-04 17:59:00.031727,0.0
2025-02-04 18:00:00.161828,0.0
2025-02-04 18:01:00.078550,0.0
2025-02-04 18:02:00.130316,0.0
2025-02-04 18:03:00.039538,0.0
2025-02-04 18:04:00.067435,0.0
2025-02-04 18:05:00.137641,0.0
2025-02-04 18:06:00.105876,0.0
2025-02-04 18:07:00.170415,0.0
2025-02-04 18:08:00.141200,0.0
2025-02-04 18:09:00.066224,0.0
2025-02-04 18:10:00.165563,0.0
2025-02-04 18:11:00.159942,0.0
2025-02-04 18:12:00.168569,0.0
2025-02-04 18:13:00.024851,0.0
2025-02-04 18:14:00.093502,0.0
2025-02-04 18:15:00.140994,0.0
2025-02-04 18:16:00.064214,0.0
2025-02-04 18:17:00.134446,0.0
2025-02-04 18:18:00.159642,0.0
2025-02-04 18:19:00.050766,0.0
2025-02-04 18:20:00.036152,0.0
2025-02-04 18:21:00.143160,0.0
2025-02-04 18:22:00.044604,0.0
2025-02-04 18:23:00.071666,0.0
2025-02-04 18:24:00.052832,0.0
2025-02-04 18:25:00.173005,0.0
2025-02-04 18:26:00.113330,0.0
2025-02-04 18:27:00.116205,0.0
2025-02-04 18:28:00.055187,0.0
2025-02-04 18:29:00.152874,0.0
2025-02-04 18:30:00.106374,0.0
2025-02-04 18:31:00.021355,0.0
2025-02-04 18:32:00.035782,0.0
2025-02-04 18:33:00.132106,0.0
2025-02-04 18:34:00.085454,0.0
2025-02-04 18:35:00.056557,0.0
2025-02-04 18:36:00.112707,0.0
2025-02-04 18:37:00.055085,0.0
2025-02-04 18:38:00.018043,0.0
2025-02-04 18:39:00.145706,0.0
2025-02-04 18:40:00.102894,0.0
2025-02-04 18:41:00.053207,0.0
2025-02-04 18:42:00.074747,0.0
2025-02-04 18:43:00.142367,0.0
2025-02-04 18:44:00.120392,0.0
2025-02-04 18:45:00.141630,0.0
2025-02-04 18:46:00.028292,0.0
2025-02-04 18:47:00.105809,0.0
2025-02-04 18:48:00.136980,0.0
2025-02-04 18:49:00.008204,0.0
2025-02-04 18:50:00.104915,0.0
2025-02-04 18:51:00.111151,0.0
2025-02-04 18:52:00.169277,0.0
2025-02-04 18:53:00.071883,0.0
2025-02-04 18:54:00.145427,0.0
2025-02-04 18:55:00.058889,0.0
2025-02-04 18:56:00.007013,0.0
2025-02-04 18:57:00.154139,0.0
2025-02-04 18:58:00.086530,0.0
2025-02-04 18:59:00.109050,0.0
2025-02-04 19:00:00.136784,0.0
2025-02-04 19:01:00.135612,0.0
2025-02-04 19:02:00.163218,0.0
2025-02-04 19:03:00.175432,0.0
2025-02-04 19:04:00.011785,0.0
2025-02-04 19:05:00.085780,0.0
2025-02-04 19:06:00.066459,0.0
2025-02-04 19:07:00.181563,0.0
2025-02-04 19:08:00.053127,0.0
2025-02-04 19:09:00.078330,0.0
2025-02-04 19:10:00.065910,0.0
2025-02-04 19:11:00.163406,0.0
2025-02-04 19:12:00.038499,0.0
2025-02-04 19:13:00.159503,0.0
2025-02-04 19:14:00.022251,0.0
2025-02-04 19:15:00.092598,0.0
2025-02-04 19:16:00.200273,0.0
2025-02-04 19:17:00.067781,0.0
2025-02-04 19:18:00.116034,0.0
2025-02-04 19:19:00.044415,0.0
2025-02-04 19:20:00.135685,240.0
2025-02-04 19:21:00.007920,208.0
2025-02-04 19:22:00.055897,212.0
2025-02-04 19:23:00.171687,316.0
2025-02-04 19:24:00.069066,208.0
2025-02-04 19:25:00.084878,0.0
2025-02-04 19:26:00.026076,0.0
2025-02-04 19:27:00.072741,0.0
2025-02-04 19:28:00.148427,320.0
2025-02-04 19:29:00.059764,212.0
2025-02-04 19:30:00.112448,316.0
2025-02-04 19:31:00.015754,208.0
2025-02-04 19:32:00.092693,316.0
2025-02-04 19:33:00.177586,212.0
2025-02-04 19:34:00.065881,312.0
2025-02-04 19:35:00.152127,212.0
2025-02-04 19:36:00.079281,312.0
2025-02-04 19:37:00.054986,212.0
2025-02-04 19:38:00.015895,312.0
2025-02-04 19:39:00.151018,220.0
2025-02-04 19:40:00.114693,312.0
2025-02-04 19:41:00.146969,212.0
2025-02-04 19:42:00.181924,212.0
2025-02-04 19:43:00.024560,320.0
2025-02-04 19:44:00.056609,212.0
2025-02-04 19:45:00.031940,312.0
2025-02-04 19:46:00.114183,212.0
2025-02-04 19:47:00.126137,312.0
2025-02-04 19:48:00.144373,212.0
2025-02-04 19:49:00.136948,312.0
2025-02-04 19:50:00.171959,212.0
2025-02-04 19:51:00.091393,320.0
2025-02-04 19:52:00.137596,212.0
2025-02-04 19:53:00.168805,312.0
2025-02-04 19:54:00.019702,212.0
2025-02-04 20:26:00.244182,0.0
2025-02-04 20:27:00.016252,0.0
2025-02-04 20:28:00.016963,0.0
2025-02-04 20:29:00.121485,0.0
2025-02-04 20:30:00.101670,0.0
2025-02-04 20:31:00.125039,0.0
2025-02-04 20:32:00.102734,0.0
2025-02-04 20:33:00.097772,0.0
2025-02-04 20:34:00.058415,0.0
2025-02-04 20:35:00.052806,0.0
2025-02-04 20:36:00.058627,57625920.0
2025-02-04 20:37:00.109342,0.0
2025-02-04 20:38:00.032785,116.0
2025-02-04 20:39:00.102513,224.0
2025-02-04 20:40:00.073048,244.0
2025-02-04 20:41:00.131102,12.0
2025-02-04 20:42:00.148062,0.0
2025-02-04 20:43:00.086783,0.0
2025-02-04 20:44:00.048704,0.0
2025-02-04 20:45:00.070650,0.0
2025-02-04 20:46:00.188520,0.0
2025-02-04 20:47:00.037015,228.0
2025-02-04 20:48:00.090890,0.0
2025-02-04 20:49:00.092338,0.0
2025-02-04 20:50:00.159292,0.0
2025-02-04 20:51:00.128645,348.0
2025-02-04 20:52:00.124664,0.0
2025-02-04 20:53:00.121747,0.0
2025-02-04 20:54:00.056707,0.0
2025-02-04 20:55:00.163802,212.0
2025-02-04 20:56:00.100040,320.0
2025-02-04 20:57:00.067467,312.0
2025-02-04 20:58:00.079540,312.0
2025-02-04 20:59:00.155762,316.0
2025-02-04 21:00:00.177072,212.0
2025-02-04 21:01:00.073623,312.0
2025-02-04 21:02:00.100890,312.0
2025-02-04 21:03:00.083912,308.0
2025-02-04 21:04:00.042906,320.0
2025-02-04 21:05:00.048440,204.0
2025-02-04 21:06:00.096591,316.0
2025-02-04 21:07:00.109164,312.0
2025-02-04 21:08:00.184654,212.0
2025-02-04 21:09:00.063233,312.0
2025-02-04 21:10:00.072697,208.0
2025-02-04 21:11:00.078985,312.0
2025-02-04 21:12:00.137570,204.0
2025-02-04 21:13:00.065336,316.0
2025-02-04 21:14:00.100933,208.0
2025-02-04 21:15:00.031607,212.0
2025-02-04 21:16:00.036112,308.0
2025-02-04 21:17:00.159687,212.0
2025-02-04 21:18:00.176288,312.0
2025-02-04 21:19:00.179389,204.0
2025-02-04 21:20:00.072959,316.0
2025-02-04 21:21:00.126404,312.0
2025-02-04 21:22:00.039681,204.0
2025-02-04 21:23:00.121334,316.0
2025-02-04 21:24:00.061273,204.0
2025-02-04 21:25:00.151783,312.0
2025-02-04 21:26:00.152285,212.0
2025-02-04 21:27:00.073423,308.0
2025-02-04 21:28:00.018805,212.0
2025-02-04 21:29:00.019360,308.0
2025-02-04 21:30:00.049132,312.0
2025-02-04 21:31:00.098160,212.0
2025-02-04 21:32:00.148899,312.0
2025-02-04 21:33:00.163306,204.0
2025-02-04 21:34:00.090680,316.0
2025-02-04 21:35:00.127282,204.0
2025-02-04 21:36:00.171181,312.0
2025-02-04 21:37:00.117864,212.0
2025-02-04 21:38:00.064552,316.0
2025-02-04 21:39:00.060656,204.0
2025-02-04 21:40:00.187988,312.0
2025-02-04 21:41:00.079915,204.0
2025-02-04 21:42:00.175940,316.0
2025-02-04 21:43:00.101031,212.0
2025-02-04 21:44:00.117849,304.0
2025-02-04 21:45:00.099565,212.0
2025-02-04 21:46:00.159131,308.0
2025-02-04 21:47:00.047473,212.0
2025-02-04 21:48:00.180326,312.0
2025-02-04 21:49:00.013869,204.0
2025-02-04 21:50:00.167814,316.0
2025-02-04 21:51:00.086538,212.0
2025-02-04 21:52:00.086620,312.0
2025-02-04 21:53:00.053027,212.0
2025-02-04 21:54:00.080323,308.0
2025-02-04 21:55:00.047374,208.0
2025-02-04 21:56:00.027776,308.0
2025-02-04 21:57:00.187625,316.0
2025-02-04 21:58:00.135422,208.0
2025-02-04 21:59:00.076732,308.0
2025-02-04 22:00:00.030575,212.0
2025-02-04 22:01:00.092064,312.0
2025-02-04 22:02:00.127859,212.0
2025-02-04 22:03:00.140395,316.0
2025-02-04 22:04:00.124433,312.0
2025-02-04 22:05:00.050844,212.0
2025-02-04 22:06:00.085255,312.0
2025-02-04 22:07:00.010836,204.0
2025-02-04 22:08:00.095910,316.0
2025-02-04 22:09:00.022153,204.0
2025-02-04 22:10:00.174580,320.0
2025-02-04 22:11:00.033390,308.0
2025-02-04 22:12:00.086907,212.0
2025-02-04 22:13:00.167494,304.0
2025-02-04 22:14:00.117092,316.0
2025-02-04 22:15:00.008769,216.0
2025-02-04 22:16:00.089770,316.0
2025-02-04 22:17:00.018036,312.0
2025-02-04 22:18:00.169452,312.0
2025-02-04 22:19:00.087834,316.0
2025-02-04 22:20:00.084195,320.0
2025-02-04 22:21:00.081120,212.0
2025-02-04 22:22:00.061563,312.0
2025-02-04 22:23:00.128457,312.0
2025-02-04 22:24:00.023662,316.0
2025-02-04 22:25:00.103527,312.0
2025-02-04 22:26:00.044558,316.0
2025-02-04 22:27:00.170612,312.0
2025-02-04 22:28:00.128399,212.0
2025-02-04 22:29:00.104700,312.0
2025-02-04 22:30:00.163909,316.0
2025-02-04 22:31:00.013815,320.0
2025-02-04 22:32:00.183193,312.0
2025-02-04 22:33:00.124881,312.0
2025-02-04 22:34:00.066308,316.0
2025-02-04 22:35:00.088996,204.0
2025-02-04 22:36:00.143081,312.0
2025-02-04 22:37:00.137810,320.0
2025-02-04 22:38:00.132557,316.0
2025-02-04 22:39:00.020588,308.0
2025-02-04 22:40:00.080807,208.0
2025-02-04 22:41:00.144038,316.0
2025-02-04 22:42:00.120772,212.0
2025-02-04 22:43:00.133375,312.0
2025-02-04 22:44:00.159221,312.0
2025-02-04 22:45:00.143797,208.0
2025-02-04 22:46:00.145172,312.0
2025-02-04 22:47:00.139454,212.0
2025-02-04 22:48:00.102224,312.0
2025-02-04 22:49:00.134084,316.0
2025-02-04 22:50:00.091457,204.0
2025-02-04 22:51:00.184573,312.0
2025-02-04 22:52:00.035954,204.0
2025-02-04 22:53:00.155966,316.0
2025-02-04 22:54:00.023261,312.0
2025-02-04 22:55:00.075899,212.0
2025-02-04 22:56:00.131717,308.0
2025-02-04 22:57:00.121473,212.0
2025-02-04 22:58:00.045296,312.0
2025-02-04 22:59:00.150108,312.0
2025-02-04 23:00:00.067161,208.0
2025-02-04 23:01:00.010217,312.0
2025-02-04 23:02:00.086756,212.0
2025-02-04 23:03:00.066298,312.0
2025-02-04 23:04:00.092888,316.0
2025-02-04 23:05:00.147212,204.0
2025-02-04 23:06:00.062285,312.0
2025-02-04 23:07:00.070771,212.0
2025-02-04 23:08:00.191637,312.0
2025-02-04 23:09:00.005403,308.0
2025-02-04 23:10:00.116165,212.0
2025-02-04 23:11:00.020027,312.0
2025-02-04 23:12:00.132320,212.0
2025-02-04 23:13:00.166026,308.0
2025-02-04 23:14:00.136439,212.0
2025-02-04 23:15:00.150747,312.0
2025-02-04 23:16:00.068520,316.0
2025-02-04 23:17:00.016164,204.0
2025-02-04 23:18:00.059152,312.0
2025-02-04 23:19:00.156471,204.0
2025-02-04 23:20:00.103945,316.0
2025-02-04 23:21:00.022606,204.0
2025-02-04 23:22:00.068120,312.0
2025-02-04 23:23:00.095505,316.0
2025-02-04 23:24:00.091305,204.0
2025-02-04 23:25:00.048839,308.0
2025-02-04 23:26:00.046662,212.0
2025-02-04 23:27:00.065473,312.0
2025-02-04 23:28:00.162532,212.0
2025-02-04 23:29:00.160573,308.0
2025-02-04 23:30:00.160782,208.0
2025-02-04 23:31:00.070283,316.0
2025-02-04 23:32:00.071107,204.0
2025-02-04 23:33:00.005638,0.0
2025-02-04 23:34:00.148442,0.0
2025-02-04 23:35:00.161871,0.0
2025-02-04 23:36:00.138465,0.0
2025-02-04 23:37:00.128745,0.0
2025-02-04 23:38:00.051906,0.0
2025-02-04 23:39:00.122978,0.0
2025-02-04 23:40:00.110761,0.0
2025-02-04 23:41:00.057502,0.0
2025-02-04 23:42:00.041888,0.0
2025-02-04 23:43:00.152413,0.0
2025-02-04 23:44:00.217125,0.0
2025-02-04 23:45:00.081431,0.0
2025-02-04 23:46:00.146146,0.0
2025-02-04 23:47:00.140958,0.0
2025-02-04 23:48:00.022101,0.0
2025-02-04 23:49:00.088809,0.0
2025-02-04 23:50:00.174542,0.0
2025-02-04 23:51:00.167590,0.0
2025-02-04 23:52:00.043665,0.0
2025-02-04 23:53:00.171388,0.0
2025-02-04 23:54:00.175582,0.0
2025-02-04 23:55:00.013945,0.0
2025-02-04 23:56:00.005692,0.0
2025-02-04 23:57:00.049600,0.0
2025-02-04 23:58:00.032275,0.0
2025-02-04 23:59:00.042950,0.0
2025-02-05 00:00:00.177042,0.0
2025-02-05 00:01:00.121620,0.0
2025-02-05 00:02:00.172966,0.0
2025-02-05 00:03:00.084399,0.0
2025-02-05 00:04:00.167114,0.0
2025-02-05 00:05:00.109664,0.0
2025-02-05 00:06:00.081294,0.0
2025-02-05 00:07:00.096085,0.0
2025-02-05 00:08:00.178855,0.0
2025-02-05 00:09:00.139466,0.0
2025-02-05 00:10:00.143802,0.0
2025-02-05 00:11:00.181223,0.0
2025-02-05 00:12:00.144898,0.0
2025-02-05 00:13:00.089078,0.0
2025-02-05 00:14:00.070632,0.0
2025-02-05 00:15:00.077670,0.0
2025-02-05 00:16:00.167251,0.0
2025-02-05 00:17:00.032760,0.0
2025-02-05 00:18:00.167618,0.0
2025-02-05 00:19:00.191631,0.0
2025-02-05 00:20:00.063223,0.0
2025-02-05 00:21:00.168694,0.0
2025-02-05 00:22:00.142150,0.0
2025-02-05 00:23:00.065761,0.0
2025-02-05 00:24:00.144943,0.0
2025-02-05 00:25:00.036954,0.0
2025-02-05 00:26:00.169667,0.0
2025-02-05 00:27:00.172453,104.0
2025-02-05 00:28:00.108772,204.0
2025-02-05 00:29:00.168285,312.0
2025-02-05 00:30:00.140232,212.0
2025-02-05 00:31:00.043967,312.0
2025-02-05 00:32:00.027417,208.0
2025-02-05 00:33:00.108706,208.0
2025-02-05 00:34:00.156921,208.0
2025-02-05 00:35:00.042792,204.0
2025-02-05 00:36:00.090399,212.0
2025-02-05 00:37:00.144361,204.0
2025-02-05 00:38:00.086023,204.0
2025-02-05 00:39:00.048120,212.0
2025-02-05 00:40:00.179108,204.0
2025-02-05 00:41:00.124504,212.0
2025-02-05 00:42:00.145661,204.0
2025-02-05 00:43:00.042091,204.0
2025-02-05 00:44:00.141506,212.0
2025-02-05 00:45:00.071712,204.0
2025-02-05 00:46:00.101358,316.0
2025-02-05 00:47:00.048742,204.0
2025-02-05 00:48:00.052946,212.0
2025-02-05 00:49:00.062296,304.0
2025-02-05 00:50:00.064930,212.0
2025-02-05 00:51:00.091520,204.0
2025-02-05 00:52:00.113931,212.0
2025-02-05 00:53:00.077972,308.0
2025-02-05 00:54:00.097296,212.0
2025-02-05 00:55:00.046710,212.0
2025-02-05 00:56:00.084774,312.0
2025-02-05 00:57:00.176740,204.0
2025-02-05 00:58:00.035310,204.0
2025-02-05 00:59:00.095899,316.0
2025-02-05 01:00:00.182599,204.0
2025-02-05 01:01:00.075364,204.0
2025-02-05 01:02:00.117510,212.0
2025-02-05 01:03:00.161104,312.0
2025-02-05 01:04:00.018969,212.0
2025-02-05 01:05:00.124305,204.0
2025-02-05 01:06:00.079748,316.0
2025-02-05 01:07:00.050151,204.0
2025-02-05 01:08:00.019464,212.0
2025-02-05 01:09:00.106197,308.0
2025-02-05 01:10:00.127276,208.0
2025-02-05 01:11:00.071491,316.0
2025-02-05 01:12:00.087687,312.0
2025-02-05 01:13:00.156705,204.0
2025-02-05 01:14:00.089851,316.0
2025-02-05 01:15:00.178420,312.0
2025-02-05 01:16:00.147406,212.0
2025-02-05 01:17:00.032783,312.0
2025-02-05 01:18:00.062382,208.0
2025-02-05 01:19:00.185218,320.0
2025-02-05 01:20:00.101596,304.0
2025-02-05 01:21:00.100113,208.0
2025-02-05 01:22:00.019728,312.0
2025-02-05 01:23:00.005934,312.0
2025-02-05 01:24:00.010801,316.0
2025-02-05 01:25:00.106313,212.0
2025-02-05 01:26:00.079757,312.0
2025-02-05 01:27:00.089907,212.0
2025-02-05 01:28:00.049948,312.0
2025-02-05 01:29:00.094704,316.0
2025-02-05 01:30:00.072623,208.0
2025-02-05 01:31:00.096290,316.0
2025-02-05 01:32:00.063256,308.0
2025-02-05 01:33:00.084639,208.0
2025-02-05 01:34:00.122849,316.0
2025-02-05 01:35:00.053192,312.0
2025-02-05 01:36:00.082294,212.0
2025-02-05 01:37:00.131703,312.0
2025-02-05 01:38:00.105822,316.0
2025-02-05 01:39:00.102500,212.0
2025-02-05 01:40:00.107787,312.0
2025-02-05 01:41:00.030647,312.0
2025-02-05 01:42:00.074689,212.0
2025-02-05 01:43:00.067462,316.0
2025-02-05 01:44:00.016540,312.0
2025-02-05 01:45:00.162109,212.0
2025-02-05 01:46:00.041720,312.0
2025-02-05 01:47:00.115160,308.0
2025-02-05 01:48:00.024535,212.0
2025-02-05 01:49:00.085546,312.0
2025-02-05 01:50:00.029064,212.0
2025-02-05 01:51:00.089571,312.0
2025-02-05 01:52:00.106845,316.0
2025-02-05 01:53:00.133885,212.0
2025-02-05 01:54:00.124128,312.0
2025-02-05 01:55:00.131029,312.0
2025-02-05 01:56:00.145948,212.0
2025-02-05 01:57:00.007536,308.0
2025-02-05 01:58:00.159475,312.0
2025-02-05 01:59:00.144607,212.0
2025-02-05 02:00:00.014144,308.0
2025-02-05 02:01:00.047626,212.0
2025-02-05 02:02:00.045404,312.0
2025-02-05 02:03:00.021957,316.0
2025-02-05 02:04:00.081046,208.0
2025-02-05 02:05:00.063624,308.0
2025-02-05 02:06:00.183585,316.0
2025-02-05 02:07:00.114436,208.0
2025-02-05 02:08:00.154776,316.0
2025-02-05 02:09:00.077121,212.0
2025-02-05 02:10:00.039725,312.0
2025-02-05 02:11:00.123270,312.0
2025-02-05 02:12:00.046163,208.0
2025-02-05 02:13:00.090213,312.0
2025-02-05 02:14:00.055239,204.0
2025-02-05 02:15:00.068054,316.0
2025-02-05 02:16:00.160811,312.0
2025-02-05 02:17:00.099086,212.0
2025-02-05 02:18:00.121830,312.0
2025-02-05 02:19:00.164011,212.0
2025-02-05 02:20:00.007297,312.0
2025-02-05 02:21:00.030324,308.0
2025-02-05 02:22:00.096503,212.0
2025-02-05 02:23:00.154456,312.0
2025-02-05 02:24:00.196657,208.0
2025-02-05 02:25:00.079099,312.0
2025-02-05 02:26:00.176453,312.0
2025-02-05 02:27:00.054263,212.0
2025-02-05 02:28:00.179536,316.0
2025-02-05 02:29:00.037287,204.0
2025-02-05 02:30:00.143631,312.0
2025-02-05 02:31:00.087628,212.0
2025-02-05 02:32:00.093914,312.0
2025-02-05 02:33:00.068760,308.0
2025-02-05 02:34:00.071475,212.0
2025-02-05 02:35:00.151721,312.0
2025-02-05 02:36:00.035964,316.0
2025-02-05 02:37:00.098141,212.0
2025-02-05 02:38:00.163360,312.0
2025-02-05 02:39:00.056341,204.0
2025-02-05 02:40:00.093151,316.0
2025-02-05 02:41:00.057077,312.0
2025-02-05 02:42:00.057821,212.0
2025-02-05 02:43:00.047465,312.0
2025-02-05 02:44:00.093278,212.0
2025-02-05 02:45:00.151614,308.0
2025-02-05 02:46:00.105428,320.0
2025-02-05 02:47:00.100919,204.0
2025-02-05 02:48:00.057644,312.0
2025-02-05 02:49:00.050024,212.0
2025-02-05 02:50:00.026209,316.0
2025-02-05 02:51:00.036250,304.0
2025-02-05 02:52:00.101307,212.0
2025-02-05 02:53:00.006785,308.0
2025-02-05 02:54:00.074431,212.0
2025-02-05 02:55:00.092254,312.0
2025-02-05 02:56:00.094704,316.0
2025-02-05 02:57:00.135698,208.0
2025-02-05 02:58:00.113196,308.0
2025-02-05 02:59:00.117838,316.0
2025-02-05 03:00:00.119459,204.0
2025-02-05 03:01:00.144480,312.0
2025-02-05 03:02:00.035514,212.0
2025-02-05 03:03:00.137360,312.0
2025-02-05 03:04:00.092713,208.0
2025-02-05 03:05:00.159728,312.0
2025-02-05 03:06:00.124416,312.0
2025-02-05 03:07:00.108244,212.0
2025-02-05 03:08:00.139580,316.0
2025-02-05 03:09:00.035497,208.0
2025-02-05 03:10:00.075679,316.0
2025-02-05 03:11:00.085512,312.0
2025-02-05 03:12:00.120069,204.0
2025-02-05 03:13:00.056846,316.0
2025-02-05 03:14:00.111286,204.0
2025-02-05 03:15:00.028689,312.0
2025-02-05 03:16:00.108215,208.0
2025-02-05 03:17:00.091536,312.0
2025-02-05 03:18:00.049792,212.0
2025-02-05 03:19:00.141315,312.0
2025-02-05 03:20:00.048085,316.0
2025-02-05 03:21:00.066085,208.0
2025-02-05 03:22:00.152812,316.0
2025-02-05 03:23:00.168677,204.0
2025-02-05 03:24:00.171898,312.0
2025-02-05 03:25:00.076747,308.0
2025-02-05 03:26:00.133663,212.0
2025-02-05 03:27:00.014392,308.0
2025-02-05 03:28:00.146502,212.0
2025-02-05 03:29:00.017816,312.0
2025-02-05 03:30:00.188547,212.0
2025-02-05 03:31:00.086175,312.0
2025-02-05 03:32:00.131070,308.0
2025-02-05 03:33:00.084142,212.0
2025-02-05 03:34:00.114386,312.0
2025-02-05 03:35:00.146415,204.0
2025-02-05 03:36:00.124458,316.0
2025-02-05 03:37:00.075967,212.0
2025-02-05 03:38:00.180767,304.0
2025-02-05 03:39:00.130531,212.0
2025-02-05 03:40:00.183626,308.0
2025-02-05 03:41:00.083016,312.0
2025-02-05 03:42:00.073088,208.0
2025-02-05 03:43:00.138426,312.0
2025-02-05 03:44:00.167931,212.0
2025-02-05 03:45:00.159340,308.0
2025-02-05 03:46:00.133523,208.0
2025-02-05 03:47:00.102058,316.0
2025-02-05 03:48:00.171205,212.0
2025-02-05 03:49:00.135480,304.0
2025-02-05 03:50:00.145197,212.0
2025-02-05 03:51:00.175699,316.0
2025-02-05 03:52:00.099740,208.0
2025-02-05 03:53:00.012273,308.0
2025-02-05 03:54:00.063783,316.0
2025-02-05 03:55:00.040325,208.0
2025-02-05 03:56:00.173058,308.0
2025-02-05 03:57:00.047436,212.0
2025-02-05 03:58:00.087892,312.0
2025-02-05 03:59:00.135334,208.0
2025-02-05 04:00:00.090681,312.0
2025-02-05 04:01:00.145622,212.0
2025-02-05 04:02:00.043235,312.0
2025-02-05 04:03:00.029434,204.0
2025-02-05 04:04:00.081672,212.0
2025-02-05 04:05:00.153492,316.0
2025-02-05 04:06:00.130174,208.0
2025-02-05 04:07:00.130546,308.0
2025-02-05 04:08:00.161221,212.0
2025-02-05 04:09:00.079409,312.0
2025-02-05 04:10:00.055693,208.0
2025-02-05 04:11:00.176516,312.0
2025-02-05 04:12:00.049246,212.0
2025-02-05 04:13:00.098915,308.0
2025-02-05 04:14:00.141655,208.0
2025-02-05 04:15:00.087198,308.0
2025-02-05 04:16:00.100178,212.0
2025-02-05 04:17:00.147061,308.0
2025-02-05 04:18:00.033727,212.0
2025-02-05 04:19:00.106530,204.0
2025-02-05 04:20:00.129593,312.0
2025-02-05 04:21:00.096926,204.0
2025-02-05 04:22:00.097706,316.0
2025-02-05 04:23:00.146995,212.0
2025-02-05 04:24:00.193872,312.0
2025-02-05 04:25:00.076062,204.0
2025-02-05 04:26:00.049245,212.0
2025-02-05 04:27:00.152289,308.0
2025-02-05 04:28:00.015647,212.0
2025-02-05 04:29:00.155867,304.0
2025-02-05 04:30:00.005450,212.0
2025-02-05 04:31:00.061764,204.0
2025-02-05 04:32:00.151143,316.0
2025-02-05 04:33:00.023900,204.0
2025-02-05 04:34:00.109130,312.0
2025-02-05 04:35:00.192087,208.0
2025-02-05 04:36:00.071467,208.0
2025-02-05 04:37:00.063692,308.0
2025-02-05 04:38:00.110606,212.0
2025-02-05 04:39:00.066216,204.0
2025-02-05 04:40:00.124414,316.0
2025-02-05 04:41:00.010393,204.0
2025-02-05 04:42:00.044826,312.0
2025-02-05 04:43:00.046322,204.0
2025-02-05 04:44:00.174024,212.0
2025-02-05 04:45:00.184345,316.0
2025-02-05 04:46:00.094665,204.0
2025-02-05 04:47:00.165717,212.0
2025-02-05 04:48:00.016006,312.0
2025-02-05 04:49:00.162141,204.0
2025-02-05 04:50:00.148981,204.0
2025-02-05 04:51:00.097312,316.0
2025-02-05 04:52:00.094002,212.0
2025-02-05 04:53:00.150374,204.0
2025-02-05 04:54:00.168478,308.0
2025-02-05 04:55:00.030060,204.0
2025-02-05 04:56:00.063571,212.0
2025-02-05 04:57:00.094802,204.0
2025-02-05 04:58:00.095019,204.0
2025-02-05 04:59:00.119335,312.0
2025-02-05 05:00:00.036171,212.0
2025-02-05 05:01:00.138501,204.0
2025-02-05 05:02:00.007388,208.0
2025-02-05 05:03:00.177641,208.0
2025-02-05 05:04:00.050394,208.0
2025-02-05 05:05:00.024557,208.0
2025-02-05 05:06:00.013027,208.0
2025-02-05 05:07:00.065310,204.0
2025-02-05 05:08:00.119267,108.0
2025-02-05 05:09:00.142029,204.0
2025-02-05 05:10:00.122532,204.0
2025-02-05 05:11:00.187544,208.0
2025-02-05 05:12:00.062188,208.0
2025-02-05 05:13:00.062735,200.0
2025-02-05 05:14:00.048546,108.0
2025-02-05 05:15:00.166525,204.0
2025-02-05 05:16:00.078195,208.0
2025-02-05 05:17:00.061931,100.0
2025-02-05 05:18:00.032353,204.0
2025-02-05 05:19:00.128821,208.0
2025-02-05 05:20:00.115001,204.0
2025-02-05 05:21:00.108392,100.0
2025-02-05 05:22:00.094639,208.0
2025-02-05 05:23:00.079339,100.0
2025-02-05 05:24:00.078619,204.0
2025-02-05 05:25:00.051144,104.0
2025-02-05 05:26:00.090064,204.0
2025-02-05 05:27:00.173931,104.0
2025-02-05 05:28:00.052537,204.0
2025-02-05 05:29:00.116464,104.0
2025-02-05 05:30:00.008777,100.0
2025-02-05 05:31:00.063105,204.0
2025-02-05 05:32:00.134434,104.0
2025-02-05 05:33:00.011280,204.0
2025-02-05 05:34:00.067909,104.0
2025-02-05 05:35:00.061430,100.0
2025-02-05 05:36:00.108303,200.0
2025-02-05 05:37:00.131200,104.0
2025-02-05 05:38:00.062785,100.0
2025-02-05 05:39:00.083787,104.0
2025-02-05 05:40:00.024934,100.0
2025-02-05 05:41:00.143032,104.0
2025-02-05 05:42:00.085090,104.0
2025-02-05 05:43:00.101447,96.0
2025-02-05 05:44:00.101058,100.0
2025-02-05 05:45:00.164378,104.0
2025-02-05 05:46:00.060093,100.0
2025-02-05 05:47:00.133546,96.0
2025-02-05 05:48:00.114460,104.0
2025-02-05 05:49:00.038224,104.0
2025-02-05 05:50:00.058326,100.0
2025-02-05 05:51:00.121803,104.0
2025-02-05 05:52:00.005514,100.0
2025-02-05 05:53:00.050006,96.0
2025-02-05 05:54:00.136767,0.0
2025-02-05 05:55:00.014176,104.0
2025-02-05 05:56:00.055381,104.0
2025-02-05 05:57:00.127347,0.0
2025-02-05 05:58:00.145329,100.0
2025-02-05 05:59:00.145655,104.0
2025-02-05 06:00:00.143731,0.0
2025-02-05 06:01:00.152463,100.0
2025-02-05 06:02:00.116207,0.0
2025-02-05 06:03:00.121948,104.0
2025-02-05 06:04:00.153168,0.0
2025-02-05 06:05:00.140872,0.0
2025-02-05 06:06:00.077712,96.0
2025-02-05 06:07:00.137518,0.0
2025-02-05 06:08:00.160729,0.0
2025-02-05 06:09:00.119143,0.0
2025-02-05 06:10:00.104581,0.0
2025-02-05 06:11:00.125455,0.0
2025-02-05 06:12:00.128377,0.0
2025-02-05 06:13:00.071926,0.0
2025-02-05 06:14:00.058317,0.0
2025-02-05 06:15:00.119177,104.0
2025-02-05 06:16:00.166588,0.0
2025-02-05 06:17:00.032921,0.0
2025-02-05 06:18:00.147091,0.0
2025-02-05 06:19:00.057694,0.0
2025-02-05 06:20:00.109146,0.0
2025-02-05 06:21:00.154445,0.0
2025-02-05 06:22:00.059414,0.0
2025-02-05 06:23:00.093661,0.0
2025-02-05 06:24:00.050438,0.0
2025-02-05 06:25:00.096060,0.0
2025-02-05 06:26:00.129170,0.0
2025-02-05 06:27:00.026770,0.0
2025-02-05 06:28:00.045351,0.0
2025-02-05 06:29:00.093506,0.0
2025-02-05 06:30:00.121425,0.0
2025-02-05 06:31:00.041916,0.0
2025-02-05 06:32:00.171511,0.0
2025-02-05 06:33:00.131409,0.0
2025-02-05 06:34:00.097003,0.0
2025-02-05 06:35:00.137834,0.0
2025-02-05 06:36:00.138157,0.0
2025-02-05 06:37:00.086684,0.0
2025-02-05 06:38:00.112079,0.0
2025-02-05 06:39:00.140900,0.0
2025-02-05 06:40:00.137499,0.0
2025-02-05 06:41:00.110055,0.0
2025-02-05 06:42:00.150163,0.0
2025-02-05 06:43:00.026594,0.0
2025-02-05 06:44:00.086005,0.0
2025-02-05 06:45:00.126351,0.0
2025-02-05 06:46:00.058112,0.0
2025-02-05 06:47:00.104765,0.0
2025-02-05 06:48:00.148123,0.0
2025-02-05 06:49:00.171378,0.0
2025-02-05 06:50:00.124118,0.0
2025-02-05 06:51:00.136760,0.0
2025-02-05 06:52:00.200767,0.0
2025-02-05 06:53:00.120091,0.0
2025-02-05 06:54:00.114392,0.0
2025-02-05 06:55:00.056756,0.0
2025-02-05 06:56:00.099581,0.0
2025-02-05 06:57:00.060364,0.0
2025-02-05 06:58:00.169297,0.0
2025-02-05 06:59:00.123552,0.0
2025-02-05 07:00:00.063493,0.0
2025-02-05 07:01:00.036509,0.0
2025-02-05 07:02:00.036844,0.0
2025-02-05 07:03:00.006968,0.0
2025-02-05 07:04:00.062427,0.0
2025-02-05 07:05:00.081891,0.0
2025-02-05 07:06:00.170998,0.0
2025-02-05 07:07:00.012355,0.0
2025-02-05 07:08:00.087602,0.0
2025-02-05 07:09:00.155766,0.0
2025-02-05 07:10:00.019359,0.0
2025-02-05 07:11:00.113527,0.0
2025-02-05 07:12:00.005151,0.0
2025-02-05 07:13:00.014677,0.0
2025-02-05 07:14:00.153592,0.0
2025-02-05 07:15:00.115568,0.0
2025-02-05 07:16:00.166786,0.0
2025-02-05 07:17:00.080660,0.0
2025-02-05 07:18:00.150804,0.0
2025-02-05 07:19:00.039439,0.0
2025-02-05 07:20:00.122389,0.0
2025-02-05 07:21:00.029200,0.0
2025-02-05 07:22:00.084454,0.0
2025-02-05 07:23:00.040139,0.0
2025-02-05 07:24:00.158072,0.0
2025-02-05 07:25:00.044824,0.0
2025-02-05 07:26:00.141788,0.0
2025-02-05 07:27:00.092324,0.0
2025-02-05 07:28:00.107282,0.0
2025-02-05 07:29:00.078117,0.0
2025-02-05 07:30:00.013016,0.0
2025-02-05 07:31:00.087007,0.0
2025-02-05 07:32:00.123664,0.0
2025-02-05 07:33:00.188321,0.0
2025-02-05 07:34:00.013932,0.0
2025-02-05 07:35:00.109284,0.0
2025-02-05 07:36:00.025702,0.0
2025-02-05 07:37:00.059555,0.0
2025-02-05 07:38:00.070336,0.0
2025-02-05 07:39:00.120834,0.0
2025-02-05 07:40:00.019327,0.0
2025-02-05 07:41:00.185299,0.0
2025-02-05 07:42:00.167722,0.0
2025-02-05 07:43:00.028380,0.0
2025-02-05 07:44:00.066849,0.0
2025-02-05 07:45:00.165990,0.0
2025-02-05 07:46:00.166764,0.0
2025-02-05 07:47:00.150417,0.0
2025-02-05 07:48:00.064961,0.0
2025-02-05 07:49:00.071430,0.0
2025-02-05 07:50:00.045054,0.0
2025-02-05 07:51:00.029704,0.0
2025-02-05 07:52:00.143901,0.0
2025-02-05 07:53:00.040259,0.0
2025-02-05 07:54:00.081358,0.0
2025-02-05 07:55:00.038681,0.0
2025-02-05 07:56:00.039304,0.0
2025-02-05 07:57:00.041919,0.0
2025-02-05 07:58:00.060272,0.0
2025-02-05 07:59:00.082,0.0
2025-02-05 08:00:00.107986,0.0
2025-02-05 08:01:00.073105,0.0
2025-02-05 08:02:00.038994,0.0
2025-02-05 08:03:00.067,0.0
2025-02-05 08:04:00.046762,0.0
2025-02-05 08:05:00.095871,0.0
2025-02-05 08:06:00.017526,0.0
2025-02-05 08:07:00.023694,0.0
2025-02-05 08:08:00.048702,0.0
2025-02-05 08:09:00.070364,0.0
2025-02-05 08:10:00.031668,0.0
2025-02-05 08:11:00.141187,0.0
2025-02-05 08:12:00.104246,0.0
2025-02-05 08:13:00.136555,0.0
2025-02-05 08:14:00.132316,0.0
2025-02-05 08:15:00.057519,0.0
2025-02-05 08:16:00.156137,0.0
2025-02-05 08:17:00.170154,0.0
2025-02-05 08:18:00.139231,0.0
2025-02-05 08:19:00.067502,0.0
2025-02-05 08:20:00.101606,0.0
2025-02-05 08:21:00.154805,0.0
2025-02-05 08:22:00.009776,0.0
2025-02-05 08:23:00.161230,0.0
2025-02-05 08:24:00.067037,0.0
2025-02-05 08:25:00.008824,0.0
2025-02-05 08:26:00.164999,0.0
2025-02-05 08:27:00.068920,100.0
2025-02-05 08:28:00.101506,204.0
2025-02-05 08:29:00.010019,212.0
2025-02-05 08:30:00.165415,204.0
2025-02-05 08:31:00.045087,208.0
2025-02-05 08:32:00.118318,204.0
2025-02-05 08:33:00.106582,212.0
2025-02-05 08:34:00.062920,304.0
2025-02-05 08:35:00.117682,212.0
2025-02-05 08:36:00.075472,316.0
2025-02-05 08:37:00.051590,208.0
2025-02-05 08:38:00.163134,316.0
2025-02-05 08:39:00.172661,204.0
2025-02-05 08:40:00.093360,312.0
2025-02-05 08:41:00.051794,212.0
2025-02-05 08:42:00.054220,316.0
2025-02-05 08:43:00.041384,204.0
2025-02-05 08:44:00.115822,312.0
2025-02-05 08:45:00.117366,212.0
2025-02-05 08:46:00.108184,308.0
2025-02-05 08:47:00.105226,204.0
2025-02-05 08:48:00.111649,312.0
2025-02-05 08:49:00.117687,212.0
2025-02-05 08:50:00.182155,316.0
2025-02-05 08:51:00.101091,204.0
2025-02-05 08:52:00.109535,312.0
2025-02-05 08:53:00.131995,212.0
2025-02-05 08:54:00.043893,312.0
2025-02-05 08:55:00.012543,208.0
2025-02-05 08:56:00.041445,312.0
2025-02-05 08:57:00.150912,212.0
2025-02-05 08:58:00.193868,312.0
2025-02-05 08:59:00.156040,204.0
2025-02-05 09:00:00.114354,316.0
2025-02-05 09:01:00.093311,212.0
2025-02-05 09:02:00.154598,304.0
2025-02-05 09:03:00.172360,212.0
2025-02-05 09:04:00.095480,316.0
2025-02-05 09:05:00.183316,204.0
2025-02-05 09:06:00.143263,312.0
2025-02-05 09:07:00.026607,212.0
2025-02-05 09:08:00.060901,312.0
2025-02-05 09:09:00.130135,208.0
2025-02-05 09:10:00.085886,312.0
2025-02-05 09:11:00.156531,308.0
2025-02-05 09:12:00.149285,212.0
2025-02-05 09:13:00.086113,312.0
2025-02-05 09:14:00.059600,212.0
2025-02-05 09:15:00.010966,312.0
2025-02-05 09:16:00.042523,212.0
2025-02-05 09:17:00.035963,204.0
2025-02-05 09:18:00.107925,308.0
2025-02-05 09:19:00.145897,204.0
2025-02-05 09:20:00.036941,204.0
2025-02-05 09:21:00.102067,212.0
2025-02-05 09:22:00.037711,204.0
2025-02-05 09:23:00.049466,316.0
2025-02-05 09:24:00.156405,204.0
2025-02-05 09:25:00.156025,212.0
2025-02-05 09:26:00.063731,204.0
2025-02-05 09:27:00.164646,204.0
2025-02-05 09:28:00.055222,316.0
2025-02-05 09:29:00.167202,204.0
2025-02-05 09:30:00.044871,212.0
2025-02-05 09:31:00.131417,204.0
2025-02-05 09:32:00.005664,212.0
2025-02-05 09:33:00.113536,204.0
2025-02-05 09:34:00.177803,312.0
2025-02-05 09:35:00.031330,204.0
2025-02-05 09:36:00.135052,212.0
2025-02-05 09:37:00.025966,204.0
2025-02-05 09:38:00.074780,212.0
2025-02-05 09:39:00.145955,204.0
2025-02-05 09:40:00.052292,212.0
2025-02-05 09:41:00.149624,316.0
2025-02-05 09:42:00.121174,208.0
2025-02-05 09:43:00.033220,308.0
2025-02-05 09:44:00.136049,316.0
2025-02-05 09:45:00.075954,204.0
2025-02-05 09:46:00.125203,320.0
2025-02-05 09:47:00.133119,308.0
2025-02-05 09:48:00.071643,208.0
2025-02-05 09:49:00.143338,316.0
2025-02-05 09:50:00.121136,312.0
2025-02-05 09:51:00.076299,316.0
2025-02-05 09:52:00.049178,312.0
2025-02-05 09:53:00.120565,320.0
2025-02-05 09:54:00.149534,312.0
2025-02-05 09:55:00.027671,208.0
2025-02-05 09:56:00.109558,312.0
2025-02-05 09:57:00.133777,312.0
2025-02-05 09:58:00.100866,316.0
2025-02-05 09:59:00.062583,212.0
2025-02-05 10:00:00.105436,312.0
2025-02-05 10:01:00.092771,312.0
2025-02-05 10:02:00.196128,212.0
2025-02-05 10:03:00.054575,308.0
2025-02-05 10:04:00.093188,312.0
2025-02-05 10:05:00.152422,212.0
2025-02-05 10:06:00.078887,552.0
2025-02-05 10:07:00.091071,428.0
2025-02-05 10:08:00.025362,428.0
2025-02-05 10:09:00.028690,544.0
2025-02-05 10:10:00.068754,428.0
2025-02-05 10:11:00.116196,436.0
2025-02-05 10:12:00.134806,428.0
2025-02-05 10:13:00.057078,432.0
2025-02-05 10:14:00.079358,528.0
2025-02-05 10:15:00.178986,424.0
2025-02-05 10:16:00.064905,428.0
2025-02-05 10:17:00.054875,320.0
2025-02-05 10:18:00.070207,428.0
2025-02-05 10:19:00.060624,424.0
2025-02-05 10:20:00.029596,428.0
2025-02-05 10:21:00.051775,428.0
2025-02-05 10:22:00.119673,320.0
2025-02-05 10:23:00.038305,424.0
2025-02-05 10:24:00.027875,424.0
2025-02-05 10:25:00.055386,312.0
2025-02-05 10:26:00.049839,212.0
2025-02-05 10:27:00.070856,312.0
2025-02-05 10:28:00.081466,308.0
2025-02-05 10:29:00.160855,204.0
2025-02-05 10:30:00.021173,212.0
2025-02-05 10:31:00.147341,312.0
2025-02-05 10:32:00.043402,308.0
2025-02-05 10:33:00.005452,212.0
2025-02-05 10:34:00.194433,312.0
2025-02-05 10:35:00.016973,208.0
2025-02-05 10:36:00.068223,320.0
2025-02-05 10:37:00.158148,304.0
2025-02-05 10:38:00.188666,208.0
2025-02-05 10:39:00.059418,208.0
2025-02-05 10:40:00.153355,208.0
2025-02-05 10:41:00.127366,312.0
2025-02-05 10:42:00.085710,204.0
2025-02-05 10:43:00.126561,212.0
2025-02-05 10:44:00.125728,204.0
2025-02-05 10:45:00.056227,212.0
2025-02-05 10:46:00.111975,308.0
2025-02-05 10:47:00.153972,212.0
2025-02-05 10:48:00.110027,204.0
2025-02-05 10:49:00.140394,212.0
2025-02-05 10:50:00.181179,304.0
2025-02-05 10:51:00.147790,212.0
2025-02-05 10:52:00.142948,316.0
2025-02-05 10:53:00.105625,204.0
2025-02-05 10:54:00.078062,312.0
2025-02-05 10:55:00.144414,204.0
2025-02-05 10:56:00.012316,212.0
2025-02-05 10:57:00.056674,204.0
2025-02-05 10:58:00.098617,316.0
2025-02-05 10:59:00.035346,212.0
2025-02-05 11:00:00.059116,208.0
2025-02-05 11:01:00.137835,308.0
2025-02-05 11:02:00.116100,212.0
2025-02-05 11:03:00.086097,204.0
2025-02-05 11:04:00.024469,204.0
2025-02-05 11:05:00.085571,316.0
2025-02-05 11:06:00.014169,212.0
2025-02-05 11:07:00.166684,204.0
2025-02-05 11:08:00.177950,204.0
2025-02-05 11:09:00.042736,212.0
2025-02-05 11:10:00.106317,204.0
2025-02-05 11:11:00.150698,312.0
2025-02-05 11:12:00.057109,208.0
2025-02-05 11:13:00.019307,208.0
2025-02-05 11:14:00.086668,208.0
2025-02-05 11:15:00.016904,312.0
2025-02-05 11:16:00.102383,212.0
2025-02-05 11:17:00.182518,204.0
2025-02-05 11:18:00.068192,204.0
2025-02-05 11:19:00.015727,212.0
2025-02-05 11:20:00.075867,204.0
2025-02-05 11:21:00.012643,204.0
2025-02-05 11:22:00.092182,316.0
2025-02-05 11:23:00.118029,204.0
2025-02-05 11:24:00.089068,212.0
2025-02-05 11:25:00.010002,204.0
2025-02-05 11:26:00.022711,212.0
2025-02-05 11:27:00.087752,204.0
2025-02-05 11:28:00.173380,312.0
2025-02-05 11:29:00.078801,208.0
2025-02-05 11:30:00.070738,208.0
2025-02-05 11:31:00.077226,208.0
2025-02-05 11:32:00.199457,208.0
2025-02-05 11:33:00.054433,208.0
2025-02-05 11:34:00.077687,304.0
2025-02-05 11:35:00.017881,212.0
2025-02-05 11:36:00.049763,204.0
2025-02-05 11:37:00.129316,212.0
2025-02-05 11:38:00.104783,204.0
2025-02-05 11:39:00.137925,208.0
2025-02-05 11:40:00.083054,204.0
2025-02-05 11:41:00.018229,204.0
2025-02-05 11:42:00.036497,212.0
2025-02-05 11:43:00.068625,204.0
2025-02-05 11:44:00.009142,104.0
2025-02-05 11:45:00.137202,204.0
2025-02-05 11:46:00.133881,212.0
2025-02-05 11:47:00.066855,204.0
2025-02-05 11:48:00.057908,204.0
2025-02-05 11:49:00.099697,204.0
2025-02-05 11:50:00.167608,104.0
2025-02-05 11:51:00.071880,204.0
2025-02-05 11:52:00.091035,204.0
2025-02-05 11:53:00.126141,204.0
2025-02-05 11:54:00.141911,212.0
2025-02-05 11:55:00.084406,204.0
2025-02-05 11:56:00.133442,104.0
2025-02-05 11:57:00.081852,204.0
2025-02-05 11:58:00.154218,212.0
2025-02-05 11:59:00.133343,204.0
2025-02-05 12:00:00.030294,204.0
2025-02-05 12:01:00.080505,208.0
2025-02-05 12:02:00.120389,204.0
2025-02-05 12:03:00.035754,204.0
2025-02-05 12:04:00.027773,212.0
2025-02-05 12:05:00.008556,204.0
2025-02-05 12:06:00.019455,212.0
2025-02-05 12:07:00.060850,100.0
2025-02-05 12:08:00.137444,208.0
2025-02-05 12:09:00.181986,204.0
2025-02-05 12:10:00.177183,204.0
2025-02-05 12:11:00.100620,204.0
2025-02-05 12:12:00.035598,212.0
2025-02-05 12:13:00.020993,204.0
2025-02-05 12:14:00.048968,204.0
2025-02-05 12:15:00.063649,208.0
2025-02-05 12:16:00.070009,208.0
2025-02-05 12:17:00.092146,208.0
2025-02-05 12:18:00.122210,204.0
2025-02-05 12:19:00.027704,212.0
2025-02-05 12:20:00.072203,204.0
2025-02-05 12:21:00.186141,204.0
2025-02-05 12:22:00.051881,204.0
2025-02-05 12:23:00.151542,212.0
2025-02-05 12:24:00.059333,428.0
2025-02-05 12:25:00.047423,428.0
2025-02-05 12:26:00.133113,432.0
2025-02-05 12:27:00.013123,428.0
2025-02-05 12:28:00.042848,312.0
2025-02-05 12:29:00.110188,320.0
2025-02-05 12:30:00.013888,424.0
2025-02-05 12:31:00.185764,320.0
2025-02-05 12:32:00.022508,420.0
2025-02-05 12:33:00.126912,432.0
2025-02-05 12:34:00.050860,312.0
2025-02-05 12:35:00.133228,424.0
2025-02-05 12:36:00.076037,320.0
2025-02-05 12:37:00.139699,420.0
2025-02-05 12:38:00.070705,320.0
2025-02-05 12:39:00.147379,424.0
2025-02-05 12:40:00.148059,320.0
2025-02-05 12:41:00.153331,320.0
2025-02-05 12:42:00.053322,428.0
2025-02-05 12:43:00.113205,320.0
2025-02-05 12:44:00.124785,424.0
2025-02-05 12:45:00.010735,312.0
2025-02-05 12:46:00.037139,428.0
2025-02-05 12:47:00.031776,316.0
2025-02-05 12:48:00.106175,428.0
2025-02-05 12:49:00.186278,312.0
2025-02-05 12:50:00.161322,424.0
2025-02-05 12:51:00.111046,320.0
2025-02-05 12:52:00.087892,436.0
2025-02-05 12:53:00.085392,312.0
2025-02-05 12:54:00.005964,312.0
2025-02-05 12:55:00.074643,316.0
2025-02-05 12:56:00.159553,312.0
2025-02-05 12:57:00.120878,428.0
2025-02-05 12:58:00.077747,320.0
2025-02-05 12:59:00.140650,316.0
2025-02-05 13:00:00.156516,320.0
2025-02-05 13:01:00.041221,312.0
2025-02-05 13:02:00.021986,316.0
2025-02-05 13:03:00.107262,312.0
2025-02-05 13:04:00.173110,320.0
2025-02-05 13:05:00.007109,312.0
2025-02-05 13:06:00.089177,316.0
2025-02-05 13:07:00.161705,320.0
2025-02-05 13:08:00.023574,320.0
2025-02-05 13:09:00.011160,308.0
2025-02-05 13:10:00.023229,320.0
2025-02-05 13:11:00.081710,312.0
2025-02-05 13:12:00.051272,320.0
2025-02-05 13:13:00.168466,312.0
2025-02-05 13:14:00.154101,316.0
2025-02-05 13:15:00.120454,312.0
2025-02-05 13:16:00.117133,316.0
2025-02-05 13:17:00.047817,304.0
2025-02-05 13:18:00.011525,320.0
2025-02-05 13:19:00.072584,316.0
2025-02-05 13:20:00.172091,312.0
2025-02-05 13:21:00.154130,320.0
2025-02-05 13:22:00.154707,316.0
2025-02-05 13:23:00.172213,312.0
2025-02-05 13:24:00.081383,312.0
2025-02-05 13:25:00.077268,320.0
2025-02-05 13:26:00.100642,316.0
2025-02-05 13:27:00.085988,312.0
2025-02-05 13:28:00.161790,316.0
2025-02-05 13:29:00.071101,312.0
2025-02-05 13:30:00.182380,312.0
2025-02-05 13:31:00.089108,212.0
2025-02-05 13:32:00.158883,308.0
2025-02-05 13:33:00.097804,312.0
2025-02-05 13:34:00.009034,212.0
2025-02-05 13:35:00.132992,316.0
2025-02-05 13:36:00.119307,312.0
2025-02-05 13:37:00.119436,212.0
2025-02-05 13:38:00.084760,308.0
2025-02-05 13:39:00.175290,312.0
2025-02-05 13:40:00.081670,312.0
2025-02-05 13:41:00.036954,212.0
2025-02-05 13:42:00.053983,316.0
2025-02-05 13:43:00.032688,208.0
2025-02-05 13:44:00.005953,316.0
2025-02-05 13:45:00.126569,312.0
2025-02-05 13:46:00.127434,212.0
2025-02-05 13:47:00.078457,308.0
2025-02-05 13:48:00.154008,204.0
2025-02-05 13:49:00.018423,212.0
2025-02-05 13:50:00.033780,204.0
2025-02-05 13:51:00.075101,312.0
2025-02-05 13:52:00.163126,212.0
2025-02-05 13:53:00.104317,204.0
2025-02-05 13:54:00.176099,316.0
2025-02-05 13:55:00.054474,204.0
2025-02-05 13:56:00.142040,108.0
2025-02-05 13:57:00.130959,0.0
2025-02-05 13:58:00.177005,0.0
2025-02-05 13:59:00.159505,0.0
2025-02-05 14:00:00.032012,0.0
2025-02-05 14:01:00.024281,0.0
2025-02-05 14:02:00.026348,0.0
2025-02-05 14:03:00.123068,0.0
2025-02-05 14:04:00.118811,0.0
2025-02-05 14:05:00.012624,0.0
2025-02-05 14:06:00.213414,0.0
2025-02-05 14:07:00.065319,0.0
2025-02-05 14:08:00.063335,0.0
2025-02-05 14:09:00.157401,0.0
2025-02-05 14:10:00.146264,0.0
2025-02-05 14:11:00.055212,0.0
2025-02-05 14:12:00.177636,0.0
2025-02-05 14:13:00.131905,0.0
2025-02-05 14:14:00.121406,0.0
2025-02-05 14:15:00.172899,0.0
2025-02-05 14:16:00.094733,0.0
2025-02-05 14:17:00.114660,0.0
2025-02-05 14:18:00.119314,0.0
2025-02-05 14:19:00.152720,0.0
2025-02-05 14:20:00.054263,0.0
2025-02-05 14:21:00.091653,0.0
2025-02-05 14:22:00.179689,0.0
2025-02-05 14:23:00.021889,0.0
2025-02-05 14:24:00.061054,0.0
2025-02-05 14:25:00.154369,0.0
2025-02-05 14:26:00.134435,0.0
2025-02-05 14:27:00.161399,0.0
2025-02-05 14:28:00.169105,0.0
2025-02-05 14:29:00.083820,0.0
2025-02-05 14:30:00.180216,0.0
2025-02-05 14:31:00.204123,0.0
2025-02-05 14:32:00.059735,0.0
2025-02-05 14:33:00.178537,0.0
2025-02-05 14:34:00.147420,0.0
2025-02-05 14:35:00.082872,0.0
2025-02-05 14:36:00.183314,0.0
2025-02-05 14:37:00.166526,0.0
2025-02-05 14:38:00.136674,0.0
2025-02-05 14:39:00.012044,0.0
2025-02-05 14:40:00.179003,0.0
2025-02-05 14:41:00.006600,0.0
2025-02-05 14:42:00.133460,0.0
2025-02-05 14:43:00.165986,0.0
2025-02-05 14:44:00.131418,0.0
2025-02-05 14:45:00.171396,0.0
2025-02-05 14:46:00.177315,0.0
2025-02-05 14:47:00.105057,0.0
2025-02-05 14:48:00.077314,0.0
2025-02-05 14:49:00.080574,0.0
2025-02-05 14:50:00.083230,0.0
2025-02-05 14:51:00.056677,0.0
2025-02-05 14:52:00.052563,0.0
2025-02-05 14:53:00.145470,0.0
2025-02-05 14:54:00.184226,0.0
2025-02-05 14:55:00.166177,0.0
2025-02-05 14:56:00.108841,0.0
2025-02-05 14:57:00.013838,0.0
2025-02-05 14:58:00.192715,0.0
2025-02-05 14:59:00.081229,0.0
2025-02-05 15:00:00.179463,0.0
2025-02-05 15:01:00.136056,0.0
2025-02-05 15:02:00.046759,0.0
2025-02-05 15:03:00.044388,108.0
2025-02-05 15:04:00.181302,208.0
2025-02-05 15:05:00.048816,204.0
2025-02-05 15:06:00.016267,100.0
2025-02-05 15:07:00.096375,208.0
2025-02-05 15:08:00.017706,204.0
2025-02-05 15:09:00.050085,100.0
2025-02-05 15:10:00.055988,208.0
2025-02-05 15:11:00.171799,204.0
2025-02-05 15:12:00.156726,100.0
2025-02-05 15:13:00.009081,208.0
2025-02-05 15:14:00.051779,204.0
2025-02-05 15:15:00.135450,100.0
2025-02-05 15:16:00.015041,212.0
2025-02-05 15:17:00.053074,204.0
2025-02-05 15:18:00.116969,104.0
2025-02-05 15:19:00.184597,204.0
2025-02-05 15:20:00.146713,204.0
2025-02-05 15:21:00.116287,0.0
2025-02-05 15:22:00.033575,104.0
2025-02-05 15:23:00.022821,0.0
2025-02-05 15:24:00.127669,0.0
2025-02-05 15:25:00.078847,0.0
2025-02-05 15:26:00.036974,0.0
2025-02-05 15:27:00.145969,0.0
2025-02-05 15:28:00.169735,0.0
2025-02-05 15:29:00.091851,0.0
2025-02-05 15:30:00.138877,0.0
2025-02-05 15:31:00.082735,0.0
2025-02-05 15:32:00.032846,0.0
2025-02-05 15:33:00.152290,0.0
2025-02-05 15:34:00.033423,0.0
2025-02-05 15:35:00.046123,0.0
2025-02-05 15:36:00.091980,0.0
2025-02-05 15:37:00.166294,0.0
2025-02-05 15:38:00.155261,0.0
2025-02-05 15:39:00.060657,0.0
2025-02-05 15:40:00.195128,0.0
2025-02-05 15:41:00.062857,0.0
2025-02-05 15:42:00.028021,0.0
2025-02-05 15:43:00.154265,0.0
2025-02-05 15:44:00.022646,0.0
2025-02-05 15:45:00.104995,0.0
2025-02-05 15:46:00.032352,0.0
2025-02-05 15:47:00.047093,0.0
2025-02-05 15:48:00.069532,0.0
2025-02-05 15:49:00.019396,0.0
2025-02-05 15:50:00.120061,0.0
2025-02-05 15:51:00.124268,0.0
2025-02-05 15:52:00.202379,0.0
2025-02-05 15:53:00.069539,0.0
2025-02-05 15:54:00.182048,0.0
2025-02-05 15:55:00.040758,0.0
2025-02-05 15:56:00.087046,0.0
2025-02-05 15:57:00.136850,0.0
2025-02-05 15:58:00.005880,0.0
2025-02-05 15:59:00.131985,0.0
2025-02-05 16:00:00.144611,0.0
2025-02-05 16:01:00.015872,0.0
2025-02-05 16:02:00.033680,0.0
2025-02-05 16:03:00.160870,0.0
2025-02-05 16:04:00.142320,0.0
2025-02-05 16:05:00.127803,0.0
2025-02-05 16:06:00.044630,0.0
2025-02-05 16:07:00.079789,0.0
2025-02-05 16:08:00.039466,0.0
2025-02-05 16:09:00.129106,0.0
2025-02-05 16:10:00.173532,0.0
2025-02-05 16:11:00.125947,0.0
2025-02-05 16:12:00.018568,0.0
2025-02-05 16:13:00.081133,212.0
2025-02-05 16:14:00.045622,324.0
2025-02-05 16:15:00.033422,220.0
2025-02-05 16:16:00.019715,324.0
2025-02-05 16:17:00.028423,320.0
2025-02-05 16:18:00.024846,104.0
2025-02-05 16:19:00.012694,0.0
2025-02-05 16:20:00.048985,0.0
2025-02-05 16:21:00.090261,0.0
2025-02-05 16:22:00.137254,0.0
2025-02-05 16:23:00.035077,0.0
2025-02-05 16:24:00.086999,0.0
2025-02-05 16:25:00.173170,0.0
2025-02-05 16:26:00.050731,0.0
2025-02-05 16:27:00.115798,0.0
2025-02-05 16:28:00.171465,0.0
2025-02-05 16:29:00.082409,0.0
2025-02-05 16:30:00.116620,0.0
2025-02-05 16:31:00.023740,0.0
2025-02-05 16:32:00.019175,0.0
2025-02-05 16:33:00.126478,0.0
2025-02-05 16:34:00.153049,0.0
2025-02-05 16:35:00.035061,0.0
2025-02-05 16:36:00.015959,0.0
2025-02-05 16:37:00.113466,0.0
2025-02-05 16:38:00.158094,0.0
2025-02-05 16:39:00.137047,0.0
2025-02-05 16:40:00.074369,0.0
2025-02-05 16:41:00.194257,0.0
2025-02-05 16:42:00.186557,0.0
2025-02-05 16:43:00.059115,0.0
2025-02-05 16:44:00.040974,0.0
2025-02-05 16:45:00.084770,0.0
2025-02-05 16:46:00.102590,0.0
2025-02-05 16:47:00.042076,0.0
2025-02-05 16:48:00.092323,0.0
2025-02-05 16:49:00.130833,0.0
2025-02-05 16:50:00.135594,0.0
2025-02-05 16:51:00.061329,0.0
2025-02-05 16:52:00.143702,0.0
2025-02-05 16:53:00.032761,0.0
2025-02-05 16:54:00.084701,0.0
2025-02-05 16:55:00.131541,0.0
2025-02-05 16:56:00.005967,0.0
2025-02-05 16:57:00.157126,0.0
2025-02-05 16:58:00.164321,0.0
2025-02-05 16:59:00.033278,0.0
2025-02-05 17:00:00.077451,0.0
2025-02-05 17:01:00.128548,0.0
2025-02-05 17:02:00.193693,0.0
2025-02-05 17:03:00.117762,0.0
2025-02-05 17:04:00.111264,0.0
2025-02-05 17:05:00.013898,0.0
2025-02-05 17:06:00.089665,0.0
2025-02-05 17:07:00.153909,0.0
2025-02-05 17:08:00.159337,0.0
2025-02-05 17:09:00.092480,0.0
2025-02-05 17:10:00.151841,0.0
2025-02-05 17:11:00.186306,0.0
2025-02-05 17:12:00.155593,0.0
2025-02-05 17:13:00.084876,0.0
2025-02-05 17:14:00.163566,0.0
2025-02-05 17:15:00.124600,0.0
2025-02-05 17:16:00.049799,0.0
2025-02-05 17:17:00.172015,0.0
2025-02-05 17:18:00.170515,0.0
2025-02-05 17:19:00.154194,0.0
2025-02-05 17:20:00.120833,108.0
2025-02-05 17:21:00.030437,316.0
2025-02-05 17:22:00.030908,0.0
2025-02-05 17:23:00.134233,0.0
2025-02-05 17:24:00.025070,0.0
2025-02-05 17:25:00.121753,0.0
2025-02-05 17:26:00.067618,204.0
2025-02-05 17:27:00.028563,212.0
2025-02-05 17:28:00.028911,204.0
2025-02-05 17:29:00.174151,100.0
2025-02-05 17:30:00.180161,0.0
2025-02-05 17:31:00.145896,104.0
2025-02-05 17:32:00.148148,0.0
2025-02-05 17:33:00.054234,0.0
2025-02-05 17:34:00.054493,104.0
2025-02-05 17:35:00.122229,0.0
2025-02-05 17:36:00.167494,0.0
2025-02-05 17:37:00.170502,96.0
2025-02-05 17:38:00.055575,0.0
2025-02-05 17:39:00.157473,100.0
2025-02-05 17:40:00.146902,0.0
2025-02-05 17:41:00.119680,0.0
2025-02-05 17:42:00.108434,104.0
2025-02-05 17:43:00.159812,0.0
2025-02-05 17:44:00.111273,0.0
2025-02-05 17:45:00.065247,100.0
2025-02-05 17:46:00.071523,0.0
2025-02-05 17:47:00.175983,0.0
2025-02-05 17:48:00.167944,0.0
2025-02-05 17:49:00.051074,104.0
2025-02-05 17:50:00.083929,0.0
2025-02-05 17:51:00.018342,0.0
2025-02-05 17:52:00.017330,96.0
2025-02-05 17:53:00.046594,0.0
2025-02-05 17:54:00.033453,0.0
2025-02-05 17:55:00.008885,104.0
2025-02-05 17:56:00.131651,0.0
2025-02-05 17:57:00.040947,0.0
2025-02-05 17:58:00.053673,0.0
2025-02-05 17:59:00.068836,0.0
2025-02-05 18:00:00.154236,0.0
2025-02-05 18:01:00.058506,0.0
2025-02-05 18:02:00.007895,0.0
2025-02-05 18:03:00.130561,0.0
2025-02-05 18:04:00.165439,0.0
2025-02-05 18:05:00.075793,108.0
2025-02-05 18:06:00.012737,4.0
2025-02-05 18:07:00.086502,0.0
2025-02-05 18:08:00.125438,0.0
2025-02-05 18:09:00.125027,0.0
2025-02-05 18:10:00.146350,0.0
2025-02-05 18:11:00.045527,0.0
2025-02-05 18:12:00.076589,0.0
2025-02-05 18:13:00.080062,104.0
2025-02-05 18:14:00.132516,0.0
2025-02-05 18:15:00.150558,0.0
2025-02-05 18:16:00.009175,0.0
2025-02-05 18:17:00.171590,0.0
2025-02-05 18:18:00.105225,0.0
2025-02-05 18:19:00.024984,0.0
2025-02-05 18:20:00.068540,108.0
2025-02-05 18:21:00.121993,0.0
2025-02-05 18:22:00.068748,0.0
2025-02-05 18:23:00.021593,0.0
2025-02-05 18:24:00.175106,0.0
2025-02-05 18:25:00.143278,0.0
2025-02-05 18:26:00.167965,0.0
2025-02-05 18:27:00.040036,104.0
2025-02-05 18:28:00.096224,0.0
2025-02-05 18:29:00.158538,0.0
2025-02-05 18:30:00.172425,0.0
2025-02-05 18:31:00.184002,0.0
2025-02-05 18:32:00.067819,0.0
2025-02-05 18:33:00.073859,0.0
2025-02-05 18:34:00.106899,100.0
2025-02-05 18:35:00.074670,0.0
2025-02-05 18:36:00.009128,0.0
2025-02-05 18:37:00.043277,0.0
2025-02-05 18:38:00.101471,0.0
2025-02-05 18:39:00.045715,0.0
2025-02-05 18:40:00.143947,220.0
2025-02-05 18:41:00.158682,212.0
2025-02-05 18:42:00.011561,208.0
2025-02-05 18:43:00.171700,0.0
2025-02-05 18:44:00.051320,104.0
2025-02-05 18:45:00.105452,0.0
2025-02-05 18:46:00.165980,0.0
2025-02-05 18:47:00.053286,0.0
2025-02-05 18:48:00.134633,0.0
2025-02-05 18:49:00.020772,0.0
2025-02-05 18:50:00.062028,108.0
2025-02-05 18:51:00.094310,212.0
2025-02-05 18:52:00.113579,216.0
2025-02-05 18:53:00.089565,320.0
2025-02-05 18:54:00.065621,320.0
2025-02-05 18:55:00.114289,220.0
2025-02-05 18:56:00.074392,320.0
2025-02-05 18:57:00.025363,216.0
2025-02-05 18:58:00.087729,320.0
2025-02-05 18:59:00.091118,220.0
2025-02-05 19:00:00.119983,312.0
2025-02-05 19:01:00.165285,216.0
2025-02-05 19:02:00.172900,316.0
2025-02-05 19:03:00.127477,216.0
2025-02-05 19:04:00.161108,108.0
2025-02-05 19:05:00.114709,212.0
2025-02-05 19:06:00.128321,204.0
2025-02-05 19:07:00.151807,212.0
2025-02-05 19:08:00.022744,108.0
2025-02-05 19:09:00.131084,104.0
2025-02-05 19:10:00.116745,212.0
2025-02-05 19:11:00.099135,108.0
2025-02-05 19:12:00.118989,104.0
2025-02-05 19:13:00.042403,208.0
2025-02-05 19:14:00.080048,104.0
2025-02-05 19:15:00.121786,212.0
2025-02-05 19:16:00.057723,212.0
2025-02-05 19:17:00.148343,108.0
2025-02-05 19:18:00.076838,320.0
2025-02-05 19:19:00.009924,212.0
2025-02-05 19:20:00.047696,216.0
2025-02-05 19:21:00.135397,212.0
2025-02-05 19:22:00.168277,320.0
2025-02-05 19:23:00.031128,212.0
2025-02-05 19:24:00.120359,216.0
2025-02-05 19:25:00.155851,212.0
2025-02-05 19:26:00.023030,320.0
2025-02-05 19:27:00.081172,216.0
2025-02-05 19:28:00.021451,212.0
2025-02-05 19:29:00.043410,320.0
2025-02-05 19:30:00.086612,216.0
2025-02-05 19:31:00.109484,212.0
2025-02-05 19:32:00.060991,316.0
2025-02-05 19:33:00.015115,216.0
2025-02-05 19:34:00.038103,216.0
2025-02-05 19:35:00.103288,320.0
2025-02-05 19:36:00.069075,212.0
2025-02-05 19:37:00.051029,220.0
2025-02-05 19:38:00.084030,320.0
2025-02-05 19:39:00.148839,208.0
2025-02-05 19:40:00.140574,220.0
2025-02-05 19:41:00.094742,320.0
2025-02-05 19:42:00.074062,212.0
2025-02-05 19:43:00.077726,312.0
2025-02-05 19:44:00.111235,216.0
2025-02-05 19:45:00.105426,220.0
2025-02-05 19:46:00.041451,312.0
2025-02-05 19:47:00.060487,224.0
2025-02-05 19:48:00.202100,212.0
2025-02-05 19:49:00.038692,320.0
2025-02-05 19:50:00.119488,320.0
2025-02-05 19:51:00.207287,216.0
2025-02-05 19:52:00.032438,320.0
2025-02-05 19:53:00.065874,212.0
2025-02-05 19:54:00.023481,328.0
2025-02-05 19:55:00.038168,212.0
2025-02-05 19:56:00.157645,320.0
2025-02-05 19:57:00.156091,216.0
2025-02-05 19:58:00.018226,328.0
2025-02-05 19:59:00.173624,312.0
2025-02-05 20:00:00.011339,216.0
2025-02-05 20:01:00.010424,320.0
2025-02-05 20:02:00.099992,220.0
2025-02-05 20:03:00.085095,320.0
2025-02-05 20:04:00.036287,212.0
2025-02-05 20:05:00.105239,320.0
2025-02-05 20:06:00.102838,208.0
2025-02-05 20:07:00.120727,328.0
2025-02-05 20:08:00.043715,312.0
2025-02-05 20:09:00.127201,220.0
2025-02-05 20:10:00.010490,324.0
2025-02-05 20:11:00.012363,212.0
2025-02-05 20:12:00.142448,320.0
2025-02-05 20:13:00.106625,320.0
2025-02-05 20:14:00.113502,212.0
2025-02-05 20:15:00.143128,320.0
2025-02-05 20:16:00.142928,216.0
2025-02-05 20:17:00.075472,320.0
2025-02-05 20:18:00.129361,220.0
2025-02-05 20:19:00.175082,312.0
2025-02-05 20:20:00.063927,212.0
2025-02-05 20:21:00.117295,328.0
2025-02-05 20:22:00.013922,208.0
2025-02-05 20:23:00.112046,320.0
2025-02-05 20:24:00.117498,320.0
2025-02-05 20:25:00.095736,220.0
2025-02-05 20:26:00.138256,312.0
2025-02-05 20:27:00.042202,220.0
2025-02-05 20:28:00.154609,320.0
2025-02-05 20:29:00.041161,216.0
2025-02-05 20:30:00.163904,320.0
2025-02-05 20:31:00.161076,216.0
2025-02-05 20:32:00.186184,320.0
2025-02-05 20:33:00.099889,220.0
2025-02-05 20:34:00.168965,320.0
2025-02-05 20:35:00.006596,216.0
2025-02-05 20:36:00.025288,320.0
2025-02-05 20:37:00.112182,220.0
2025-02-05 20:38:00.074450,320.0
2025-02-05 20:39:00.118595,320.0
2025-02-05 20:40:00.148191,216.0
2025-02-05 20:41:00.105398,328.0
2025-02-05 20:42:00.156220,208.0
2025-02-05 20:43:00.041456,320.0
2025-02-05 20:44:00.179820,224.0
2025-02-05 20:45:00.043674,320.0
2025-02-05 20:46:00.025652,212.0
2025-02-05 20:47:00.184808,328.0
2025-02-05 20:48:00.077975,212.0
2025-02-05 20:49:00.144298,320.0
2025-02-05 20:50:00.169334,100.0
2025-02-05 20:51:00.171515,0.0
2025-02-05 20:52:00.097852,0.0
2025-02-05 20:53:00.127923,0.0
2025-02-05 20:54:00.037381,0.0
2025-02-05 20:55:00.088117,0.0
2025-02-05 20:56:00.178215,0.0
2025-02-05 20:57:00.190624,0.0
2025-02-05 20:58:00.045643,212.0
2025-02-05 20:59:00.155096,320.0
2025-02-05 21:00:00.020653,216.0
2025-02-05 21:01:00.095945,212.0
2025-02-05 21:02:00.110852,220.0
2025-02-05 21:03:00.151630,312.0
2025-02-05 21:04:00.138368,216.0
2025-02-05 21:05:00.102433,316.0
2025-02-05 21:06:00.102750,216.0
2025-02-05 21:07:00.133290,220.0
2025-02-05 21:08:00.107661,320.0
2025-02-05 21:09:00.136324,208.0
2025-02-05 21:10:00.022856,320.0
2025-02-05 21:11:00.144815,220.0
2025-02-05 21:12:00.095630,212.0
2025-02-05 21:13:00.058889,320.0
2025-02-05 21:14:00.122656,216.0
2025-02-05 21:15:00.160289,312.0
2025-02-05 21:16:00.044476,220.0
2025-02-05 21:17:00.105211,212.0
2025-02-05 21:18:00.151302,320.0
2025-02-05 21:19:00.165022,216.0
2025-02-05 21:20:00.047434,212.0
2025-02-05 21:21:00.047362,320.0
2025-02-05 21:22:00.112271,216.0
2025-02-05 21:23:00.114890,212.0
2025-02-05 21:24:00.141301,320.0
2025-02-05 21:25:00.173046,212.0
2025-02-05 21:26:00.103975,212.0
2025-02-05 21:27:00.091526,320.0
2025-02-05 21:28:00.028571,216.0
2025-02-05 21:29:00.081399,212.0
2025-02-05 21:30:00.131977,320.0
2025-02-05 21:31:00.105503,212.0
2025-02-05 21:32:00.178537,320.0
2025-02-05 21:33:00.070668,208.0
2025-02-05 21:34:00.113436,220.0
2025-02-05 21:35:00.127033,312.0
2025-02-05 21:36:00.058494,220.0
2025-02-05 21:37:00.133480,216.0
2025-02-05 21:38:00.031487,212.0
2025-02-05 21:39:00.116231,320.0
2025-02-05 21:40:00.111855,212.0
2025-02-05 21:41:00.176816,216.0
2025-02-05 21:42:00.058138,312.0
2025-02-05 21:43:00.133683,220.0
2025-02-05 21:44:00.157365,212.0
2025-02-05 21:45:00.077588,320.0
2025-02-05 21:46:00.086714,216.0
2025-02-05 21:47:00.177169,320.0
2025-02-05 21:48:00.046101,216.0
2025-02-05 21:49:00.138637,212.0
2025-02-05 21:50:00.172005,320.0
2025-02-05 21:51:00.109223,220.0
2025-02-05 21:52:00.169208,312.0
2025-02-05 21:53:00.122216,216.0
2025-02-05 21:54:00.013879,316.0
2025-02-05 21:55:00.107902,224.0
2025-02-05 21:56:00.027768,212.0
2025-02-05 21:57:00.171275,320.0
2025-02-05 21:58:00.024807,208.0
2025-02-05 21:59:00.072068,328.0
2025-02-05 22:00:00.063724,212.0
2025-02-05 22:01:00.165765,320.0
2025-02-05 22:02:00.127379,216.0
2025-02-05 22:03:00.008993,320.0
2025-02-05 22:04:00.062824,220.0
2025-02-05 22:05:00.096829,208.0
2025-02-05 22:06:00.169366,320.0
2025-02-05 22:07:00.147653,220.0
2025-02-05 22:08:00.040644,320.0
2025-02-05 22:09:00.176705,212.0
2025-02-05 22:10:00.166744,320.0
2025-02-05 22:11:00.163772,208.0
2025-02-05 22:12:00.142288,320.0
2025-02-05 22:13:00.058519,220.0
2025-02-05 22:14:00.179340,320.0
2025-02-05 22:15:00.064794,312.0
2025-02-05 22:16:00.023851,220.0
2025-02-05 22:17:00.153005,320.0
2025-02-05 22:18:00.156076,216.0
2025-02-05 22:19:00.126535,320.0
2025-02-05 22:20:00.091997,216.0
2025-02-05 22:21:00.048644,320.0
2025-02-05 22:22:00.158618,220.0
2025-02-05 22:23:00.047560,320.0
2025-02-05 22:24:00.097077,320.0
2025-02-05 22:25:00.114516,216.0
2025-02-05 22:26:00.006843,316.0
2025-02-05 22:27:00.118580,216.0
2025-02-05 22:28:00.059442,320.0
2025-02-05 22:29:00.051626,216.0
2025-02-05 22:30:00.083799,320.0
2025-02-05 22:31:00.096067,316.0
2025-02-05 22:32:00.024303,216.0
2025-02-05 22:33:00.087863,320.0
2025-02-05 22:34:00.116095,220.0
2025-02-05 22:35:00.073718,320.0
2025-02-05 22:36:00.022793,216.0
2025-02-05 22:37:00.176323,320.0
2025-02-05 22:38:00.042049,216.0
2025-02-05 22:39:00.150631,320.0
2025-02-05 22:40:00.009600,320.0
2025-02-05 22:41:00.068851,220.0
2025-02-05 22:42:00.014961,320.0
2025-02-05 22:43:00.010408,216.0
2025-02-05 22:44:00.068021,320.0
2025-02-05 22:45:00.011642,212.0
2025-02-05 22:46:00.145752,328.0
2025-02-05 22:47:00.109133,208.0
2025-02-05 22:48:00.073422,320.0
2025-02-05 22:49:00.151995,320.0
2025-02-05 22:50:00.085148,220.0
2025-02-05 22:51:00.060240,312.0
2025-02-05 22:52:00.171486,220.0
2025-02-05 22:53:00.176491,320.0
2025-02-05 22:54:00.025724,208.0
2025-02-05 22:55:00.179220,320.0
2025-02-05 22:56:00.114551,212.0
2025-02-05 22:57:00.072723,328.0
2025-02-05 22:58:00.055979,216.0
2025-02-05 22:59:00.036081,320.0
2025-02-05 23:00:00.098315,212.0
2025-02-05 23:01:00.108246,328.0
2025-02-05 23:02:00.081524,208.0
2025-02-05 23:03:00.110908,328.0
2025-02-05 23:04:00.009526,320.0
2025-02-05 23:05:00.045281,216.0
2025-02-05 23:06:00.163605,320.0
2025-02-05 23:07:00.070948,220.0
2025-02-05 23:08:00.080793,312.0
2025-02-05 23:09:00.162323,220.0
2025-02-05 23:10:00.148663,320.0
2025-02-05 23:11:00.042511,216.0
2025-02-05 23:12:00.056599,320.0
2025-02-05 23:13:00.152304,216.0
2025-02-05 23:14:00.060465,316.0
2025-02-05 23:15:00.105762,216.0
2025-02-05 23:16:00.081907,320.0
2025-02-05 23:17:00.008370,220.0
2025-02-05 23:18:00.035562,320.0
2025-02-05 23:19:00.016141,216.0
2025-02-05 23:20:00.073791,212.0
2025-02-05 23:21:00.089816,320.0
2025-02-05 23:22:00.060280,216.0
2025-02-05 23:23:00.085481,320.0
2025-02-05 23:24:00.036062,220.0
2025-02-05 23:25:00.105080,312.0
2025-02-05 23:26:00.064501,216.0
2025-02-05 23:27:00.104404,316.0
2025-02-05 23:28:00.056242,216.0
2025-02-05 23:29:00.159768,320.0
2025-02-05 23:30:00.107822,220.0
2025-02-05 23:31:00.033519,208.0
2025-02-05 23:32:00.095994,320.0
2025-02-05 23:33:00.012586,212.0
2025-02-05 23:34:00.091473,320.0
2025-02-05 23:35:00.085949,220.0
2025-02-05 23:36:00.178129,320.0
2025-02-05 23:37:00.160352,208.0
2025-02-05 23:38:00.045254,320.0
2025-02-05 23:39:00.018316,220.0
2025-02-05 23:40:00.009052,312.0
2025-02-05 23:41:00.135476,220.0
2025-02-05 23:42:00.125324,216.0
2025-02-05 23:43:00.174045,320.0
2025-02-05 23:44:00.060310,212.0
2025-02-05 23:45:00.136341,320.0
2025-02-05 23:46:00.178294,212.0
2025-02-05 23:47:00.058281,320.0
2025-02-05 23:48:00.122427,216.0
2025-02-05 23:49:00.137596,320.0
2025-02-05 23:50:00.167760,216.0
2025-02-05 23:51:00.139677,320.0
2025-02-05 23:52:00.145728,212.0
2025-02-05 23:53:00.083422,320.0
2025-02-05 23:54:00.112042,220.0
2025-02-05 23:55:00.067839,320.0
2025-02-05 23:56:00.048324,216.0
2025-02-05 23:57:00.123163,212.0
2025-02-05 23:58:00.064538,320.0
2025-02-05 23:59:00.169,216.0
2025-02-06 00:00:00.095215,320.0
2025-02-06 00:01:00.163176,320.0
2025-02-06 00:02:00.037364,220.0
2025-02-06 00:03:00.136646,312.0
2025-02-06 00:04:00.163727,216.0
2025-02-06 00:05:00.035759,320.0
2025-02-06 00:06:00.068017,220.0
2025-02-06 00:07:00.022986,320.0
2025-02-06 00:08:00.016172,212.0
2025-02-06 00:09:00.099352,320.0
2025-02-06 00:10:00.057619,216.0
2025-02-06 00:11:00.030759,320.0
2025-02-06 00:12:00.094161,216.0
2025-02-06 00:13:00.096352,320.0
2025-02-06 00:14:00.125930,220.0
2025-02-06 00:15:00.175262,320.0
2025-02-06 00:16:00.038690,212.0
2025-02-06 00:17:00.018874,324.0
2025-02-06 00:18:00.022552,212.0
2025-02-06 00:19:00.006694,320.0
2025-02-06 00:20:00.032659,320.0
2025-02-06 00:21:00.013181,216.0
2025-02-06 00:22:00.017313,316.0
2025-02-06 00:23:00.017221,216.0
2025-02-06 00:24:00.119587,320.0
2025-02-06 00:25:00.122655,220.0
2025-02-06 00:26:00.099953,320.0
2025-02-06 00:27:00.176410,216.0
2025-02-06 00:28:00.159111,320.0
2025-02-06 00:29:00.099079,320.0
2025-02-06 00:30:00.153297,216.0
2025-02-06 00:31:00.072040,320.0
2025-02-06 00:32:00.152199,224.0
2025-02-06 00:33:00.023836,320.0
2025-02-06 00:34:00.007902,212.0
2025-02-06 00:35:00.097638,328.0
2025-02-06 00:36:00.059284,320.0
2025-02-06 00:37:00.032083,216.0
2025-02-06 00:38:00.134157,320.0
2025-02-06 00:39:00.013843,212.0
2025-02-06 00:40:00.055923,328.0
2025-02-06 00:41:00.148392,312.0
2025-02-06 00:42:00.034333,216.0
2025-02-06 00:43:00.105615,220.0
2025-02-06 00:44:00.161925,320.0
2025-02-06 00:45:00.100295,212.0
2025-02-06 00:46:00.126087,320.0
2025-02-06 00:47:00.123332,216.0
2025-02-06 00:48:00.138745,312.0
2025-02-06 00:49:00.032446,220.0
2025-02-06 00:50:00.089413,212.0
2025-02-06 00:51:00.039932,320.0
2025-02-06 00:52:00.053858,208.0
2025-02-06 00:53:00.124091,220.0
2025-02-06 00:54:00.113046,212.0
2025-02-06 00:55:00.047108,320.0
2025-02-06 00:56:00.042623,208.0
2025-02-06 00:57:00.182160,220.0
2025-02-06 00:58:00.045370,212.0
2025-02-06 00:59:00.011921,216.0
2025-02-06 01:00:00.010430,312.0
2025-02-06 01:01:00.122571,212.0
2025-02-06 01:02:00.119343,220.0
2025-02-06 01:03:00.178910,208.0
2025-02-06 01:04:00.090238,212.0
2025-02-06 01:05:00.034024,212.0
2025-02-06 01:06:00.144839,212.0
2025-02-06 01:07:00.038148,212.0
2025-02-06 01:08:00.141533,208.0
2025-02-06 01:09:00.129382,212.0
2025-02-06 01:10:00.066407,108.0
2025-02-06 01:11:00.108155,212.0
2025-02-06 01:12:00.033485,212.0
2025-02-06 01:13:00.036342,212.0
2025-02-06 01:14:00.130763,100.0
2025-02-06 01:15:00.114962,212.0
2025-02-06 01:16:00.160129,212.0
2025-02-06 01:17:00.065230,104.0
2025-02-06 01:18:00.125913,208.0
2025-02-06 01:19:00.192578,212.0
2025-02-06 01:20:00.048513,104.0
2025-02-06 01:21:00.045760,100.0
2025-02-06 01:22:00.067162,212.0
2025-02-06 01:23:00.081583,108.0
2025-02-06 01:24:00.033976,212.0
2025-02-06 01:25:00.149045,104.0
2025-02-06 01:26:00.151370,212.0
2025-02-06 01:27:00.085545,108.0
2025-02-06 01:28:00.160859,212.0
2025-02-06 01:29:00.152154,208.0
2025-02-06 01:30:00.043450,112.0
2025-02-06 01:31:00.088994,204.0
2025-02-06 01:32:00.092153,108.0
2025-02-06 01:33:00.063545,108.0
2025-02-06 01:34:00.170711,104.0
2025-02-06 01:35:00.125846,108.0
2025-02-06 01:36:00.015145,104.0
2025-02-06 01:37:00.131760,100.0
2025-02-06 01:38:00.047032,0.0
2025-02-06 01:39:00.078808,104.0
2025-02-06 01:40:00.079117,0.0
2025-02-06 01:41:00.151381,108.0
2025-02-06 01:42:00.175336,0.0
2025-02-06 01:43:00.182229,104.0
2025-02-06 01:44:00.096420,0.0
2025-02-06 01:45:00.147387,0.0
2025-02-06 01:46:00.054683,100.0
2025-02-06 01:47:00.097065,0.0
2025-02-06 01:48:00.143746,0.0
2025-02-06 01:49:00.038903,0.0
2025-02-06 01:50:00.063114,104.0
2025-02-06 01:51:00.198382,0.0
2025-02-06 01:52:00.145086,0.0
2025-02-06 01:53:00.073798,0.0
2025-02-06 01:54:00.086393,0.0
2025-02-06 01:55:00.147756,0.0
2025-02-06 01:56:00.019021,0.0
2025-02-06 01:57:00.070811,0.0
2025-02-06 01:58:00.190706,0.0
2025-02-06 01:59:00.015740,0.0
2025-02-06 02:00:00.130546,0.0
2025-02-06 02:01:00.157820,0.0
2025-02-06 02:02:00.048327,0.0
2025-02-06 02:03:00.133273,0.0
2025-02-06 02:04:00.042002,0.0
2025-02-06 02:05:00.029297,0.0
2025-02-06 02:06:00.132854,0.0
2025-02-06 02:07:00.116519,0.0
2025-02-06 02:08:00.089396,0.0
2025-02-06 02:09:00.148212,0.0
2025-02-06 02:10:00.058147,0.0
2025-02-06 02:11:00.058408,0.0
2025-02-06 02:12:00.125386,0.0
2025-02-06 02:13:00.045203,0.0
2025-02-06 02:14:00.041284,0.0
2025-02-06 02:15:00.154343,0.0
2025-02-06 02:16:00.046573,0.0
2025-02-06 02:17:00.052254,0.0
2025-02-06 02:18:00.028318,0.0
2025-02-06 02:19:00.021402,0.0
2025-02-06 02:20:00.072390,0.0
2025-02-06 02:21:00.063336,0.0
2025-02-06 02:22:00.159744,0.0
2025-02-06 02:23:00.057637,0.0
2025-02-06 02:24:00.089444,0.0
2025-02-06 02:25:00.153400,0.0
2025-02-06 02:26:00.076485,0.0
2025-02-06 02:27:00.122171,0.0
2025-02-06 02:28:00.192667,0.0
2025-02-06 02:29:00.139253,0.0
2025-02-06 02:30:00.169135,0.0
2025-02-06 02:31:00.051636,0.0
2025-02-06 02:32:00.107045,0.0
2025-02-06 02:33:00.092596,0.0
2025-02-06 02:34:00.150260,0.0
2025-02-06 02:35:00.185043,0.0
2025-02-06 02:36:00.076480,0.0
2025-02-06 02:37:00.174819,0.0
2025-02-06 02:38:00.088524,0.0
2025-02-06 02:39:00.058170,0.0
2025-02-06 02:40:00.144287,0.0
2025-02-06 02:41:00.071999,0.0
2025-02-06 02:42:00.190387,0.0
2025-02-06 02:43:00.154415,0.0
2025-02-06 02:44:00.169410,0.0
2025-02-06 02:45:00.191127,0.0
2025-02-06 02:46:00.121502,0.0
2025-02-06 02:47:00.084819,0.0
2025-02-06 02:48:00.162841,0.0
2025-02-06 02:49:00.168333,0.0
2025-02-06 02:50:00.032194,0.0
2025-02-06 02:51:00.125138,0.0
2025-02-06 02:52:00.141580,0.0
2025-02-06 02:53:00.045779,0.0
2025-02-06 02:54:00.142170,0.0
2025-02-06 02:55:00.152326,0.0
2025-02-06 02:56:00.087756,0.0
2025-02-06 02:57:00.149464,0.0
2025-02-06 02:58:00.133152,0.0
2025-02-06 02:59:00.181039,0.0
2025-02-06 03:00:00.051577,0.0
2025-02-06 03:01:00.132580,0.0
2025-02-06 03:02:00.089015,0.0
2025-02-06 03:03:00.051127,0.0
2025-02-06 03:04:00.094264,0.0
2025-02-06 03:05:00.167198,0.0
2025-02-06 03:06:00.058323,0.0
2025-02-06 03:07:00.106806,0.0
2025-02-06 03:08:00.148099,0.0
2025-02-06 03:09:00.030537,0.0
2025-02-06 03:10:00.096063,0.0
2025-02-06 03:11:00.167627,0.0
2025-02-06 03:12:00.068236,0.0
2025-02-06 03:13:00.133494,0.0
2025-02-06 03:14:00.024678,0.0
2025-02-06 03:15:00.053019,108.0
2025-02-06 03:16:00.117157,216.0
2025-02-06 03:17:00.199786,320.0
2025-02-06 03:18:00.049848,328.0
2025-02-06 03:19:00.096475,320.0
2025-02-06 03:20:00.160601,320.0
2025-02-06 03:21:00.053478,212.0
2025-02-06 03:22:00.122025,108.0
2025-02-06 03:23:00.044764,212.0
2025-02-06 03:24:00.073526,212.0
2025-02-06 03:25:00.170621,208.0
2025-02-06 03:26:00.008050,212.0
2025-02-06 03:27:00.096793,212.0
2025-02-06 03:28:00.122489,212.0
2025-02-06 03:29:00.166073,100.0
2025-02-06 03:30:00.056990,212.0
2025-02-06 03:31:00.011116,212.0
2025-02-06 03:32:00.056643,108.0
2025-02-06 03:33:00.174165,212.0
2025-02-06 03:34:00.092989,312.0
2025-02-06 03:35:00.059859,220.0
2025-02-06 03:36:00.138805,320.0
2025-02-06 03:37:00.016343,216.0
2025-02-06 03:38:00.117306,320.0
2025-02-06 03:39:00.039983,220.0
2025-02-06 03:40:00.091294,208.0
2025-02-06 03:41:00.082731,328.0
2025-02-06 03:42:00.144968,216.0
2025-02-06 03:43:00.021240,320.0
2025-02-06 03:44:00.133728,212.0
2025-02-06 03:45:00.173753,320.0
2025-02-06 03:46:00.133318,220.0
2025-02-06 03:47:00.021151,320.0
2025-02-06 03:48:00.023860,208.0
2025-02-06 03:49:00.111219,320.0
2025-02-06 03:50:00.016542,220.0
2025-02-06 03:51:00.042689,324.0
2025-02-06 03:52:00.143220,220.0
2025-02-06 03:53:00.017592,320.0
2025-02-06 03:54:00.041547,212.0
2025-02-06 03:55:00.135073,216.0
2025-02-06 03:56:00.023459,320.0
2025-02-06 03:57:00.154070,212.0
2025-02-06 03:58:00.116239,320.0
2025-02-06 03:59:00.153,216.0
2025-02-06 04:00:00.045786,212.0
2025-02-06 04:01:00.096062,320.0
2025-02-06 04:02:00.134547,216.0
2025-02-06 04:03:00.083968,320.0
2025-02-06 04:04:00.128101,212.0
2025-02-06 04:05:00.173123,320.0
2025-02-06 04:06:00.126444,220.0
2025-02-06 04:07:00.051747,208.0
2025-02-06 04:08:00.087632,320.0
2025-02-06 04:09:00.082354,220.0
2025-02-06 04:10:00.133478,320.0
2025-02-06 04:11:00.149838,216.0
2025-02-06 04:12:00.157259,220.0
2025-02-06 04:13:00.165744,324.0
2025-02-06 04:14:00.071829,212.0
2025-02-06 04:15:00.021410,320.0
2025-02-06 04:16:00.079590,216.0
2025-02-06 04:17:00.163001,316.0
2025-02-06 04:18:00.158797,216.0
2025-02-06 04:19:00.095136,320.0
2025-02-06 04:20:00.032997,220.0
2025-02-06 04:21:00.167239,208.0
2025-02-06 04:22:00.157336,320.0
2025-02-06 04:23:00.023969,220.0
2025-02-06 04:24:00.106372,312.0
2025-02-06 04:25:00.162027,220.0
2025-02-06 04:26:00.052042,216.0
2025-02-06 04:27:00.021743,320.0
2025-02-06 04:28:00.016209,216.0
2025-02-06 04:29:00.141643,320.0
2025-02-06 04:30:00.041247,212.0
2025-02-06 04:31:00.148829,320.0
2025-02-06 04:32:00.038558,212.0
2025-02-06 04:33:00.110066,216.0
2025-02-06 04:34:00.067550,320.0
2025-02-06 04:35:00.098355,220.0
2025-02-06 04:36:00.131387,320.0
2025-02-06 04:37:00.194658,216.0
2025-02-06 04:38:00.075649,316.0
2025-02-06 04:39:00.163532,216.0
2025-02-06 04:40:00.035885,216.0
2025-02-06 04:41:00.115683,320.0
2025-02-06 04:42:00.183938,212.0
2025-02-06 04:43:00.058267,320.0
2025-02-06 04:44:00.020161,220.0
2025-02-06 04:45:00.139321,208.0
2025-02-06 04:46:00.042685,328.0
2025-02-06 04:47:00.038798,212.0
2025-02-06 04:48:00.026716,312.0
2025-02-06 04:49:00.048844,220.0
2025-02-06 04:50:00.121082,320.0
2025-02-06 04:51:00.063719,216.0
2025-02-06 04:52:00.153835,212.0
2025-02-06 04:53:00.126658,320.0
2025-02-06 04:54:00.020489,216.0
2025-02-06 04:55:00.113147,316.0
2025-02-06 04:56:00.013079,216.0
2025-02-06 04:57:00.022176,212.0
2025-02-06 04:58:00.069109,320.0
2025-02-06 04:59:00.156981,216.0
2025-02-06 05:00:00.018945,212.0
2025-02-06 05:01:00.075772,320.0
2025-02-06 05:02:00.018934,216.0
2025-02-06 05:03:00.077398,320.0
2025-02-06 05:04:00.048533,220.0
2025-02-06 05:05:00.042757,212.0
2025-02-06 05:06:00.117007,320.0
2025-02-06 05:07:00.156538,216.0
2025-02-06 05:08:00.105758,212.0
2025-02-06 05:09:00.110715,324.0
2025-02-06 05:10:00.159024,212.0
2025-02-06 05:11:00.048412,320.0
2025-02-06 05:12:00.194906,220.0
2025-02-06 05:13:00.006071,208.0
2025-02-06 05:14:00.151752,320.0
2025-02-06 05:15:00.080905,220.0
2025-02-06 05:16:00.079658,212.0
2025-02-06 05:17:00.126836,320.0
2025-02-06 05:18:00.167387,216.0
2025-02-06 05:19:00.111544,212.0
2025-02-06 05:20:00.136717,320.0
2025-02-06 05:21:00.138098,216.0
2025-02-06 05:22:00.080913,320.0
2025-02-06 05:23:00.058714,212.0
2025-02-06 05:24:00.025195,216.0
2025-02-06 05:25:00.117341,316.0
2025-02-06 05:26:00.152008,216.0
2025-02-06 05:27:00.154325,212.0
2025-02-06 05:28:00.044589,328.0
2025-02-06 05:29:00.092376,208.0
2025-02-06 05:30:00.057830,320.0
2025-02-06 05:31:00.074452,212.0
2025-02-06 05:32:00.047452,212.0
2025-02-06 05:33:00.086237,320.0
2025-02-06 05:34:00.114472,216.0
2025-02-06 05:35:00.128443,220.0
2025-02-06 05:36:00.133996,320.0
2025-02-06 05:37:00.138414,216.0
2025-02-06 05:38:00.119323,320.0
2025-02-06 05:39:00.034275,212.0
2025-02-06 05:40:00.135457,216.0
2025-02-06 05:41:00.087669,320.0
2025-02-06 05:42:00.048463,220.0
2025-02-06 05:43:00.095303,320.0
2025-02-06 05:44:00.064750,216.0
2025-02-06 05:45:00.057,212.0
2025-02-06 05:46:00.038164,320.0
2025-02-06 05:47:00.134986,212.0
2025-02-06 05:48:00.068676,320.0
2025-02-06 05:49:00.126867,216.0
2025-02-06 05:50:00.094952,212.0
2025-02-06 05:51:00.121509,320.0
2025-02-06 05:52:00.123330,212.0
2025-02-06 05:53:00.093379,320.0
2025-02-06 05:54:00.030772,216.0
2025-02-06 05:55:00.090373,212.0
2025-02-06 05:56:00.131412,312.0
2025-02-06 05:57:00.159785,220.0
2025-02-06 05:58:00.104332,320.0
2025-02-06 05:59:00.160641,212.0
2025-02-06 06:00:00.066298,216.0
2025-02-06 06:01:00.064831,312.0
2025-02-06 06:02:00.136653,224.0
2025-02-06 06:03:00.164381,316.0
2025-02-06 06:04:00.104751,216.0
2025-02-06 06:05:00.123530,320.0
2025-02-06 06:06:00.065617,220.0
2025-02-06 06:07:00.015975,216.0
2025-02-06 06:08:00.117088,312.0
2025-02-06 06:09:00.059641,220.0
2025-02-06 06:10:00.158714,320.0
2025-02-06 06:11:00.064281,212.0
2025-02-06 06:12:00.051607,320.0
2025-02-06 06:13:00.035313,216.0
2025-02-06 06:14:00.163612,320.0
2025-02-06 06:15:00.099140,216.0
2025-02-06 06:16:00.080142,328.0
2025-02-06 06:17:00.158356,212.0
2025-02-06 06:18:00.165416,320.0
2025-02-06 06:19:00.008479,212.0
2025-02-06 06:20:00.077288,312.0
2025-02-06 06:21:00.033483,216.0
2025-02-06 06:22:00.150028,320.0
2025-02-06 06:23:00.104445,220.0
2025-02-06 06:24:00.163202,212.0
2025-02-06 06:25:00.166995,320.0
2025-02-06 06:26:00.170409,216.0
2025-02-06 06:27:00.178788,320.0
2025-02-06 06:28:00.131430,216.0
2025-02-06 06:29:00.165356,320.0
2025-02-06 06:30:00.046969,212.0
2025-02-06 06:31:00.052993,320.0
2025-02-06 06:32:00.032689,220.0
2025-02-06 06:33:00.024125,320.0
2025-02-06 06:34:00.078517,216.0
2025-02-06 06:35:00.012022,312.0
2025-02-06 06:36:00.037530,220.0
2025-02-06 06:37:00.122806,312.0
2025-02-06 06:38:00.194319,224.0
2025-02-06 06:39:00.095992,212.0
2025-02-06 06:40:00.121009,320.0
2025-02-06 06:41:00.060054,212.0
2025-02-06 06:42:00.109588,320.0
2025-02-06 06:43:00.166766,216.0
2025-02-06 06:44:00.026933,316.0
2025-02-06 06:45:00.058155,216.0
2025-02-06 06:46:00.160075,320.0
2025-02-06 06:47:00.118116,216.0
2025-02-06 06:48:00.122446,212.0
2025-02-06 06:49:00.012862,320.0
2025-02-06 06:50:00.140841,220.0
2025-02-06 06:51:00.034477,208.0
2025-02-06 06:52:00.079052,320.0
2025-02-06 06:53:00.018859,220.0
2025-02-06 06:54:00.011773,320.0
2025-02-06 06:55:00.051485,216.0
2025-02-06 06:56:00.162026,212.0
2025-02-06 06:57:00.070244,320.0
2025-02-06 06:58:00.079576,216.0
2025-02-06 06:59:00.143924,320.0
2025-02-06 07:00:00.027180,212.0
2025-02-06 07:01:00.061822,220.0
2025-02-06 07:02:00.121319,320.0
2025-02-06 07:03:00.024983,208.0
2025-02-06 07:04:00.060556,220.0
2025-02-06 07:05:00.018732,320.0
2025-02-06 07:06:00.007144,212.0
2025-02-06 07:07:00.043322,320.0
2025-02-06 07:08:00.132180,208.0
2025-02-06 07:09:00.035376,220.0
2025-02-06 07:10:00.153654,320.0
2025-02-06 07:11:00.031813,212.0
2025-02-06 07:12:00.021968,320.0
2025-02-06 07:13:00.065339,216.0
2025-02-06 07:14:00.142271,216.0
2025-02-06 07:15:00.029142,320.0
2025-02-06 07:16:00.046106,212.0
2025-02-06 07:17:00.086943,316.0
2025-02-06 07:18:00.032035,224.0
2025-02-06 07:19:00.141330,208.0
2025-02-06 07:20:00.121215,320.0
2025-02-06 07:21:00.155089,212.0
2025-02-06 07:22:00.097067,320.0
2025-02-06 07:23:00.148753,212.0
2025-02-06 07:24:00.011026,216.0
2025-02-06 07:25:00.081521,320.0
2025-02-06 07:26:00.135090,220.0
2025-02-06 07:27:00.134574,212.0
2025-02-06 07:28:00.091889,320.0
2025-02-06 07:29:00.121153,208.0
2025-02-06 07:30:00.015082,220.0
2025-02-06 07:31:00.149714,320.0
2025-02-06 07:32:00.127562,212.0
2025-02-06 07:33:00.006825,320.0
2025-02-06 07:34:00.095597,208.0
2025-02-06 07:35:00.127892,220.0
2025-02-06 07:36:00.024189,320.0
2025-02-06 07:37:00.106102,216.0
2025-02-06 07:38:00.109416,212.0
2025-02-06 07:39:00.160813,312.0
2025-02-06 07:40:00.061971,220.0
2025-02-06 07:41:00.122187,212.0
2025-02-06 07:42:00.124303,320.0
2025-02-06 07:43:00.035035,208.0
2025-02-06 07:44:00.045023,212.0
2025-02-06 07:45:00.136408,320.0
2025-02-06 07:46:00.135144,220.0
2025-02-06 07:47:00.146899,208.0
2025-02-06 07:48:00.013926,320.0
2025-02-06 07:49:00.092858,212.0
2025-02-06 07:50:00.031598,220.0
2025-02-06 07:51:00.111952,312.0
2025-02-06 07:52:00.051703,216.0
2025-02-06 07:53:00.121112,212.0
2025-02-06 07:54:00.105238,320.0
2025-02-06 07:55:00.025468,220.0
2025-02-06 07:56:00.025493,208.0
2025-02-06 07:57:00.053437,320.0
2025-02-06 07:58:00.081345,212.0
2025-02-06 07:59:00.089905,220.0
2025-02-06 08:00:00.170858,312.0
2025-02-06 08:01:00.140085,216.0
2025-02-06 08:02:00.103377,212.0
2025-02-06 08:03:00.154713,320.0
2025-02-06 08:04:00.032526,212.0
2025-02-06 08:05:00.163743,216.0
2025-02-06 08:06:00.142329,320.0
2025-02-06 08:07:00.126622,212.0
2025-02-06 08:08:00.055496,212.0
2025-02-06 08:09:00.133924,320.0
2025-02-06 08:10:00.166244,216.0
2025-02-06 08:11:00.124226,212.0
2025-02-06 08:12:00.181977,320.0
2025-02-06 08:13:00.053868,212.0
2025-02-06 08:14:00.035511,216.0
2025-02-06 08:15:00.109544,316.0
2025-02-06 08:16:00.112816,216.0
2025-02-06 08:17:00.096908,212.0
2025-02-06 08:18:00.029733,216.0
2025-02-06 08:19:00.038179,320.0
2025-02-06 08:20:00.150372,212.0
2025-02-06 08:21:00.047882,220.0
2025-02-06 08:22:00.029047,312.0
2025-02-06 08:23:00.072900,224.0
2025-02-06 08:24:00.129717,212.0
2025-02-06 08:25:00.181203,320.0
2025-02-06 08:26:00.159598,216.0
2025-02-06 08:27:00.007526,212.0
2025-02-06 08:28:00.016263,320.0
2025-02-06 08:29:00.070800,216.0
2025-02-06 08:30:00.153612,212.0
2025-02-06 08:31:00.182474,320.0
2025-02-06 08:32:00.055825,212.0
2025-02-06 08:33:00.014060,216.0
2025-02-06 08:34:00.181590,320.0
2025-02-06 08:35:00.174358,220.0
2025-02-06 08:36:00.048699,312.0
2025-02-06 08:37:00.141469,220.0
2025-02-06 08:38:00.176760,216.0
2025-02-06 08:39:00.071775,320.0
2025-02-06 08:40:00.115539,212.0
2025-02-06 08:41:00.128115,216.0
2025-02-06 08:42:00.109458,320.0
2025-02-06 08:43:00.162127,212.0
2025-02-06 08:44:00.059568,212.0
2025-02-06 08:45:00.035312,324.0
2025-02-06 08:46:00.142117,212.0
2025-02-06 08:47:00.143569,316.0
2025-02-06 08:48:00.118804,216.0
2025-02-06 08:49:00.169394,212.0
2025-02-06 08:50:00.033682,320.0
2025-02-06 08:51:00.090040,216.0
2025-02-06 08:52:00.021780,212.0
2025-02-06 08:53:00.032246,320.0
2025-02-06 08:54:00.164183,212.0
2025-02-06 08:55:00.060520,216.0
2025-02-06 08:56:00.135574,320.0
2025-02-06 08:57:00.032816,212.0
2025-02-06 08:58:00.028973,320.0
2025-02-06 08:59:00.023009,216.0
2025-02-06 09:00:00.056353,212.0
2025-02-06 09:01:00.014122,320.0
2025-02-06 09:02:00.130896,220.0
2025-02-06 09:03:00.099429,208.0
2025-02-06 09:04:00.080687,328.0
2025-02-06 09:05:00.035710,212.0
2025-02-06 09:06:00.040780,212.0
2025-02-06 09:07:00.096252,324.0
2025-02-06 09:08:00.171931,212.0
2025-02-06 09:09:00.166220,312.0
2025-02-06 09:10:00.111118,220.0
2025-02-06 09:11:00.074855,216.0
2025-02-06 09:12:00.160859,316.0
2025-02-06 09:13:00.171952,216.0
2025-02-06 09:14:00.083309,216.0
2025-02-06 09:15:00.160813,316.0
2025-02-06 09:16:00.053359,216.0
2025-02-06 09:17:00.029247,212.0
2025-02-06 09:18:00.180744,320.0
2025-02-06 09:19:00.051862,216.0
2025-02-06 09:20:00.082766,316.0
2025-02-06 09:21:00.165895,216.0
2025-02-06 09:22:00.064610,220.0
2025-02-06 09:23:00.114415,312.0
2025-02-06 09:24:00.016489,216.0
2025-02-06 09:25:00.079139,220.0
2025-02-06 09:26:00.116558,312.0
2025-02-06 09:27:00.014845,220.0
2025-02-06 09:28:00.052640,216.0
2025-02-06 09:29:00.065580,320.0
2025-02-06 09:30:00.152777,212.0
2025-02-06 09:31:00.107681,312.0
2025-02-06 09:32:00.070093,220.0
2025-02-06 09:33:00.105744,208.0
2025-02-06 09:34:00.018712,320.0
2025-02-06 09:35:00.091865,220.0
2025-02-06 09:36:00.147527,212.0
2025-02-06 09:37:00.035463,320.0
2025-02-06 09:38:00.079316,208.0
2025-02-06 09:39:00.162532,220.0
2025-02-06 09:40:00.146063,312.0
2025-02-06 09:41:00.151146,220.0
2025-02-06 09:42:00.070394,216.0
2025-02-06 09:43:00.092420,320.0
2025-02-06 09:44:00.093521,212.0
2025-02-06 09:45:00.119838,320.0
2025-02-06 09:46:00.151748,212.0
2025-02-06 09:47:00.070616,216.0
2025-02-06 09:48:00.036278,320.0
2025-02-06 09:49:00.176817,212.0
2025-02-06 09:50:00.050915,216.0
2025-02-06 09:51:00.031602,320.0
2025-02-06 09:52:00.163366,220.0
2025-02-06 09:53:00.096096,208.0
2025-02-06 09:54:00.025366,320.0
2025-02-06 09:55:00.113739,212.0
2025-02-06 09:56:00.127157,320.0
2025-02-06 09:57:00.012257,220.0
2025-02-06 09:58:00.095783,208.0
2025-02-06 09:59:00.109117,320.0
2025-02-06 10:00:00.102855,220.0
2025-02-06 10:01:00.058730,312.0
2025-02-06 10:02:00.074415,220.0
2025-02-06 10:03:00.039471,216.0
2025-02-06 10:04:00.114098,320.0
2025-02-06 10:05:00.081425,212.0
2025-02-06 10:06:00.087184,320.0
2025-02-06 10:07:00.110548,216.0
2025-02-06 10:08:00.051763,320.0
2025-02-06 10:09:00.138791,220.0
2025-02-06 10:10:00.048694,312.0
2025-02-06 10:11:00.055348,216.0
2025-02-06 10:12:00.014702,220.0
2025-02-06 10:13:00.010854,320.0
2025-02-06 10:14:00.138473,212.0
2025-02-06 10:15:00.074127,324.0
2025-02-06 10:16:00.051601,212.0
2025-02-06 10:17:00.085621,320.0
2025-02-06 10:18:00.026131,216.0
2025-02-06 10:19:00.040147,316.0
2025-02-06 10:20:00.082728,216.0
2025-02-06 10:21:00.134450,212.0
2025-02-06 10:22:00.033896,328.0
2025-02-06 10:23:00.062725,208.0
2025-02-06 10:24:00.152580,320.0
2025-02-06 10:25:00.115140,220.0
2025-02-06 10:26:00.050281,320.0
2025-02-06 10:27:00.013617,212.0
2025-02-06 10:28:00.012133,320.0
2025-02-06 10:29:00.160953,216.0
2025-02-06 10:30:00.133463,312.0
2025-02-06 10:31:00.012580,224.0
2025-02-06 10:32:00.104055,316.0
2025-02-06 10:33:00.053100,216.0
2025-02-06 10:34:00.021825,328.0
2025-02-06 10:35:00.070994,212.0
2025-02-06 10:36:00.118734,320.0
2025-02-06 10:37:00.052156,208.0
2025-02-06 10:38:00.117655,320.0
2025-02-06 10:39:00.097332,220.0
2025-02-06 10:40:00.119361,320.0
2025-02-06 10:41:00.107612,320.0
2025-02-06 10:42:00.118829,216.0
2025-02-06 10:43:00.135772,316.0
2025-02-06 10:44:00.056603,216.0
2025-02-06 10:45:00.115759,320.0
2025-02-06 10:46:00.168964,216.0
2025-02-06 10:47:00.105108,320.0
2025-02-06 10:48:00.037374,212.0
2025-02-06 10:49:00.033664,320.0
2025-02-06 10:50:00.023932,320.0
2025-02-06 10:51:00.075008,220.0
2025-02-06 10:52:00.160382,312.0
2025-02-06 10:53:00.048971,216.0
2025-02-06 10:54:00.083290,320.0
2025-02-06 10:55:00.036323,220.0
2025-02-06 10:56:00.103433,320.0
2025-02-06 10:57:00.156218,212.0
2025-02-06 10:58:00.179124,324.0
2025-02-06 10:59:00.068772,212.0
2025-02-06 11:00:00.142324,320.0
2025-02-06 11:01:00.031151,320.0
2025-02-06 11:02:00.110475,216.0
2025-02-06 11:03:00.125800,320.0
2025-02-06 11:04:00.155678,220.0
2025-02-06 11:05:00.010527,320.0
2025-02-06 11:06:00.135448,216.0
2025-02-06 11:07:00.116081,320.0
2025-02-06 11:08:00.172552,212.0
2025-02-06 11:09:00.132444,320.0
2025-02-06 11:10:00.134008,216.0
2025-02-06 11:11:00.118738,320.0
2025-02-06 11:12:00.134647,220.0
2025-02-06 11:13:00.011966,320.0
2025-02-06 11:14:00.031785,212.0
2025-02-06 11:15:00.164621,320.0
2025-02-06 11:16:00.169159,312.0
2025-02-06 11:17:00.049782,216.0
2025-02-06 11:18:00.138663,316.0
2025-02-06 11:19:00.150456,216.0
2025-02-06 11:20:00.094580,320.0
2025-02-06 11:21:00.046064,220.0
2025-02-06 11:22:00.076091,312.0
2025-02-06 11:23:00.133497,216.0
2025-02-06 11:24:00.101076,320.0
2025-02-06 11:25:00.136422,212.0
2025-02-06 11:26:00.041078,320.0
2025-02-06 11:27:00.086059,220.0
2025-02-06 11:28:00.118861,320.0
2025-02-06 11:29:00.079828,208.0
2025-02-06 11:30:00.146817,328.0
2025-02-06 11:31:00.173791,212.0
2025-02-06 11:32:00.123281,324.0
2025-02-06 11:33:00.069333,212.0
2025-02-06 11:34:00.034386,320.0
2025-02-06 11:35:00.038298,220.0
2025-02-06 11:36:00.085598,324.0
2025-02-06 11:37:00.060516,320.0
2025-02-06 11:38:00.131668,212.0
2025-02-06 11:39:00.078782,312.0
2025-02-06 11:40:00.079772,220.0
2025-02-06 11:41:00.070486,320.0
2025-02-06 11:42:00.045704,212.0
2025-02-06 11:43:00.087759,320.0
2025-02-06 11:44:00.029140,216.0
2025-02-06 11:45:00.085304,320.0
2025-02-06 11:46:00.156179,216.0
2025-02-06 11:47:00.040785,320.0
2025-02-06 11:48:00.117134,316.0
2025-02-06 11:49:00.015165,216.0
2025-02-06 11:50:00.023537,320.0
2025-02-06 11:51:00.083736,220.0
2025-02-06 11:52:00.132691,312.0
2025-02-06 11:53:00.020009,216.0
2025-02-06 11:54:00.075295,320.0
2025-02-06 11:55:00.126746,220.0
2025-02-06 11:56:00.190320,312.0
2025-02-06 11:57:00.061117,220.0
2025-02-06 11:58:00.134609,320.0
2025-02-06 11:59:00.158145,216.0
2025-02-06 12:00:00.121080,320.0
2025-02-06 12:01:00.099865,212.0
2025-02-06 12:02:00.184346,324.0
2025-02-06 12:03:00.061934,212.0
2025-02-06 12:04:00.156389,320.0
2025-02-06 12:05:00.139516,212.0
2025-02-06 12:06:00.083839,320.0
2025-02-06 12:07:00.094511,216.0
2025-02-06 12:08:00.072666,316.0
2025-02-06 12:09:00.065263,216.0
2025-02-06 12:10:00.095452,320.0
2025-02-06 12:11:00.039254,212.0
2025-02-06 12:12:00.124719,328.0
2025-02-06 12:13:00.149436,208.0
2025-02-06 12:14:00.046710,320.0
2025-02-06 12:15:00.063475,220.0
2025-02-06 12:16:00.088013,320.0
2025-02-06 12:17:00.141208,212.0
2025-02-06 12:18:00.119307,320.0
2025-02-06 12:19:00.084488,208.0
2025-02-06 12:20:00.138341,328.0
2025-02-06 12:21:00.163426,212.0
2025-02-06 12:22:00.103625,212.0
2025-02-06 12:23:00.196889,208.0
2025-02-06 12:24:00.014990,212.0
2025-02-06 12:25:00.130058,108.0
2025-02-06 12:26:00.021514,212.0
2025-02-06 12:27:00.104622,212.0
2025-02-06 12:28:00.116233,212.0
2025-02-06 12:29:00.053256,212.0
2025-02-06 12:30:00.160235,208.0
2025-02-06 12:31:00.046596,212.0
2025-02-06 12:32:00.166319,220.0
2025-02-06 12:33:00.146586,208.0
2025-02-06 12:34:00.089047,212.0
2025-02-06 12:35:00.014966,212.0
2025-02-06 12:36:00.060996,212.0
2025-02-06 12:37:00.036823,212.0
2025-02-06 12:38:00.099328,208.0
2025-02-06 12:39:00.035739,212.0
2025-02-06 12:40:00.088569,108.0
2025-02-06 12:41:00.124876,212.0
2025-02-06 12:42:00.020940,220.0
2025-02-06 12:43:00.027625,208.0
2025-02-06 12:44:00.092018,208.0
2025-02-06 12:45:00.168967,208.0
2025-02-06 12:46:00.100126,212.0
2025-02-06 12:47:00.123314,220.0
2025-02-06 12:48:00.047768,208.0
2025-02-06 12:49:00.043421,212.0
2025-02-06 12:50:00.152795,212.0
2025-02-06 12:51:00.059772,212.0
2025-02-06 12:52:00.159417,212.0
2025-02-06 12:53:00.153482,208.0
2025-02-06 12:54:00.119875,212.0
2025-02-06 12:55:00.078689,212.0
2025-02-06 12:56:00.078850,212.0
2025-02-06 12:57:00.137063,212.0
2025-02-06 12:58:00.024604,208.0
2025-02-06 12:59:00.043424,112.0
2025-02-06 13:00:00.146146,216.0
2025-02-06 13:01:00.176729,212.0
2025-02-06 13:02:00.008485,212.0
2025-02-06 13:03:00.088116,208.0
2025-02-06 13:04:00.139502,212.0
2025-02-06 13:05:00.164995,212.0
2025-02-06 13:06:00.158869,212.0
2025-02-06 13:07:00.099043,212.0
2025-02-06 13:08:00.148875,208.0
2025-02-06 13:09:00.017640,212.0
2025-02-06 13:10:00.069487,212.0
2025-02-06 13:11:00.106289,212.0
2025-02-06 13:12:00.153187,320.0
2025-02-06 13:13:00.100459,216.0
2025-02-06 13:14:00.145077,320.0
2025-02-06 13:15:00.013085,220.0
2025-02-06 13:16:00.079527,320.0
2025-02-06 13:17:00.148702,208.0
2025-02-06 13:18:00.019746,320.0
2025-02-06 13:19:00.091468,320.0
2025-02-06 13:20:00.078282,220.0
2025-02-06 13:21:00.028573,312.0
2025-02-06 13:22:00.067890,220.0
2025-02-06 13:23:00.165558,320.0
2025-02-06 13:24:00.040209,320.0
2025-02-06 13:25:00.103835,216.0
2025-02-06 13:26:00.151261,320.0
2025-02-06 13:27:00.025616,212.0
2025-02-06 13:28:00.011795,320.0
2025-02-06 13:29:00.174208,320.0
2025-02-06 13:30:00.112033,216.0
2025-02-06 13:31:00.068497,316.0
2025-02-06 13:32:00.056102,216.0
2025-02-06 13:33:00.048992,328.0
2025-02-06 13:34:00.031987,208.0
2025-02-06 13:35:00.084609,320.0
2025-02-06 13:36:00.173628,220.0
2025-02-06 13:37:00.171069,320.0
2025-02-06 13:38:00.043064,216.0
2025-02-06 13:39:00.088254,320.0
2025-02-06 13:40:00.016099,320.0
2025-02-06 13:41:00.086393,212.0
2025-02-06 13:42:00.144134,320.0
2025-02-06 13:43:00.142559,212.0
2025-02-06 13:44:00.018308,320.0
2025-02-06 13:45:00.074790,216.0
2025-02-06 13:46:00.161762,320.0
2025-02-06 13:47:00.052244,212.0
2025-02-06 13:48:00.133988,320.0
2025-02-06 13:49:00.149295,216.0
2025-02-06 13:50:00.027379,320.0
2025-02-06 13:51:00.083899,320.0
2025-02-06 13:52:00.108497,220.0
2025-02-06 13:53:00.186953,320.0
2025-02-06 13:54:00.071840,216.0
2025-02-06 13:55:00.082111,320.0
2025-02-06 13:56:00.162583,212.0
2025-02-06 13:57:00.133823,312.0
2025-02-06 13:58:00.098058,220.0
2025-02-06 13:59:00.171875,320.0
2025-02-06 14:00:00.071480,216.0
2025-02-06 14:01:00.145482,320.0
2025-02-06 14:02:00.035037,212.0
2025-02-06 14:03:00.024234,320.0
2025-02-06 14:04:00.156562,216.0
2025-02-06 14:05:00.113959,316.0
2025-02-06 14:06:00.144704,216.0
2025-02-06 14:07:00.069710,320.0
2025-02-06 14:08:00.115444,316.0
2025-02-06 14:09:00.141762,216.0
2025-02-06 14:10:00.112121,320.0
2025-02-06 14:11:00.011780,212.0
2025-02-06 14:12:00.186779,324.0
2025-02-06 14:13:00.042935,212.0
2025-02-06 14:14:00.122038,320.0
2025-02-06 14:15:00.186648,220.0
2025-02-06 14:16:00.042671,320.0
2025-02-06 14:17:00.025785,208.0
2025-02-06 14:18:00.176464,328.0
2025-02-06 14:19:00.117016,312.0
2025-02-06 14:20:00.087093,220.0
2025-02-06 14:21:00.080218,312.0
2025-02-06 14:22:00.157483,220.0
2025-02-06 14:23:00.042358,320.0
2025-02-06 14:24:00.053105,216.0
2025-02-06 14:25:00.124035,312.0
2025-02-06 14:26:00.160244,224.0
2025-02-06 14:27:00.094948,316.0
2025-02-06 14:28:00.147759,216.0
2025-02-06 14:29:00.155071,212.0
2025-02-06 14:30:00.116331,320.0
2025-02-06 14:31:00.107986,212.0
2025-02-06 14:32:00.039131,320.0
2025-02-06 14:33:00.052129,320.0
2025-02-06 14:34:00.148207,212.0
2025-02-06 14:35:00.070373,324.0
2025-02-06 14:36:00.158472,212.0
2025-02-06 14:37:00.076597,320.0
2025-02-06 14:38:00.131480,320.0
2025-02-06 14:39:00.067951,216.0
2025-02-06 14:40:00.140893,320.0
2025-02-06 14:41:00.161951,220.0
2025-02-06 14:42:00.101103,320.0
2025-02-06 14:43:00.169005,320.0
2025-02-06 14:44:00.012714,216.0
2025-02-06 14:45:00.082992,320.0
2025-02-06 14:46:00.007575,320.0
2025-02-06 14:47:00.080252,220.0
2025-02-06 14:48:00.007433,320.0
2025-02-06 14:49:00.145775,312.0
2025-02-06 14:50:00.069713,216.0
2025-02-06 14:51:00.025311,320.0
2025-02-06 14:52:00.080555,220.0
2025-02-06 14:53:00.099822,320.0
2025-02-06 14:54:00.052986,320.0
2025-02-06 14:55:00.161006,212.0
2025-02-06 14:56:00.040142,320.0
2025-02-06 14:57:00.144100,320.0
2025-02-06 14:58:00.153107,216.0
2025-02-06 14:59:00.115586,320.0
2025-02-06 15:00:00.100031,320.0
2025-02-06 15:01:00.119552,216.0
2025-02-06 15:02:00.142934,328.0
2025-02-06 15:03:00.033599,312.0
2025-02-06 15:04:00.065434,220.0
2025-02-06 15:05:00.142364,320.0
2025-02-06 15:06:00.142314,320.0
2025-02-06 15:07:00.088513,320.0
2025-02-06 15:08:00.129854,216.0
2025-02-06 15:09:00.175813,328.0
2025-02-06 15:10:00.070690,312.0
2025-02-06 15:11:00.113194,220.0
2025-02-06 15:12:00.026824,320.0
2025-02-06 15:13:00.044762,320.0
2025-02-06 15:14:00.041060,216.0
2025-02-06 15:15:00.035326,320.0
2025-02-06 15:16:00.141317,320.0
2025-02-06 15:17:00.005710,212.0
2025-02-06 15:18:00.098786,320.0
2025-02-06 15:19:00.089359,324.0
2025-02-06 15:20:00.162221,320.0
2025-02-06 15:21:00.047277,220.0
2025-02-06 15:22:00.121340,320.0
2025-02-06 15:23:00.150386,320.0
2025-02-06 15:24:00.176914,320.0
2025-02-06 15:25:00.040746,212.0
2025-02-06 15:26:00.091774,324.0
2025-02-06 15:27:00.084202,220.0
2025-02-06 15:28:00.052288,208.0
2025-02-06 15:29:00.125567,316.0
2025-02-06 15:30:00.055223,216.0
2025-02-06 15:31:00.034747,212.0
2025-02-06 15:32:00.091717,320.0
2025-02-06 15:33:00.104387,212.0
2025-02-06 15:34:00.008851,312.0
2025-02-06 15:35:00.109602,220.0
2025-02-06 15:36:00.035856,216.0
2025-02-06 15:37:00.090847,312.0
2025-02-06 15:38:00.098927,212.0
2025-02-06 15:39:00.060439,212.0
2025-02-06 15:40:00.157547,320.0
2025-02-06 15:41:00.183154,212.0
2025-02-06 15:42:00.016681,212.0
2025-02-06 15:43:00.125585,320.0
2025-02-06 15:44:00.129514,216.0
2025-02-06 15:45:00.016063,212.0
2025-02-06 15:46:00.039437,320.0
2025-02-06 15:47:00.116718,216.0
2025-02-06 15:48:00.097631,212.0
2025-02-06 15:49:00.035434,320.0
2025-02-06 15:50:00.093340,212.0
2025-02-06 15:51:00.017690,216.0
2025-02-06 15:52:00.012042,320.0
2025-02-06 15:53:00.102786,212.0
2025-02-06 15:54:00.022634,212.0
2025-02-06 15:55:00.054757,216.0
2025-02-06 15:56:00.118143,212.0
2025-02-06 15:57:00.010803,104.0
2025-02-06 15:58:00.085516,208.0
2025-02-06 15:59:00.123944,212.0
2025-02-06 16:00:00.138518,108.0
2025-02-06 16:01:00.161086,212.0
2025-02-06 16:02:00.090243,104.0
2025-02-06 16:03:00.173903,320.0
2025-02-06 16:04:00.120684,212.0
2025-02-06 16:05:00.088578,324.0
2025-02-06 16:06:00.142764,212.0
2025-02-06 16:07:00.164291,320.0
2025-02-06 16:08:00.096336,216.0
2025-02-06 16:09:00.072952,320.0
2025-02-06 16:10:00.014810,212.0
2025-02-06 16:11:00.079937,320.0
2025-02-06 16:12:00.122500,220.0
2025-02-06 16:13:00.166312,320.0
2025-02-06 16:14:00.050422,216.0
2025-02-06 16:15:00.142457,320.0
2025-02-06 16:16:00.133858,212.0
2025-02-06 16:17:00.103551,320.0
2025-02-06 16:18:00.087690,320.0
2025-02-06 16:19:00.062101,224.0
2025-02-06 16:20:00.099081,312.0
2025-02-06 16:21:00.103593,220.0
2025-02-06 16:22:00.124072,312.0
2025-02-06 16:23:00.054328,216.0
2025-02-06 16:24:00.153817,320.0
2025-02-06 16:25:00.089299,212.0
2025-02-06 16:26:00.166723,212.0
2025-02-06 16:27:00.029291,212.0
2025-02-06 16:28:00.068008,108.0
2025-02-06 16:29:00.108242,204.0
2025-02-06 16:30:00.077124,220.0
2025-02-06 16:31:00.005617,100.0
2025-02-06 16:32:00.021334,212.0
2025-02-06 16:33:00.106347,204.0
2025-02-06 16:34:00.119387,108.0
2025-02-06 16:35:00.063028,212.0
2025-02-06 16:36:00.146780,104.0
2025-02-06 16:37:00.176625,324.0
2025-02-06 16:38:00.103323,220.0
2025-02-06 16:39:00.019584,320.0
2025-02-06 16:40:00.028703,212.0
2025-02-06 16:41:00.077810,312.0
2025-02-06 16:42:00.137381,216.0
2025-02-06 16:43:00.151142,316.0
2025-02-06 16:44:00.027951,216.0
2025-02-06 16:45:00.071048,320.0
2025-02-06 16:46:00.090495,212.0
2025-02-06 16:47:00.029701,212.0
2025-02-06 16:48:00.126812,324.0
2025-02-06 16:49:00.168986,212.0
2025-02-06 16:50:00.059937,320.0
2025-02-06 16:51:00.110373,212.0
2025-02-06 16:52:00.169908,320.0
2025-02-06 16:53:00.167704,212.0
2025-02-06 16:54:00.065779,312.0
2025-02-06 16:55:00.115055,220.0
2025-02-06 16:56:00.068642,208.0
2025-02-06 16:57:00.008513,320.0
2025-02-06 16:58:00.019924,220.0
2025-02-06 16:59:00.155154,320.0
2025-02-06 17:00:00.056043,212.0
2025-02-06 17:01:00.153141,320.0
2025-02-06 17:02:00.039695,216.0
2025-02-06 17:03:00.074160,312.0
2025-02-06 17:04:00.157294,220.0
2025-02-06 17:05:00.008415,212.0
2025-02-06 17:06:00.080221,320.0
2025-02-06 17:07:00.013620,216.0
2025-02-06 17:08:00.060591,320.0
2025-02-06 17:09:00.042975,216.0
2025-02-06 17:10:00.145613,316.0
2025-02-06 17:11:00.136080,216.0
2025-02-06 17:12:00.036248,212.0
2025-02-06 17:13:00.100929,320.0
2025-02-06 17:14:00.128922,212.0
2025-02-06 17:15:00.117165,312.0
2025-02-06 17:16:00.165095,220.0
2025-02-06 17:17:00.059646,208.0
2025-02-06 17:18:00.086428,320.0
2025-02-06 17:19:00.113255,212.0
2025-02-06 17:20:00.043852,320.0
2025-02-06 17:21:00.083736,212.0
2025-02-06 17:22:00.106121,216.0
2025-02-06 17:23:00.015071,316.0
2025-02-06 17:24:00.160882,216.0
2025-02-06 17:25:00.014124,316.0
2025-02-06 17:26:00.021298,216.0
2025-02-06 17:27:00.134974,212.0
2025-02-06 17:28:00.114465,320.0
2025-02-06 17:29:00.014769,212.0
2025-02-06 17:30:00.029664,216.0
2025-02-06 17:31:00.098241,320.0
2025-02-06 17:32:00.096588,212.0
2025-02-06 17:33:00.046243,312.0
2025-02-06 17:34:00.027471,220.0
2025-02-06 17:35:00.121864,216.0
2025-02-06 17:36:00.147350,312.0
2025-02-06 17:37:00.160493,220.0
2025-02-06 17:38:00.166532,320.0
2025-02-06 17:39:00.037112,216.0
2025-02-06 17:40:00.145523,320.0
2025-02-06 17:41:00.153846,212.0
2025-02-06 17:42:00.058984,320.0
2025-02-06 17:43:00.101637,320.0
2025-02-06 17:44:00.074059,216.0
2025-02-06 17:45:00.095671,316.0
2025-02-06 17:46:00.038998,320.0
2025-02-06 17:47:00.058032,216.0
2025-02-06 17:48:00.110869,320.0
2025-02-06 17:49:00.075692,320.0
2025-02-06 17:50:00.161432,220.0
2025-02-06 17:51:00.027598,320.0
2025-02-06 17:52:00.104446,216.0
2025-02-06 17:53:00.033513,320.0
2025-02-06 17:54:00.060383,216.0
2025-02-06 17:55:00.148716,320.0
2025-02-06 17:56:00.009366,320.0
2025-02-06 17:57:00.060166,212.0
2025-02-06 17:58:00.054049,328.0
2025-02-06 17:59:00.146474,312.0
2025-02-06 18:00:00.065335,220.0
2025-02-06 18:01:00.176621,320.0
2025-02-06 18:02:00.118734,216.0
2025-02-06 18:03:00.007325,312.0
2025-02-06 18:04:00.129140,220.0
2025-02-06 18:05:00.166309,320.0
2025-02-06 18:06:00.098293,216.0
2025-02-06 18:07:00.174147,320.0
2025-02-06 18:08:00.120013,212.0
2025-02-06 18:09:00.128432,320.0
2025-02-06 18:10:00.090544,212.0
2025-02-06 18:11:00.133460,320.0
2025-02-06 18:12:00.036555,212.0
2025-02-06 18:13:00.075677,320.0
2025-02-06 18:14:00.028655,208.0
2025-02-06 18:15:00.049631,320.0
2025-02-06 18:16:00.090641,220.0
2025-02-06 18:17:00.074925,320.0
2025-02-06 18:18:00.111944,212.0
2025-02-06 18:19:00.068440,320.0
2025-02-06 18:20:00.127500,216.0
2025-02-06 18:21:00.064915,312.0
2025-02-06 18:22:00.061290,220.0
2025-02-06 18:23:00.148053,320.0
2025-02-06 18:24:00.006321,212.0
2025-02-06 18:25:00.065952,320.0
2025-02-06 18:26:00.120126,208.0
2025-02-06 18:27:00.156827,212.0
2025-02-06 18:28:00.020987,212.0
2025-02-06 18:29:00.112774,212.0
2025-02-06 18:30:00.040401,216.0
2025-02-06 18:31:00.071201,212.0
2025-02-06 18:32:00.143575,212.0
2025-02-06 18:33:00.131531,212.0
2025-02-06 18:34:00.018250,208.0
2025-02-06 18:35:00.009678,220.0
2025-02-06 18:36:00.165429,212.0
2025-02-06 18:37:00.109668,208.0
2025-02-06 18:38:00.061871,212.0
2025-02-06 18:39:00.134982,212.0
2025-02-06 18:40:00.158063,212.0
2025-02-06 18:41:00.092609,212.0
2025-02-06 18:42:00.154863,208.0
2025-02-06 18:43:00.136034,212.0
2025-02-06 18:44:00.122333,212.0
2025-02-06 18:45:00.103260,212.0
2025-02-06 18:46:00.017829,216.0
2025-02-06 18:47:00.095257,212.0
2025-02-06 18:48:00.174770,216.0
2025-02-06 18:49:00.165626,212.0
2025-02-06 18:50:00.050853,212.0
2025-02-06 18:51:00.010648,212.0
2025-02-06 18:52:00.079156,212.0
2025-02-06 18:53:00.096066,208.0
2025-02-06 18:54:00.068572,320.0
2025-02-06 18:55:00.035430,212.0
2025-02-06 18:56:00.034271,212.0
2025-02-06 18:57:00.091441,212.0
2025-02-06 18:58:00.154323,212.0
2025-02-06 18:59:00.100668,208.0
2025-02-06 19:00:00.048920,212.0
2025-02-06 19:01:00.072749,212.0
2025-02-06 19:02:00.011150,216.0
2025-02-06 19:03:00.148524,212.0
2025-02-06 19:04:00.105585,212.0
2025-02-06 19:05:00.051809,212.0
2025-02-06 19:06:00.048636,212.0
2025-02-06 19:07:00.169674,208.0
2025-02-06 19:08:00.096171,212.0
2025-02-06 19:09:00.143459,212.0
2025-02-06 19:10:00.136956,212.0
2025-02-06 19:11:00.168703,216.0
2025-02-06 19:12:00.027553,212.0
2025-02-06 19:13:00.127714,212.0
2025-02-06 19:14:00.140015,212.0
2025-02-06 19:15:00.171808,216.0
2025-02-06 19:16:00.148918,212.0
2025-02-06 19:17:00.032021,212.0
2025-02-06 19:18:00.170589,216.0
2025-02-06 19:19:00.061724,212.0
2025-02-06 19:20:00.169202,212.0
2025-02-06 19:21:00.011628,208.0
2025-02-06 19:22:00.108390,212.0
2025-02-06 19:23:00.109426,212.0
2025-02-06 19:24:00.115004,216.0
2025-02-06 19:25:00.061486,208.0
2025-02-06 19:26:00.039844,320.0
2025-02-06 19:27:00.111750,320.0
2025-02-06 19:28:00.124278,320.0
2025-02-06 19:29:00.071802,216.0
2025-02-06 19:30:00.148119,320.0
2025-02-06 19:31:00.074179,320.0
2025-02-06 19:32:00.006164,328.0
2025-02-06 19:33:00.135664,324.0
2025-02-06 19:34:00.079486,320.0
2025-02-06 19:35:00.129566,220.0
2025-02-06 19:36:00.014851,320.0
2025-02-06 19:37:00.037968,324.0
2025-02-06 19:38:00.007869,320.0
2025-02-06 19:39:00.118509,320.0
2025-02-06 19:40:00.045060,320.0
2025-02-06 19:41:00.129121,320.0
2025-02-06 19:42:00.142343,328.0
2025-02-06 19:43:00.138405,216.0
2025-02-06 19:44:00.025503,320.0
2025-02-06 19:45:00.037823,320.0
2025-02-06 19:46:00.055116,320.0
2025-02-06 19:47:00.113455,320.0
2025-02-06 19:48:00.113918,220.0
2025-02-06 19:49:00.134263,324.0
2025-02-06 19:50:00.084736,320.0
2025-02-06 19:51:00.058921,220.0
2025-02-06 19:52:00.159636,320.0
2025-02-06 19:53:00.077400,320.0
2025-02-06 19:54:00.060852,208.0
2025-02-06 19:55:00.099117,320.0
2025-02-06 19:56:00.014634,320.0
2025-02-06 19:57:00.064609,220.0
2025-02-06 19:58:00.097848,320.0
2025-02-06 19:59:00.027045,320.0
2025-02-06 20:00:00.096443,216.0
2025-02-06 20:01:00.139830,320.0
2025-02-06 20:02:00.096700,320.0
2025-02-06 20:03:00.092861,220.0
2025-02-06 20:04:00.105168,320.0
2025-02-06 20:05:00.015168,320.0
2025-02-06 20:06:00.050847,216.0
2025-02-06 20:07:00.158070,212.0
2025-02-06 20:08:00.058566,212.0
2025-02-06 20:09:00.134819,320.0
2025-02-06 20:10:00.118127,320.0
2025-02-06 20:11:00.022721,216.0
2025-02-06 20:12:00.019446,328.0
2025-02-06 20:13:00.141056,312.0
2025-02-06 20:14:00.054497,216.0
2025-02-06 20:15:00.045956,320.0
2025-02-06 20:16:00.193910,320.0
2025-02-06 20:17:00.032395,220.0
2025-02-06 20:18:00.038054,320.0
2025-02-06 20:19:00.084775,320.0
2025-02-06 20:20:00.178068,212.0
2025-02-06 20:21:00.137597,320.0
2025-02-06 20:22:00.181776,216.0
2025-02-06 20:23:00.031226,312.0
2025-02-06 20:24:00.099129,220.0
2025-02-06 20:25:00.173152,212.0
2025-02-06 20:26:00.035580,320.0
2025-02-06 20:27:00.171589,320.0
2025-02-06 20:28:00.039106,216.0
2025-02-06 20:29:00.164671,312.0
2025-02-06 20:30:00.011845,220.0
2025-02-06 20:31:00.165718,320.0
2025-02-06 20:32:00.036484,212.0
2025-02-06 20:33:00.140260,216.0
2025-02-06 20:34:00.065025,320.0
2025-02-06 20:35:00.015080,212.0
2025-02-06 20:36:00.109446,324.0
2025-02-06 20:37:00.092880,212.0
2025-02-06 20:38:00.041574,320.0
2025-02-06 20:39:00.039200,220.0
2025-02-06 20:40:00.050203,320.0
2025-02-06 20:41:00.064171,216.0
2025-02-06 20:42:00.151574,320.0
2025-02-06 20:43:00.169200,212.0
2025-02-06 20:44:00.105587,320.0
2025-02-06 20:45:00.046226,320.0
2025-02-06 20:46:00.070271,212.0
2025-02-06 20:47:00.132179,320.0
2025-02-06 20:48:00.165560,208.0
2025-02-06 20:49:00.182086,320.0
2025-02-06 20:50:00.005228,212.0
2025-02-06 20:51:00.053833,320.0
2025-02-06 20:52:00.088838,220.0
2025-02-06 20:53:00.102460,320.0
2025-02-06 20:54:00.044137,208.0
2025-02-06 20:55:00.173119,320.0
2025-02-06 20:56:00.168193,220.0
2025-02-06 20:57:00.062486,320.0
2025-02-06 20:58:00.151559,216.0
2025-02-06 20:59:00.132025,316.0
2025-02-06 21:00:00.155930,216.0
2025-02-06 21:01:00.057283,320.0
2025-02-06 21:02:00.057050,216.0
2025-02-06 21:03:00.009277,320.0
2025-02-06 21:04:00.024871,212.0
2025-02-06 21:05:00.163327,220.0
2025-02-06 21:06:00.054142,320.0
2025-02-06 21:07:00.100146,312.0
2025-02-06 21:08:00.026867,216.0
2025-02-06 21:09:00.118007,212.0
2025-02-06 21:10:00.138115,212.0
2025-02-06 21:11:00.029230,216.0
2025-02-06 21:12:00.048535,212.0
2025-02-06 21:13:00.044412,212.0
2025-02-06 21:14:00.192975,212.0
2025-02-06 21:15:00.066485,212.0
2025-02-06 21:16:00.159307,216.0
2025-02-06 21:17:00.124416,204.0
2025-02-06 21:18:00.038052,212.0
2025-02-06 21:19:00.012873,212.0
2025-02-06 21:20:00.122151,212.0
2025-02-06 21:21:00.089833,208.0
2025-02-06 21:22:00.110132,212.0
2025-02-06 21:23:00.025887,220.0
2025-02-06 21:24:00.024472,208.0
2025-02-06 21:25:00.094152,212.0
2025-02-06 21:26:00.098824,212.0
2025-02-06 21:27:00.149759,212.0
2025-02-06 21:28:00.030927,212.0
2025-02-06 21:29:00.105557,216.0
2025-02-06 21:30:00.133568,212.0
2025-02-06 21:31:00.181501,320.0
2025-02-06 21:32:00.110351,212.0
2025-02-06 21:33:00.065001,208.0
2025-02-06 21:34:00.072720,320.0
2025-02-06 21:35:00.059469,220.0
2025-02-06 21:36:00.074591,212.0
2025-02-06 21:37:00.170733,320.0
2025-02-06 21:38:00.073178,216.0
2025-02-06 21:39:00.125205,212.0
2025-02-06 21:40:00.163650,312.0
2025-02-06 21:41:00.023871,220.0
2025-02-06 21:42:00.046629,208.0
2025-02-06 21:43:00.089581,320.0
2025-02-06 21:44:00.091146,212.0
2025-02-06 21:45:00.044573,212.0
2025-02-06 21:46:00.086890,328.0
2025-02-06 21:47:00.015222,208.0
2025-02-06 21:48:00.073071,212.0
2025-02-06 21:49:00.085227,212.0
2025-02-06 21:50:00.162011,216.0
2025-02-06 21:51:00.138299,212.0
2025-02-06 21:52:00.076884,212.0
2025-02-06 21:53:00.052635,312.0
2025-02-06 21:54:00.012346,212.0
2025-02-06 21:55:00.087298,220.0
2025-02-06 21:56:00.037811,208.0
2025-02-06 21:57:00.157295,220.0
2025-02-06 21:58:00.100710,204.0
2025-02-06 21:59:00.093143,216.0
2025-02-06 22:00:00.165669,212.0
2025-02-06 22:01:00.062967,316.0
2025-02-06 22:02:00.173083,208.0
2025-02-06 22:03:00.134841,220.0
2025-02-06 22:04:00.083416,212.0
2025-02-06 22:05:00.042941,208.0
2025-02-06 22:06:00.032705,212.0
2025-02-06 22:07:00.118260,212.0
2025-02-06 22:08:00.109051,216.0
2025-02-06 22:09:00.019488,212.0
2025-02-06 22:10:00.072144,316.0
2025-02-06 22:11:00.115579,208.0
2025-02-06 22:12:00.044191,212.0
2025-02-06 22:13:00.126341,220.0
2025-02-06 22:14:00.132590,208.0
2025-02-06 22:15:00.085102,212.0
2025-02-06 22:16:00.150320,212.0
2025-02-06 22:17:00.174864,216.0
2025-02-06 22:18:00.125141,212.0
2025-02-06 22:19:00.147284,212.0
2025-02-06 22:20:00.157108,320.0
2025-02-06 22:21:00.139715,212.0
2025-02-06 22:22:00.155597,212.0
2025-02-06 22:23:00.077662,216.0
2025-02-06 22:24:00.157216,212.0
2025-02-06 22:25:00.150190,216.0
2025-02-06 22:26:00.049970,204.0
2025-02-06 22:27:00.137819,220.0
2025-02-06 22:28:00.156610,212.0
2025-02-06 22:29:00.147178,208.0
2025-02-06 22:30:00.162245,316.0
2025-02-06 22:31:00.132429,212.0
2025-02-06 22:32:00.101951,216.0
2025-02-06 22:33:00.059041,212.0
2025-02-06 22:34:00.040586,212.0
2025-02-06 22:35:00.041787,216.0
2025-02-06 22:36:00.101837,212.0
2025-02-06 22:37:00.016427,212.0
2025-02-06 22:38:00.202492,208.0
2025-02-06 22:39:00.029040,316.0
2025-02-06 22:40:00.032053,216.0
2025-02-06 22:41:00.023598,212.0
2025-02-06 22:42:00.102673,212.0
2025-02-06 22:43:00.074436,212.0
2025-02-06 22:44:00.116331,216.0
2025-02-06 22:45:00.044574,212.0
2025-02-06 22:46:00.124254,212.0
2025-02-06 22:47:00.045626,208.0
2025-02-06 22:48:00.050993,212.0
2025-02-06 22:49:00.060812,212.0
2025-02-06 22:50:00.082771,320.0
2025-02-06 22:51:00.129454,212.0
2025-02-06 22:52:00.060158,212.0
2025-02-06 22:53:00.085300,208.0
2025-02-06 22:54:00.038401,220.0
2025-02-06 22:55:00.077800,212.0
2025-02-06 22:56:00.046723,208.0
2025-02-06 22:57:00.084704,212.0
2025-02-06 22:58:00.025498,212.0
2025-02-06 22:59:00.137341,212.0
2025-02-06 23:00:00.130559,216.0
2025-02-06 23:01:00.064487,212.0
2025-02-06 23:02:00.064901,212.0
2025-02-06 23:03:00.113251,212.0
2025-02-06 23:04:00.008736,208.0
2025-02-06 23:05:00.076614,320.0
2025-02-06 23:06:00.104797,212.0
2025-02-06 23:07:00.018494,212.0
2025-02-06 23:08:00.095363,212.0
2025-02-06 23:09:00.040599,212.0
2025-02-06 23:10:00.071285,216.0
2025-02-06 23:11:00.133052,212.0
2025-02-06 23:12:00.042741,212.0
2025-02-06 23:13:00.073607,216.0
2025-02-06 23:14:00.066479,212.0
2025-02-06 23:15:00.052756,212.0
2025-02-06 23:16:00.025683,208.0
2025-02-06 23:17:00.058363,220.0
2025-02-06 23:18:00.153704,212.0
2025-02-06 23:19:00.021779,208.0
2025-02-06 23:20:00.050507,212.0
2025-02-06 23:21:00.142781,212.0
2025-02-06 23:22:00.011917,216.0
2025-02-06 23:23:00.023572,212.0
2025-02-06 23:24:00.075151,212.0
2025-02-06 23:25:00.071286,212.0
2025-02-06 23:26:00.016760,212.0
2025-02-06 23:27:00.034787,208.0
2025-02-06 23:28:00.130404,212.0
2025-02-06 23:29:00.167202,212.0
2025-02-06 23:30:00.009387,212.0
2025-02-06 23:31:00.046814,212.0
2025-02-06 23:32:00.087043,208.0
2025-02-06 23:33:00.069928,212.0
2025-02-06 23:34:00.077443,212.0
2025-02-06 23:35:00.035520,212.0
2025-02-06 23:36:00.148506,212.0
2025-02-06 23:37:00.180143,208.0
2025-02-06 23:38:00.031133,212.0
2025-02-06 23:39:00.122512,212.0
2025-02-06 23:40:00.020342,212.0
2025-02-06 23:41:00.020573,108.0
2025-02-06 23:42:00.185434,212.0
2025-02-06 23:43:00.055014,212.0
2025-02-06 23:44:00.110755,208.0
2025-02-06 23:45:00.154169,212.0
2025-02-06 23:46:00.147603,212.0
2025-02-06 23:47:00.071748,216.0
2025-02-06 23:48:00.057663,212.0
2025-02-06 23:49:00.080391,204.0
2025-02-06 23:50:00.145915,220.0
2025-02-06 23:51:00.018932,108.0
2025-02-06 23:52:00.141977,204.0
2025-02-06 23:53:00.147860,220.0
2025-02-06 23:54:00.041031,208.0
2025-02-06 23:55:00.056589,212.0
2025-02-06 23:56:00.025774,212.0
2025-02-06 23:57:00.068399,108.0
2025-02-06 23:58:00.130620,212.0
2025-02-06 23:59:00.120936,212.0
2025-02-07 00:00:00.026490,212.0
2025-02-07 00:01:00.143621,204.0
2025-02-07 00:02:00.055027,108.0
2025-02-07 00:03:00.114604,212.0
2025-02-07 00:04:00.081898,212.0
2025-02-07 00:05:00.136195,208.0
2025-02-07 00:06:00.093062,112.0
2025-02-07 00:07:00.097253,208.0
2025-02-07 00:08:00.083213,212.0
2025-02-07 00:09:00.112260,204.0
2025-02-07 00:10:00.094869,112.0
2025-02-07 00:11:00.075981,208.0
2025-02-07 00:12:00.172205,212.0
2025-02-07 00:13:00.102896,108.0
2025-02-07 00:14:00.039266,212.0
2025-02-07 00:15:00.022917,104.0
2025-02-07 00:16:00.018645,212.0
2025-02-07 00:17:00.045588,208.0
2025-02-07 00:18:00.140877,112.0
2025-02-07 00:19:00.090584,204.0
2025-02-07 00:20:00.078342,108.0
2025-02-07 00:21:00.012584,212.0
2025-02-07 00:22:00.132581,100.0
2025-02-07 00:23:00.166601,212.0
2025-02-07 00:24:00.089935,104.0
2025-02-07 00:25:00.150864,212.0
2025-02-07 00:26:00.163875,100.0
2025-02-07 00:27:00.137511,212.0
2025-02-07 00:28:00.172153,108.0
2025-02-07 00:29:00.081750,204.0
2025-02-07 00:30:00.136807,112.0
2025-02-07 00:31:00.126550,100.0
2025-02-07 00:32:00.193028,212.0
2025-02-07 00:33:00.029007,104.0
2025-02-07 00:34:00.048066,204.0
2025-02-07 00:35:00.056249,108.0
2025-02-07 00:36:00.037778,104.0
2025-02-07 00:37:00.082528,204.0
2025-02-07 00:38:00.054610,108.0
2025-02-07 00:39:00.015472,104.0
2025-02-07 00:40:00.029208,204.0
2025-02-07 00:41:00.078495,108.0
2025-02-07 00:42:00.133790,104.0
2025-02-07 00:43:00.154139,100.0
2025-02-07 00:44:00.058815,212.0
2025-02-07 00:45:00.098455,104.0
2025-02-07 00:46:00.114783,108.0
2025-02-07 00:47:00.034920,100.0
2025-02-07 00:48:00.066549,212.0
2025-02-07 00:49:00.106844,108.0
2025-02-07 00:50:00.063953,104.0
2025-02-07 00:51:00.127583,104.0
2025-02-07 00:52:00.157102,108.0
2025-02-07 00:53:00.026411,204.0
2025-02-07 00:54:00.154323,108.0
2025-02-07 00:55:00.161612,104.0
2025-02-07 00:56:00.154450,100.0
2025-02-07 00:57:00.020769,112.0
2025-02-07 00:58:00.124233,204.0
2025-02-07 00:59:00.157205,100.0
2025-02-07 01:00:00.015808,112.0
2025-02-07 01:01:00.187286,100.0
2025-02-07 01:02:00.106689,108.0
2025-02-07 01:03:00.175837,104.0
2025-02-07 01:04:00.116324,104.0
2025-02-07 01:05:00.093211,208.0
2025-02-07 01:06:00.099513,104.0
2025-02-07 01:07:00.065957,108.0
2025-02-07 01:08:00.099394,104.0
2025-02-07 01:09:00.180930,108.0
2025-02-07 01:10:00.140072,204.0
2025-02-07 01:11:00.005017,104.0
2025-02-07 01:12:00.177765,108.0
2025-02-07 01:13:00.117587,104.0
2025-02-07 01:14:00.019174,204.0
2025-02-07 01:15:00.109276,108.0
2025-02-07 01:16:00.008250,104.0
2025-02-07 01:17:00.107370,108.0
2025-02-07 01:18:00.111437,100.0
2025-02-07 01:19:00.145673,208.0
2025-02-07 01:20:00.056447,108.0
2025-02-07 01:21:00.147602,100.0
2025-02-07 01:22:00.159073,104.0
2025-02-07 01:23:00.146505,212.0
2025-02-07 01:24:00.172479,100.0
2025-02-07 01:25:00.147850,104.0
2025-02-07 01:26:00.088446,212.0
2025-02-07 01:27:00.100500,100.0
2025-02-07 01:28:00.019999,112.0
2025-02-07 01:29:00.093186,204.0
2025-02-07 01:30:00.117520,100.0
2025-02-07 01:31:00.011183,112.0
2025-02-07 01:32:00.095460,204.0
2025-02-07 01:33:00.009515,100.0
2025-02-07 01:34:00.161460,212.0
2025-02-07 01:35:00.007101,104.0
2025-02-07 01:36:00.136834,108.0
2025-02-07 01:37:00.027997,204.0
2025-02-07 01:38:00.072507,108.0
2025-02-07 01:39:00.160079,104.0
2025-02-07 01:40:00.161066,212.0
2025-02-07 01:41:00.165266,108.0
2025-02-07 01:42:00.136406,104.0
2025-02-07 01:43:00.045704,204.0
2025-02-07 01:44:00.133823,108.0
2025-02-07 01:45:00.137373,104.0
2025-02-07 01:46:00.094904,108.0
2025-02-07 01:47:00.124961,100.0
2025-02-07 01:48:00.054547,96.0
2025-02-07 01:49:00.052928,112.0
2025-02-07 01:50:00.063732,204.0
2025-02-07 01:51:00.134633,100.0
2025-02-07 01:52:00.116766,104.0
2025-02-07 01:53:00.156801,104.0
2025-02-07 01:54:00.132118,100.0
2025-02-07 01:55:00.132939,104.0
2025-02-07 01:56:00.164244,108.0
2025-02-07 01:57:00.040068,104.0
2025-02-07 01:58:00.130702,204.0
2025-02-07 01:59:00.126777,100.0
2025-02-07 02:00:00.188410,104.0
2025-02-07 02:01:00.194625,96.0
2025-02-07 02:02:00.094369,104.0
2025-02-07 02:03:00.142915,100.0
2025-02-07 02:04:00.025997,0.0
2025-02-07 02:05:00.036034,104.0
2025-02-07 02:06:00.113507,0.0
2025-02-07 02:07:00.159832,0.0
2025-02-07 02:08:00.045569,0.0
2025-02-07 02:09:00.126634,0.0
2025-02-07 02:10:00.174827,0.0
2025-02-07 02:11:00.044880,0.0
2025-02-07 02:12:00.138515,0.0
2025-02-07 02:13:00.006310,0.0
2025-02-07 02:14:00.053156,0.0
2025-02-07 02:15:00.088609,0.0
2025-02-07 02:16:00.146432,96.0
2025-02-07 02:17:00.072591,0.0
2025-02-07 02:18:00.111399,0.0
2025-02-07 02:19:00.147600,0.0
2025-02-07 02:20:00.026557,0.0
2025-02-07 02:21:00.054144,0.0
2025-02-07 02:22:00.151602,0.0
2025-02-07 02:23:00.028958,0.0
2025-02-07 02:24:00.124547,0.0
2025-02-07 02:25:00.015468,0.0
2025-02-07 02:26:00.192022,0.0
2025-02-07 02:27:00.215127,0.0
2025-02-07 02:28:00.095292,0.0
2025-02-07 02:29:00.165126,0.0
2025-02-07 02:30:00.046091,0.0
2025-02-07 02:31:00.126940,0.0
2025-02-07 02:32:00.149390,0.0
2025-02-07 02:33:00.142325,0.0
2025-02-07 02:34:00.175,0.0
2025-02-07 02:35:00.141561,0.0
2025-02-07 02:36:00.039145,0.0
2025-02-07 02:37:00.133401,0.0
2025-02-07 02:38:00.016978,0.0
2025-02-07 02:39:00.098212,0.0
2025-02-07 02:40:00.097023,0.0
2025-02-07 02:41:00.065535,0.0
2025-02-07 02:42:00.150345,0.0
2025-02-07 02:43:00.023095,0.0
2025-02-07 02:44:00.196432,0.0
2025-02-07 02:45:00.225011,0.0
2025-02-07 02:46:00.014641,0.0
2025-02-07 02:47:00.028870,0.0
2025-02-07 02:48:00.163010,0.0
2025-02-07 02:49:00.059079,0.0
2025-02-07 02:50:00.071293,0.0
2025-02-07 02:51:00.138459,0.0
2025-02-07 02:52:00.015663,0.0
2025-02-07 02:53:00.085717,0.0
2025-02-07 02:54:00.151310,0.0
2025-02-07 02:55:00.185833,0.0
2025-02-07 02:56:00.044710,0.0
2025-02-07 02:57:00.093764,0.0
2025-02-07 02:58:00.166227,0.0
2025-02-07 02:59:00.063186,0.0
2025-02-07 03:00:00.016073,0.0
2025-02-07 03:01:00.167181,0.0
2025-02-07 03:02:00.099018,0.0
2025-02-07 03:03:00.011082,0.0
2025-02-07 03:04:00.206998,0.0
2025-02-07 03:05:00.153035,0.0
2025-02-07 03:06:00.151415,0.0
2025-02-07 03:07:00.034659,0.0
2025-02-07 03:08:00.136760,0.0
2025-02-07 03:09:00.148524,0.0
2025-02-07 03:10:00.071124,0.0
2025-02-07 03:11:00.081380,0.0
2025-02-07 03:12:00.169817,0.0
2025-02-07 03:13:00.234321,0.0
2025-02-07 03:14:00.172021,0.0
2025-02-07 03:15:00.160052,0.0
2025-02-07 03:16:00.078318,0.0
2025-02-07 03:17:00.157383,0.0
2025-02-07 03:18:00.153280,0.0
2025-02-07 03:19:00.067048,0.0
2025-02-07 03:20:00.027796,0.0
2025-02-07 03:21:00.157726,0.0
2025-02-07 03:22:00.084913,0.0
2025-02-07 03:23:00.087695,0.0
2025-02-07 03:24:00.133293,0.0
2025-02-07 03:25:00.170860,0.0
2025-02-07 03:26:00.058050,0.0
2025-02-07 03:27:00.120216,0.0
2025-02-07 03:28:00.064828,0.0
2025-02-07 03:29:00.056500,0.0
2025-02-07 03:30:00.142138,0.0
2025-02-07 03:31:00.211991,0.0
2025-02-07 03:32:00.035510,0.0
2025-02-07 03:33:00.176989,0.0
2025-02-07 03:34:00.120670,0.0
2025-02-07 03:35:00.027839,0.0
2025-02-07 03:36:00.127366,0.0
2025-02-07 03:37:00.034236,0.0
2025-02-07 03:38:00.045774,0.0
2025-02-07 03:39:00.090567,0.0
2025-02-07 03:40:00.172383,0.0
2025-02-07 03:41:00.168923,0.0
2025-02-07 03:42:00.092990,0.0
2025-02-07 03:43:00.127774,0.0
2025-02-07 03:44:00.044295,0.0
2025-02-07 03:45:00.112658,0.0
2025-02-07 03:46:00.162360,0.0
2025-02-07 03:47:00.069209,0.0
2025-02-07 03:48:00.078626,0.0
2025-02-07 03:49:00.155938,0.0
2025-02-07 03:50:00.056016,0.0
2025-02-07 03:51:00.074876,0.0
2025-02-07 03:52:00.158657,0.0
2025-02-07 03:53:00.064992,0.0
2025-02-07 03:54:00.095075,0.0
2025-02-07 03:55:00.181332,0.0
2025-02-07 03:56:00.023482,0.0
2025-02-07 03:57:00.175749,0.0
2025-02-07 03:58:00.095635,0.0
2025-02-07 03:59:00.020576,0.0
2025-02-07 04:00:00.062824,0.0
2025-02-07 04:01:00.150133,0.0
2025-02-07 04:02:00.049287,0.0
2025-02-07 04:03:00.182484,0.0
2025-02-07 04:04:00.034691,0.0
2025-02-07 04:05:00.015049,0.0
2025-02-07 04:06:00.079135,0.0
2025-02-07 04:07:00.014076,0.0
2025-02-07 04:08:00.027939,0.0
2025-02-07 04:09:00.079931,0.0
2025-02-07 04:10:00.129605,0.0
2025-02-07 04:11:00.071475,0.0
2025-02-07 04:12:00.091207,0.0
2025-02-07 04:13:00.170396,108.0
2025-02-07 04:14:00.133198,328.0
2025-02-07 04:15:00.088095,320.0
2025-02-07 04:16:00.073434,320.0
2025-02-07 04:17:00.006523,320.0
2025-02-07 04:18:00.081446,320.0
2025-02-07 04:19:00.101552,324.0
2025-02-07 04:20:00.020615,320.0
2025-02-07 04:21:00.074068,320.0
2025-02-07 04:22:00.155574,320.0
2025-02-07 04:23:00.069315,220.0
2025-02-07 04:24:00.065268,208.0
2025-02-07 04:25:00.175529,320.0
2025-02-07 04:26:00.067413,212.0
2025-02-07 04:27:00.058848,212.0
2025-02-07 04:28:00.146462,212.0
2025-02-07 04:29:00.179479,216.0
2025-02-07 04:30:00.104434,212.0
2025-02-07 04:31:00.158575,212.0
2025-02-07 04:32:00.010655,212.0
2025-02-07 04:33:00.062099,208.0
2025-02-07 04:34:00.131219,220.0
2025-02-07 04:35:00.041043,212.0
2025-02-07 04:36:00.107434,208.0
2025-02-07 04:37:00.142335,212.0
2025-02-07 04:38:00.044764,212.0
2025-02-07 04:39:00.089539,216.0
2025-02-07 04:40:00.147116,212.0
2025-02-07 04:41:00.062902,212.0
2025-02-07 04:42:00.065620,312.0
2025-02-07 04:43:00.027641,220.0
2025-02-07 04:44:00.030475,212.0
2025-02-07 04:45:00.042372,208.0
2025-02-07 04:46:00.156046,212.0
2025-02-07 04:47:00.014630,220.0
2025-02-07 04:48:00.137889,208.0
2025-02-07 04:49:00.085324,212.0
2025-02-07 04:50:00.030772,212.0
2025-02-07 04:51:00.102871,212.0
2025-02-07 04:52:00.152075,216.0
2025-02-07 04:53:00.174794,212.0
2025-02-07 04:54:00.058791,320.0
2025-02-07 04:55:00.138802,320.0
2025-02-07 04:56:00.188545,320.0
2025-02-07 04:57:00.075753,216.0
2025-02-07 04:58:00.132619,320.0
2025-02-07 04:59:00.012358,328.0
2025-02-07 05:00:00.050760,312.0
2025-02-07 05:01:00.112636,224.0
2025-02-07 05:02:00.113666,320.0
2025-02-07 05:03:00.050830,316.0
2025-02-07 05:04:00.043761,320.0
2025-02-07 05:05:00.100521,216.0
2025-02-07 05:06:00.149990,320.0
2025-02-07 05:07:00.025915,328.0
2025-02-07 05:08:00.023080,320.0
2025-02-07 05:09:00.140739,312.0
2025-02-07 05:10:00.005608,220.0
2025-02-07 05:11:00.152152,324.0
2025-02-07 05:12:00.139734,320.0
2025-02-07 05:13:00.025898,320.0
2025-02-07 05:14:00.157882,220.0
2025-02-07 05:15:00.012563,320.0
2025-02-07 05:16:00.108112,320.0
2025-02-07 05:17:00.161228,208.0
2025-02-07 05:18:00.165461,320.0
2025-02-07 05:19:00.134266,212.0
2025-02-07 05:20:00.119644,220.0
2025-02-07 05:21:00.062824,208.0
2025-02-07 05:22:00.136243,212.0
2025-02-07 05:23:00.158383,212.0
2025-02-07 05:24:00.012978,212.0
2025-02-07 05:25:00.089268,212.0
2025-02-07 05:26:00.176655,216.0
2025-02-07 05:27:00.115828,212.0
2025-02-07 05:28:00.105247,212.0
2025-02-07 05:29:00.116288,208.0
2025-02-07 05:30:00.172028,212.0
2025-02-07 05:31:00.073733,316.0
2025-02-07 05:32:00.103498,216.0
2025-02-07 05:33:00.039990,320.0
2025-02-07 05:34:00.064208,216.0
2025-02-07 05:35:00.057319,320.0
2025-02-07 05:36:00.103163,320.0
2025-02-07 05:37:00.046854,220.0
2025-02-07 05:38:00.009466,320.0
2025-02-07 05:39:00.056749,320.0
2025-02-07 05:40:00.043898,216.0
2025-02-07 05:41:00.041747,212.0
2025-02-07 05:42:00.110752,212.0
2025-02-07 05:43:00.138768,212.0
2025-02-07 05:44:00.155808,208.0
2025-02-07 05:45:00.051398,320.0
2025-02-07 05:46:00.015879,220.0
2025-02-07 05:47:00.122715,312.0
2025-02-07 05:48:00.057996,220.0
2025-02-07 05:49:00.066472,208.0
2025-02-07 05:50:00.086222,320.0
2025-02-07 05:51:00.127990,212.0
2025-02-07 05:52:00.109083,320.0
2025-02-07 05:53:00.125728,220.0
2025-02-07 05:54:00.077546,312.0
2025-02-07 05:55:00.067676,216.0
2025-02-07 05:56:00.134697,212.0
2025-02-07 05:57:00.019548,320.0
2025-02-07 05:58:00.074863,220.0
2025-02-07 05:59:00.117229,320.0
2025-02-07 06:00:00.017288,216.0
2025-02-07 06:01:00.174494,212.0
2025-02-07 06:02:00.141428,320.0
2025-02-07 06:03:00.189934,216.0
2025-02-07 06:04:00.028191,316.0
2025-02-07 06:05:00.091837,216.0
2025-02-07 06:06:00.030597,212.0
2025-02-07 06:07:00.025997,320.0
2025-02-07 06:08:00.029006,212.0
2025-02-07 06:09:00.011244,320.0
2025-02-07 06:10:00.119922,216.0
2025-02-07 06:11:00.106293,212.0
2025-02-07 06:12:00.081697,324.0
2025-02-07 06:13:00.024414,220.0
2025-02-07 06:14:00.137579,212.0
2025-02-07 06:15:00.175074,320.0
2025-02-07 06:16:00.089190,208.0
2025-02-07 06:17:00.103318,320.0
2025-02-07 06:18:00.016094,212.0
2025-02-07 06:19:00.029825,220.0
2025-02-07 06:20:00.107782,320.0
2025-02-07 06:21:00.147466,216.0
2025-02-07 06:22:00.124114,312.0
2025-02-07 06:23:00.058892,220.0
2025-02-07 06:24:00.133175,312.0
2025-02-07 06:25:00.018780,220.0
2025-02-07 06:26:00.121241,312.0
2025-02-07 06:27:00.020319,216.0
2025-02-07 06:28:00.043341,212.0
2025-02-07 06:29:00.106404,328.0
2025-02-07 06:30:00.110029,212.0
2025-02-07 06:31:00.089015,312.0
2025-02-07 06:32:00.034059,216.0
2025-02-07 06:33:00.011294,320.0
2025-02-07 06:34:00.109975,220.0
2025-02-07 06:35:00.125424,312.0
2025-02-07 06:36:00.050893,220.0
2025-02-07 06:37:00.098585,312.0
2025-02-07 06:38:00.024582,216.0
2025-02-07 06:39:00.125082,212.0
2025-02-07 06:40:00.150959,320.0
2025-02-07 06:41:00.091682,220.0
2025-02-07 06:42:00.049658,320.0
2025-02-07 06:43:00.050876,216.0
2025-02-07 06:44:00.058893,312.0
2025-02-07 06:45:00.111237,220.0
2025-02-07 06:46:00.147760,216.0
2025-02-07 06:47:00.037977,320.0
2025-02-07 06:48:00.005298,212.0
2025-02-07 06:49:00.138195,320.0
2025-02-07 06:50:00.110342,216.0
2025-02-07 06:51:00.057869,316.0
2025-02-07 06:52:00.159528,224.0
2025-02-07 06:53:00.087706,212.0
2025-02-07 06:54:00.041458,320.0
2025-02-07 06:55:00.145441,208.0
2025-02-07 06:56:00.064728,320.0
2025-02-07 06:57:00.153344,220.0
2025-02-07 06:58:00.007420,212.0
2025-02-07 06:59:00.015595,320.0
2025-02-07 07:00:00.069247,216.0
2025-02-07 07:01:00.149417,312.0
2025-02-07 07:02:00.145548,220.0
2025-02-07 07:03:00.013889,320.0
2025-02-07 07:04:00.134394,216.0
2025-02-07 07:05:00.163053,212.0
2025-02-07 07:06:00.061357,320.0
2025-02-07 07:07:00.101117,216.0
2025-02-07 07:08:00.048919,220.0
2025-02-07 07:09:00.040030,312.0
2025-02-07 07:10:00.032703,220.0
2025-02-07 07:11:00.144657,320.0
2025-02-07 07:12:00.029843,208.0
2025-02-07 07:13:00.137733,212.0
2025-02-07 07:14:00.122759,328.0
2025-02-07 07:15:00.156154,212.0
2025-02-07 07:16:00.160072,320.0
2025-02-07 07:17:00.067359,208.0
2025-02-07 07:18:00.131609,220.0
2025-02-07 07:19:00.083586,312.0
2025-02-07 07:20:00.068093,220.0
2025-02-07 07:21:00.111101,216.0
2025-02-07 07:22:00.162985,320.0
2025-02-07 07:23:00.051479,212.0
2025-02-07 07:24:00.013097,212.0
2025-02-07 07:25:00.052656,320.0
2025-02-07 07:26:00.068231,208.0
2025-02-07 07:27:00.104282,320.0
2025-02-07 07:28:00.021844,220.0
2025-02-07 07:29:00.165959,216.0
2025-02-07 07:30:00.184675,316.0
2025-02-07 07:31:00.165229,216.0
2025-02-07 07:32:00.120845,212.0
2025-02-07 07:33:00.118062,320.0
2025-02-07 07:34:00.041798,216.0
2025-02-07 07:35:00.169879,212.0
2025-02-07 07:36:00.177878,320.0
2025-02-07 07:37:00.082215,212.0
2025-02-07 07:38:00.015422,212.0
2025-02-07 07:39:00.053952,320.0
2025-02-07 07:40:00.137894,216.0
2025-02-07 07:41:00.151248,312.0
2025-02-07 07:42:00.141876,220.0
2025-02-07 07:43:00.118413,216.0
2025-02-07 07:44:00.063989,316.0
2025-02-07 07:45:00.039716,216.0
2025-02-07 07:46:00.112976,212.0
2025-02-07 07:47:00.128165,320.0
2025-02-07 07:48:00.141666,212.0
2025-02-07 07:49:00.038137,216.0
2025-02-07 07:50:00.140960,320.0
2025-02-07 07:51:00.028733,212.0
2025-02-07 07:52:00.069775,212.0
2025-02-07 07:53:00.142437,320.0
2025-02-07 07:54:00.167075,216.0
2025-02-07 07:55:00.137244,212.0
2025-02-07 07:56:00.112638,320.0
2025-02-07 07:57:00.025020,216.0
2025-02-07 07:58:00.034439,220.0
2025-02-07 07:59:00.100474,312.0
2025-02-07 08:00:00.165668,216.0
2025-02-07 08:01:00.145132,208.0
2025-02-07 08:02:00.035712,324.0
2025-02-07 08:03:00.020127,212.0
2025-02-07 08:04:00.157762,212.0
2025-02-07 08:05:00.163471,320.0
2025-02-07 08:06:00.016856,216.0
2025-02-07 08:07:00.153160,212.0
2025-02-07 08:08:00.091769,312.0
2025-02-07 08:09:00.170147,220.0
2025-02-07 08:10:00.020720,212.0
2025-02-07 08:11:00.016057,320.0
2025-02-07 08:12:00.183376,216.0
2025-02-07 08:13:00.085753,212.0
2025-02-07 08:14:00.032243,320.0
2025-02-07 08:15:00.160145,212.0
2025-02-07 08:16:00.103768,216.0
2025-02-07 08:17:00.055205,320.0
2025-02-07 08:18:00.185779,212.0
2025-02-07 08:19:00.140244,216.0
2025-02-07 08:20:00.064095,316.0
2025-02-07 08:21:00.040531,216.0
2025-02-07 08:22:00.061230,216.0
2025-02-07 08:23:00.046518,316.0
2025-02-07 08:24:00.071901,216.0
2025-02-07 08:25:00.105769,212.0
2025-02-07 08:26:00.113154,216.0
2025-02-07 08:27:00.060911,320.0
2025-02-07 08:28:00.107075,212.0
2025-02-07 08:29:00.149344,212.0
2025-02-07 08:30:00.107862,320.0
2025-02-07 08:31:00.205852,212.0
2025-02-07 08:32:00.111503,216.0
2025-02-07 08:33:00.102431,316.0
2025-02-07 08:34:00.085815,216.0
2025-02-07 08:35:00.172503,216.0
2025-02-07 08:36:00.179327,316.0
2025-02-07 08:37:00.020715,216.0
2025-02-07 08:38:00.124467,212.0
2025-02-07 08:39:00.137285,320.0
2025-02-07 08:40:00.152905,216.0
2025-02-07 08:41:00.014523,212.0
2025-02-07 08:42:00.029017,320.0
2025-02-07 08:43:00.082475,220.0
2025-02-07 08:44:00.151539,208.0
2025-02-07 08:45:00.012453,316.0
2025-02-07 08:46:00.097603,216.0
2025-02-07 08:47:00.072420,220.0
2025-02-07 08:48:00.016199,312.0
2025-02-07 08:49:00.120115,216.0
2025-02-07 08:50:00.033084,328.0
2025-02-07 08:51:00.193287,212.0
2025-02-07 08:52:00.061789,320.0
2025-02-07 08:53:00.123490,312.0
2025-02-07 08:54:00.076956,220.0
2025-02-07 08:55:00.113873,320.0
2025-02-07 08:56:00.209204,216.0
2025-02-07 08:57:00.128955,320.0
2025-02-07 08:58:00.074058,312.0
2025-02-07 08:59:00.090400,220.0
2025-02-07 09:00:00.051284,320.0
2025-02-07 09:01:00.032007,216.0
2025-02-07 09:02:00.100356,328.0
2025-02-07 09:03:00.156563,212.0
2025-02-07 09:04:00.168769,320.0
2025-02-07 09:05:00.169336,320.0
2025-02-07 09:06:00.106443,208.0
2025-02-07 09:07:00.181727,328.0
2025-02-07 09:08:00.031542,216.0
2025-02-07 09:09:00.073686,316.0
2025-02-07 09:10:00.067862,320.0
2025-02-07 09:11:00.111873,216.0
2025-02-07 09:12:00.012158,320.0
2025-02-07 09:13:00.116618,220.0
2025-02-07 09:14:00.121295,320.0
2025-02-07 09:15:00.137675,216.0
2025-02-07 09:16:00.110586,320.0
2025-02-07 09:17:00.049942,320.0
2025-02-07 09:18:00.189365,216.0
2025-02-07 09:19:00.172558,316.0
2025-02-07 09:20:00.189743,216.0
2025-02-07 09:21:00.032325,328.0
2025-02-07 09:22:00.132715,212.0
2025-02-07 09:23:00.142234,324.0
2025-02-07 09:24:00.186068,320.0
2025-02-07 09:25:00.184766,220.0
2025-02-07 09:26:00.088921,312.0
2025-02-07 09:27:00.148743,216.0
2025-02-07 09:28:00.063126,328.0
2025-02-07 09:29:00.083843,212.0
2025-02-07 09:30:00.180359,324.0
2025-02-07 09:31:00.094437,316.0
2025-02-07 09:32:00.135067,216.0
2025-02-07 09:33:00.040901,328.0
2025-02-07 09:34:00.131563,212.0
2025-02-07 09:35:00.126790,320.0
2025-02-07 09:36:00.036232,320.0
2025-02-07 09:37:00.044351,216.0
2025-02-07 09:38:00.176681,320.0
2025-02-07 09:39:00.087467,216.0
2025-02-07 09:40:00.009781,316.0
2025-02-07 09:41:00.032739,320.0
2025-02-07 09:42:00.126647,216.0
2025-02-07 09:43:00.044417,316.0
2025-02-07 09:44:00.015555,216.0
2025-02-07 09:45:00.068556,320.0
2025-02-07 09:46:00.117625,216.0
2025-02-07 09:47:00.112060,320.0
2025-02-07 09:48:00.090893,320.0
2025-02-07 09:49:00.066931,220.0
2025-02-07 09:50:00.027147,320.0
2025-02-07 09:51:00.091216,216.0
2025-02-07 09:52:00.092543,320.0
2025-02-07 09:53:00.044920,320.0
2025-02-07 09:54:00.076978,220.0
2025-02-07 09:55:00.101702,312.0
2025-02-07 09:56:00.013402,216.0
2025-02-07 09:57:00.052161,320.0
2025-02-07 09:58:00.054026,320.0
2025-02-07 09:59:00.183200,220.0
2025-02-07 10:00:00.045865,320.0
2025-02-07 10:01:00.102663,212.0
2025-02-07 10:02:00.017292,320.0
2025-02-07 10:03:00.089351,216.0
2025-02-07 10:04:00.060658,320.0
2025-02-07 10:05:00.050545,312.0
2025-02-07 10:06:00.017340,220.0
2025-02-07 10:07:00.133306,324.0
2025-02-07 10:08:00.116654,316.0
2025-02-07 10:09:00.018589,216.0
2025-02-07 10:10:00.128240,320.0
2025-02-07 10:11:00.020702,220.0
2025-02-07 10:12:00.154316,312.0
2025-02-07 10:13:00.040851,320.0
2025-02-07 10:14:00.087326,216.0
2025-02-07 10:15:00.061755,320.0
2025-02-07 10:16:00.123213,220.0
2025-02-07 10:17:00.005546,320.0
2025-02-07 10:18:00.043170,320.0
2025-02-07 10:19:00.156429,216.0
2025-02-07 10:20:00.214165,320.0
2025-02-07 10:21:00.110050,320.0
2025-02-07 10:22:00.134131,220.0
2025-02-07 10:23:00.096863,320.0
2025-02-07 10:24:00.156892,208.0
2025-02-07 10:25:00.092807,328.0
2025-02-07 10:26:00.088308,320.0
2025-02-07 10:27:00.028668,216.0
2025-02-07 10:28:00.146535,212.0
2025-02-07 10:29:00.155869,212.0
2025-02-07 10:30:00.106392,212.0
2025-02-07 10:31:00.099930,312.0
2025-02-07 10:32:00.030329,212.0
2025-02-07 10:33:00.091772,216.0
2025-02-07 10:34:00.105930,212.0
2025-02-07 10:35:00.021299,212.0
2025-02-07 10:36:00.005375,216.0
2025-02-07 10:37:00.154034,212.0
2025-02-07 10:38:00.148530,212.0
2025-02-07 10:39:00.017600,212.0
2025-02-07 10:40:00.170380,212.0
2025-02-07 10:41:00.071989,216.0
2025-02-07 10:42:00.065016,312.0
2025-02-07 10:43:00.138320,220.0
2025-02-07 10:44:00.156680,212.0
2025-02-07 10:45:00.066532,208.0
2025-02-07 10:46:00.051744,220.0
2025-02-07 10:47:00.029246,212.0
2025-02-07 10:48:00.035887,208.0
2025-02-07 10:49:00.138813,212.0
2025-02-07 10:50:00.068442,212.0
2025-02-07 10:51:00.160913,312.0
2025-02-07 10:52:00.121148,212.0
2025-02-07 10:53:00.131821,220.0
2025-02-07 10:54:00.061118,208.0
2025-02-07 10:55:00.067779,212.0
2025-02-07 10:56:00.095820,212.0
2025-02-07 10:57:00.123809,212.0
2025-02-07 10:58:00.130504,212.0
2025-02-07 10:59:00.044323,208.0
2025-02-07 11:00:00.120307,320.0
2025-02-07 11:01:00.159874,212.0
2025-02-07 11:02:00.082121,212.0
2025-02-07 11:03:00.070620,212.0
2025-02-07 11:04:00.073188,212.0
2025-02-07 11:05:00.098053,216.0
2025-02-07 11:06:00.117917,212.0
2025-02-07 11:07:00.071316,212.0
2025-02-07 11:08:00.130053,216.0
2025-02-07 11:09:00.058635,212.0
2025-02-07 11:10:00.173109,312.0
2025-02-07 11:11:00.105741,212.0
2025-02-07 11:12:00.020554,216.0
2025-02-07 11:13:00.110617,212.0
2025-02-07 11:14:00.178244,212.0
2025-02-07 11:15:00.167783,212.0
2025-02-07 11:16:00.010222,212.0
2025-02-07 11:17:00.039602,208.0
2025-02-07 11:18:00.053364,212.0
2025-02-07 11:19:00.132708,212.0
2025-02-07 11:20:00.118182,320.0
2025-02-07 11:21:00.039227,212.0
2025-02-07 11:22:00.109283,216.0
2025-02-07 11:23:00.172351,212.0
2025-02-07 11:24:00.165350,212.0
2025-02-07 11:25:00.085713,216.0
2025-02-07 11:26:00.064973,212.0
2025-02-07 11:27:00.109610,212.0
2025-02-07 11:28:00.130704,212.0
2025-02-07 11:29:00.027139,312.0
2025-02-07 11:30:00.141346,216.0
2025-02-07 11:31:00.005558,212.0
2025-02-07 11:32:00.108459,212.0
2025-02-07 11:33:00.167426,212.0
2025-02-07 11:34:00.123342,212.0
2025-02-07 11:35:00.167243,216.0
2025-02-07 11:36:00.184919,212.0
2025-02-07 11:37:00.068671,212.0
2025-02-07 11:38:00.028919,216.0
2025-02-07 11:39:00.018096,312.0
2025-02-07 11:40:00.009436,220.0
2025-02-07 11:41:00.129172,212.0
2025-02-07 11:42:00.075269,208.0
2025-02-07 11:43:00.145295,212.0
2025-02-07 11:44:00.026686,212.0
2025-02-07 11:45:00.118675,212.0
2025-02-07 11:46:00.056769,212.0
2025-02-07 11:47:00.088938,320.0
2025-02-07 11:48:00.008423,208.0
2025-02-07 11:49:00.063867,212.0
2025-02-07 11:50:00.159620,212.0
2025-02-07 11:51:00.161287,212.0
2025-02-07 11:52:00.094327,212.0
2025-02-07 11:53:00.053317,216.0
2025-02-07 11:54:00.168732,212.0
2025-02-07 11:55:00.166499,312.0
2025-02-07 11:56:00.104730,212.0
2025-02-07 11:57:00.037641,212.0
2025-02-07 11:58:00.089729,216.0
2025-02-07 11:59:00.024186,212.0
2025-02-07 12:00:00.165961,212.0
2025-02-07 12:01:00.129757,212.0
2025-02-07 12:02:00.110768,208.0
2025-02-07 12:03:00.038874,320.0
2025-02-07 12:04:00.025878,212.0
2025-02-07 12:05:00.143279,212.0
2025-02-07 12:06:00.098880,212.0
2025-02-07 12:07:00.016244,212.0
2025-02-07 12:08:00.065441,208.0
2025-02-07 12:09:00.013559,212.0
2025-02-07 12:10:00.056718,220.0
2025-02-07 12:11:00.064728,208.0
2025-02-07 12:12:00.035991,212.0
2025-02-07 12:13:00.177685,104.0
2025-02-07 12:14:00.162760,0.0
2025-02-07 12:15:00.047520,0.0
2025-02-07 12:16:00.148418,0.0
2025-02-07 12:17:00.106574,0.0
2025-02-07 12:18:00.035704,0.0
2025-02-07 12:19:00.136926,108.0
2025-02-07 12:20:00.008346,0.0
2025-02-07 12:21:00.078842,0.0
2025-02-07 12:22:00.184311,0.0
2025-02-07 12:23:00.010058,0.0
2025-02-07 12:24:00.153099,0.0
2025-02-07 12:25:00.160908,0.0
2025-02-07 12:26:00.090341,0.0
2025-02-07 12:27:00.073650,0.0
2025-02-07 12:28:00.036635,0.0
2025-02-07 12:29:00.163657,104.0
2025-02-07 12:30:00.132138,208.0
2025-02-07 12:31:00.015192,212.0
2025-02-07 12:32:00.011126,212.0
2025-02-07 12:33:00.047494,216.0
2025-02-07 12:34:00.089908,212.0
2025-02-07 12:35:00.086897,212.0
2025-02-07 12:36:00.011513,204.0
2025-02-07 12:37:00.036812,220.0
2025-02-07 12:38:00.014756,108.0
2025-02-07 12:39:00.155741,212.0
2025-02-07 12:40:00.169135,208.0
2025-02-07 12:41:00.184462,212.0
2025-02-07 12:42:00.125160,212.0
2025-02-07 12:43:00.030843,212.0
2025-02-07 12:44:00.074520,212.0
2025-02-07 12:45:00.011744,208.0
2025-02-07 12:46:00.112547,112.0
2025-02-07 12:47:00.105117,208.0
2025-02-07 12:48:00.053137,212.0
2025-02-07 12:49:00.173606,212.0
2025-02-07 12:50:00.116884,212.0
2025-02-07 12:51:00.090968,212.0
2025-02-07 12:52:00.146015,208.0
2025-02-07 12:53:00.009932,104.0
2025-02-07 12:54:00.174948,212.0
2025-02-07 12:55:00.104429,212.0
2025-02-07 12:56:00.016769,324.0
2025-02-07 12:57:00.131399,212.0
2025-02-07 12:58:00.117047,320.0
2025-02-07 12:59:00.157076,320.0
2025-02-07 13:00:00.095713,216.0
2025-02-07 13:01:00.091337,320.0
2025-02-07 13:02:00.125698,220.0
2025-02-07 13:03:00.138633,320.0
2025-02-07 13:04:00.170780,212.0
2025-02-07 13:05:00.012012,320.0
2025-02-07 13:06:00.101348,320.0
2025-02-07 13:07:00.013082,216.0
2025-02-07 13:08:00.063819,320.0
2025-02-07 13:09:00.160455,320.0
2025-02-07 13:10:00.074524,216.0
2025-02-07 13:11:00.059247,320.0
2025-02-07 13:12:00.168822,212.0
2025-02-07 13:13:00.138011,320.0
2025-02-07 13:14:00.033427,320.0
2025-02-07 13:15:00.043,220.0
2025-02-07 13:16:00.027624,324.0
2025-02-07 13:17:00.040925,320.0
2025-02-07 13:18:00.111933,212.0
2025-02-07 13:19:00.120190,320.0
2025-02-07 13:20:00.067406,320.0
2025-02-07 13:21:00.100393,212.0
2025-02-07 13:22:00.203258,320.0
2025-02-07 13:23:00.024909,320.0
2025-02-07 13:24:00.068804,216.0
2025-02-07 13:25:00.047297,320.0
2025-02-07 13:26:00.041471,320.0
2025-02-07 13:27:00.170617,220.0
2025-02-07 13:28:00.099488,320.0
2025-02-07 13:29:00.150871,320.0
2025-02-07 13:30:00.023711,216.0
2025-02-07 13:31:00.072713,320.0
2025-02-07 13:32:00.105558,320.0
2025-02-07 13:33:00.073483,216.0
2025-02-07 13:34:00.102461,320.0
2025-02-07 13:35:00.042288,320.0
2025-02-07 13:36:00.077251,212.0
2025-02-07 13:37:00.106559,328.0
2025-02-07 13:38:00.018056,212.0
2025-02-07 13:39:00.109596,320.0
2025-02-07 13:40:00.149357,216.0
2025-02-07 13:41:00.110964,320.0
2025-02-07 13:42:00.047241,320.0
2025-02-07 13:43:00.012872,216.0
2025-02-07 13:44:00.149198,320.0
2025-02-07 13:45:00.052162,220.0
2025-02-07 13:46:00.146028,320.0
2025-02-07 13:47:00.030092,212.0
2025-02-07 13:48:00.029953,320.0
2025-02-07 13:49:00.020970,216.0
2025-02-07 13:50:00.145651,312.0
2025-02-07 13:51:00.033367,220.0
2025-02-07 13:52:00.179744,212.0
2025-02-07 13:53:00.021097,320.0
2025-02-07 13:54:00.014991,208.0
2025-02-07 13:55:00.035593,320.0
2025-02-07 13:56:00.054117,212.0
2025-02-07 13:57:00.035791,320.0
2025-02-07 13:58:00.106460,220.0
2025-02-07 13:59:00.124854,208.0
2025-02-07 14:00:00.079780,320.0
2025-02-07 14:01:00.067729,212.0
2025-02-07 14:02:00.036072,220.0
2025-02-07 14:03:00.053848,320.0
2025-02-07 14:04:00.103170,208.0
2025-02-07 14:05:00.143152,320.0
2025-02-07 14:06:00.011160,220.0
2025-02-07 14:07:00.036184,212.0
2025-02-07 14:08:00.170094,312.0
2025-02-07 14:09:00.050392,216.0
2025-02-07 14:10:00.083710,212.0
2025-02-07 14:11:00.046410,320.0
2025-02-07 14:12:00.110629,212.0
2025-02-07 14:13:00.077118,320.0
2025-02-07 14:14:00.058958,216.0
2025-02-07 14:15:00.104808,212.0
2025-02-07 14:16:00.063415,320.0
2025-02-07 14:17:00.062479,320.0
2025-02-07 14:18:00.074925,220.0
2025-02-07 14:19:00.114733,208.0
2025-02-07 14:20:00.008959,316.0
2025-02-07 14:21:00.134428,216.0
2025-02-07 14:22:00.052478,212.0
2025-02-07 14:23:00.116063,320.0
2025-02-07 14:24:00.131397,212.0
2025-02-07 14:25:00.052410,212.0
2025-02-07 14:26:00.140581,216.0
2025-02-07 14:27:00.129277,212.0
2025-02-07 14:28:00.041289,212.0
2025-02-07 14:29:00.114303,208.0
2025-02-07 14:30:00.031299,212.0
2025-02-07 14:31:00.072360,212.0
2025-02-07 14:32:00.028770,212.0
2025-02-07 14:33:00.105903,212.0
2025-02-07 14:34:00.094598,100.0
2025-02-07 14:35:00.017141,212.0
2025-02-07 14:36:00.127353,212.0
2025-02-07 14:37:00.123019,212.0
2025-02-07 14:38:00.161265,108.0
2025-02-07 14:39:00.060247,212.0
2025-02-07 14:40:00.062293,208.0
2025-02-07 14:41:00.022010,112.0
2025-02-07 14:42:00.040040,312.0
2025-02-07 14:43:00.148401,216.0
2025-02-07 14:44:00.115955,320.0
2025-02-07 14:45:00.152439,220.0
2025-02-07 14:46:00.124346,320.0
2025-02-07 14:47:00.160880,216.0
2025-02-07 14:48:00.090169,320.0
2025-02-07 14:49:00.164547,212.0
2025-02-07 14:50:00.044292,320.0
2025-02-07 14:51:00.161726,216.0
2025-02-07 14:52:00.032417,320.0
2025-02-07 14:53:00.111214,212.0
2025-02-07 14:54:00.033655,212.0
2025-02-07 14:55:00.118737,216.0
2025-02-07 14:56:00.018478,212.0
2025-02-07 14:57:00.107267,212.0
2025-02-07 14:58:00.095231,104.0
2025-02-07 14:59:00.078904,204.0
2025-02-07 15:00:00.009903,0.0
2025-02-07 15:01:00.139794,108.0
2025-02-07 15:02:00.099260,104.0
2025-02-07 15:03:00.164794,0.0
2025-02-07 15:04:00.109355,100.0
2025-02-07 15:05:00.128314,0.0
2025-02-07 15:06:00.044087,0.0
2025-02-07 15:07:00.071969,0.0
2025-02-07 15:08:00.099818,0.0
2025-02-07 15:09:00.065930,0.0
2025-02-07 15:10:00.164369,0.0
2025-02-07 15:11:00.174098,0.0
2025-02-07 15:12:00.052960,0.0
2025-02-07 15:13:00.062348,0.0
2025-02-07 15:14:00.147391,0.0
2025-02-07 15:15:00.019577,0.0
2025-02-07 15:16:00.068353,0.0
2025-02-07 15:17:00.136422,0.0
2025-02-07 15:18:00.006383,0.0
2025-02-07 15:19:00.113133,0.0
2025-02-07 15:20:00.124734,0.0
2025-02-07 15:21:00.054490,0.0
2025-02-07 15:22:00.068450,0.0
2025-02-07 15:23:00.143239,0.0
2025-02-07 15:24:00.134646,0.0
2025-02-07 15:25:00.113698,0.0
2025-02-07 15:26:00.047852,0.0
2025-02-07 15:27:00.188823,0.0
2025-02-07 15:28:00.018286,0.0
2025-02-07 15:29:00.117201,0.0
2025-02-07 15:30:00.109275,0.0
2025-02-07 15:31:00.008181,0.0
2025-02-07 15:32:00.118762,0.0
2025-02-07 15:33:00.069796,0.0
2025-02-07 15:34:00.080796,0.0
2025-02-07 15:35:00.155297,0.0
2025-02-07 15:36:00.083120,0.0
2025-02-07 15:37:00.138729,0.0
2025-02-07 15:38:00.089586,0.0
2025-02-07 15:39:00.089658,0.0
2025-02-07 15:40:00.050294,0.0
2025-02-07 15:41:00.100369,0.0
2025-02-07 15:42:00.132482,0.0
2025-02-07 15:43:00.156035,0.0
2025-02-07 15:44:00.183691,0.0
2025-02-07 15:45:00.188577,0.0
2025-02-07 15:46:00.153014,0.0
2025-02-07 15:47:00.109404,0.0
2025-02-07 15:48:00.092754,0.0
2025-02-07 15:49:00.032776,0.0
2025-02-07 15:50:00.165396,0.0
2025-02-07 15:51:00.098285,0.0
2025-02-07 15:52:00.082304,0.0
2025-02-07 15:53:00.044129,0.0
2025-02-07 15:54:00.034179,0.0
2025-02-07 15:55:00.119554,0.0
2025-02-07 15:56:00.100410,0.0
2025-02-07 15:57:00.110912,0.0
2025-02-07 15:58:00.073043,0.0
2025-02-07 15:59:00.108409,0.0
2025-02-07 16:00:00.147861,0.0
2025-02-07 16:01:00.114335,0.0
2025-02-07 16:02:00.093420,0.0
2025-02-07 16:03:00.087118,0.0
2025-02-07 16:04:00.055023,0.0
2025-02-07 16:05:00.073868,0.0
2025-02-07 16:06:00.090011,0.0
2025-02-07 16:07:00.074248,0.0
2025-02-07 16:08:00.130323,0.0
2025-02-07 16:09:00.153352,0.0
2025-02-07 16:10:00.061429,0.0
2025-02-07 16:11:00.111061,0.0
2025-02-07 16:12:00.175080,0.0
2025-02-07 16:13:00.054745,0.0
2025-02-07 16:14:00.102286,0.0
2025-02-07 16:15:00.133872,0.0
2025-02-07 16:16:00.068737,0.0
2025-02-07 16:17:00.163347,0.0
2025-02-07 16:18:00.153864,0.0
2025-02-07 16:19:00.048823,0.0
2025-02-07 16:20:00.027986,0.0
2025-02-07 16:21:00.144099,0.0
2025-02-07 16:22:00.088807,0.0
2025-02-07 16:23:00.091439,0.0
2025-02-07 16:24:00.107812,0.0
2025-02-07 16:25:00.124703,0.0
2025-02-07 16:26:00.142923,0.0
2025-02-07 16:27:00.046822,0.0
2025-02-07 16:28:00.094660,0.0
2025-02-07 16:29:00.167883,0.0
2025-02-07 16:30:00.076151,0.0
2025-02-07 16:31:00.118358,0.0
2025-02-07 16:32:00.068946,0.0
2025-02-07 16:33:00.014082,0.0
2025-02-07 16:34:00.175374,0.0
2025-02-07 16:35:00.102674,0.0
2025-02-07 16:36:00.145909,0.0
2025-02-07 16:37:00.064159,0.0
2025-02-07 16:38:00.052562,0.0
2025-02-07 16:39:00.144081,0.0
2025-02-07 16:40:00.084208,0.0
2025-02-07 16:41:00.039621,0.0
2025-02-07 16:42:00.066774,0.0
2025-02-07 16:43:00.149623,0.0
2025-02-07 16:44:00.043168,0.0
2025-02-07 16:45:00.046936,0.0
2025-02-07 16:46:00.187634,0.0
2025-02-07 16:47:00.121439,0.0
2025-02-07 16:48:00.093962,0.0
2025-02-07 16:49:00.025557,0.0
2025-02-07 16:50:00.017506,0.0
2025-02-07 16:51:00.113028,0.0
2025-02-07 16:52:00.150157,0.0
2025-02-07 16:53:00.050173,0.0
2025-02-07 16:54:00.074096,0.0
2025-02-07 16:55:00.071659,0.0
2025-02-07 16:56:00.101923,0.0
2025-02-07 16:57:00.078815,0.0
2025-02-07 16:58:00.107471,0.0
2025-02-07 16:59:00.126301,0.0
2025-02-07 17:00:00.023009,0.0
2025-02-07 17:01:00.061075,0.0
2025-02-07 17:02:00.176079,0.0
2025-02-07 17:03:00.025595,0.0
2025-02-07 17:04:00.074103,0.0
2025-02-07 17:05:00.034237,0.0
2025-02-07 17:06:00.131904,0.0
2025-02-07 17:07:00.028539,0.0
2025-02-07 17:08:00.137093,0.0
2025-02-07 17:09:00.176230,0.0
2025-02-07 17:10:00.088100,0.0
2025-02-07 17:11:00.024965,0.0
2025-02-07 17:12:00.048640,0.0
2025-02-07 17:13:00.005698,0.0
2025-02-07 17:14:00.093293,0.0
2025-02-07 17:15:00.058919,0.0
2025-02-07 17:16:00.112825,0.0
2025-02-07 17:17:00.035390,0.0
2025-02-07 17:18:00.063485,0.0
2025-02-07 17:19:00.125124,0.0
2025-02-07 17:20:00.135373,0.0
2025-02-07 17:21:00.050070,0.0
2025-02-07 17:22:00.062410,0.0
2025-02-07 17:23:00.121298,0.0
2025-02-07 17:24:00.118128,0.0
2025-02-07 17:25:00.088424,0.0
2025-02-07 17:26:00.087783,0.0
2025-02-07 17:27:00.053375,320.0
2025-02-07 17:28:00.020106,316.0
2025-02-07 17:29:00.029933,216.0
2025-02-07 17:30:00.098898,104.0
2025-02-07 17:31:00.118404,4.0
2025-02-07 17:32:00.054903,0.0
2025-02-07 17:33:00.164652,104.0
2025-02-07 17:34:00.060555,216.0
2025-02-07 17:35:00.067462,316.0
2025-02-07 17:36:00.138661,216.0
2025-02-07 17:37:00.168455,212.0
2025-02-07 17:38:00.126217,216.0
2025-02-07 17:39:00.127337,316.0
2025-02-07 17:40:00.057123,216.0
2025-02-07 17:41:00.135627,212.0
2025-02-07 17:42:00.045945,312.0
2025-02-07 17:43:00.079952,220.0
2025-02-07 17:44:00.044031,208.0
2025-02-07 17:45:00.095493,320.0
2025-02-07 17:46:00.070883,220.0
2025-02-07 17:47:00.077312,212.0
2025-02-07 17:48:00.154776,320.0
2025-02-07 17:49:00.079774,216.0
2025-02-07 17:50:00.027284,212.0
2025-02-07 17:51:00.081245,312.0
2025-02-07 17:52:00.071207,220.0
2025-02-07 17:53:00.033367,320.0
2025-02-07 17:54:00.136780,216.0
2025-02-07 17:55:00.125116,320.0
2025-02-07 17:56:00.024691,216.0
2025-02-07 17:57:00.073257,316.0
2025-02-07 17:58:00.038163,320.0
2025-02-07 17:59:00.089920,216.0
2025-02-07 18:00:00.117278,320.0
2025-02-07 18:01:00.079922,212.0
2025-02-07 18:02:00.148596,320.0
2025-02-07 18:03:00.036533,320.0
2025-02-07 18:04:00.108730,216.0
2025-02-07 18:05:00.019880,316.0
2025-02-07 18:06:00.064314,216.0
2025-02-07 18:07:00.031867,320.0
2025-02-07 18:08:00.082343,220.0
2025-02-07 18:09:00.107134,312.0
2025-02-07 18:10:00.066719,320.0
2025-02-07 18:11:00.119754,216.0
2025-02-07 18:12:00.010560,316.0
2025-02-07 18:13:00.008432,216.0
2025-02-07 18:14:00.163756,320.0
2025-02-07 18:15:00.041330,220.0
2025-02-07 18:16:00.109520,320.0
2025-02-07 18:17:00.091047,208.0
2025-02-07 18:18:00.055637,320.0
2025-02-07 18:19:00.057218,316.0
2025-02-07 18:20:00.074969,216.0
2025-02-07 18:21:00.138902,320.0
2025-02-07 18:22:00.091731,220.0
2025-02-07 18:23:00.093978,312.0
2025-02-07 18:24:00.034946,216.0
2025-02-07 18:25:00.050950,320.0
2025-02-07 18:26:00.072697,220.0
2025-02-07 18:27:00.156528,320.0
2025-02-07 18:28:00.160456,212.0
2025-02-07 18:29:00.120831,320.0
2025-02-07 18:30:00.139637,320.0
2025-02-07 18:31:00.190484,208.0
2025-02-07 18:32:00.017242,320.0
2025-02-07 18:33:00.113160,212.0
2025-02-07 18:34:00.160087,320.0
2025-02-07 18:35:00.117783,212.0
2025-02-07 18:36:00.119259,328.0
2025-02-07 18:37:00.175632,320.0
2025-02-07 18:38:00.063999,208.0
2025-02-07 18:39:00.161337,316.0
2025-02-07 18:40:00.076664,224.0
2025-02-07 18:41:00.133713,320.0
2025-02-07 18:42:00.165070,212.0
2025-02-07 18:43:00.062755,320.0
2025-02-07 18:44:00.125012,208.0
2025-02-07 18:45:00.139162,320.0
2025-02-07 18:46:00.160701,320.0
2025-02-07 18:47:00.040576,220.0
2025-02-07 18:48:00.179912,312.0
2025-02-07 18:49:00.124765,220.0
2025-02-07 18:50:00.162246,312.0
2025-02-07 18:51:00.137242,216.0
2025-02-07 18:52:00.087098,320.0
2025-02-07 18:53:00.169150,220.0
2025-02-07 18:54:00.172247,320.0
2025-02-07 18:55:00.121367,212.0
2025-02-07 18:56:00.131806,324.0
2025-02-07 18:57:00.022570,320.0
2025-02-07 18:58:00.040273,212.0
2025-02-07 18:59:00.108032,320.0
2025-02-07 19:00:00.127891,216.0
2025-02-07 19:01:00.146685,316.0
2025-02-07 19:02:00.075218,216.0
2025-02-07 19:03:00.171310,320.0
2025-02-07 19:04:00.091369,220.0
2025-02-07 19:05:00.127951,320.0
2025-02-07 19:06:00.164027,216.0
2025-02-07 19:07:00.092223,312.0
2025-02-07 19:08:00.078025,320.0
2025-02-07 19:09:00.023578,220.0
2025-02-07 19:10:00.071058,320.0
2025-02-07 19:11:00.075903,216.0
2025-02-07 19:12:00.083746,316.0
2025-02-07 19:13:00.111854,216.0
2025-02-07 19:14:00.166579,320.0
2025-02-07 19:15:00.015392,216.0
2025-02-07 19:16:00.060607,320.0
2025-02-07 19:17:00.069971,212.0
2025-02-07 19:18:00.117252,320.0
2025-02-07 19:19:00.171396,212.0
2025-02-07 19:20:00.114884,320.0
2025-02-07 19:21:00.042366,212.0
2025-02-07 19:22:00.069626,324.0
2025-02-07 19:23:00.063969,212.0
2025-02-07 19:24:00.101989,316.0
2025-02-07 19:25:00.052217,216.0
2025-02-07 19:26:00.021246,320.0
2025-02-07 19:27:00.034068,216.0
2025-02-07 19:28:00.092023,320.0
2025-02-07 19:29:00.111408,316.0
2025-02-07 19:30:00.154872,216.0
2025-02-07 19:31:00.057539,320.0
2025-02-07 19:32:00.069168,220.0
2025-02-07 19:33:00.131657,208.0
2025-02-07 19:34:00.088035,320.0
2025-02-07 19:35:00.074436,220.0
2025-02-07 19:36:00.113870,312.0
2025-02-07 19:37:00.057496,212.0
2025-02-07 19:38:00.131996,320.0
2025-02-07 19:39:00.118851,216.0
2025-02-07 19:40:00.053043,320.0
2025-02-07 19:41:00.107332,212.0
2025-02-07 19:42:00.160818,320.0
2025-02-07 19:43:00.155232,212.0
2025-02-07 19:44:00.072247,320.0
2025-02-07 19:45:00.055378,216.0
2025-02-07 19:46:00.155972,320.0
2025-02-07 19:47:00.095613,220.0
2025-02-07 19:48:00.145929,312.0
2025-02-07 19:49:00.117574,220.0
2025-02-07 19:50:00.179645,320.0
2025-02-07 19:51:00.043637,208.0
2025-02-07 19:52:00.078870,320.0
2025-02-07 19:53:00.164853,220.0
2025-02-07 19:54:00.035612,216.0
2025-02-07 19:55:00.075396,316.0
2025-02-07 19:56:00.085290,216.0
2025-02-07 19:57:00.113336,320.0
2025-02-07 19:58:00.208665,212.0
2025-02-07 19:59:00.072101,312.0
2025-02-07 20:00:00.160194,220.0
2025-02-07 20:01:00.137183,312.0
2025-02-07 20:02:00.162018,216.0
2025-02-07 20:03:00.085585,212.0
2025-02-07 20:04:00.147742,320.0
2025-02-07 20:05:00.042052,212.0
2025-02-07 20:06:00.113872,320.0
2025-02-07 20:07:00.039194,216.0
2025-02-07 20:08:00.070832,320.0
2025-02-07 20:09:00.151337,212.0
2025-02-07 20:10:00.160777,320.0
2025-02-07 20:11:00.147743,212.0
2025-02-07 20:12:00.161776,320.0
2025-02-07 20:13:00.117596,216.0
2025-02-07 20:14:00.061830,212.0
2025-02-07 20:15:00.158163,320.0
2025-02-07 20:16:00.090022,212.0
2025-02-07 20:17:00.100119,320.0
2025-02-07 20:18:00.017333,212.0
2025-02-07 20:19:00.139953,320.0
2025-02-07 20:20:00.129734,212.0
2025-02-07 20:21:00.160305,216.0
2025-02-07 20:22:00.086063,320.0
2025-02-07 20:23:00.169297,212.0
2025-02-07 20:24:00.033865,320.0
2025-02-07 20:25:00.088978,212.0
2025-02-07 20:26:00.008327,320.0
2025-02-07 20:27:00.049942,216.0
2025-02-07 20:28:00.079518,312.0
2025-02-07 20:29:00.089683,220.0
2025-02-07 20:30:00.066003,212.0
2025-02-07 20:31:00.046784,320.0
2025-02-07 20:32:00.121891,216.0
2025-02-07 20:33:00.161124,312.0
2025-02-07 20:34:00.089911,220.0
2025-02-07 20:35:00.162619,312.0
2025-02-07 20:36:00.153717,220.0
2025-02-07 20:37:00.051893,320.0
2025-02-07 20:38:00.114141,208.0
2025-02-07 20:39:00.178322,212.0
2025-02-07 20:40:00.151598,320.0
2025-02-07 20:41:00.153305,220.0
2025-02-07 20:42:00.111292,320.0
2025-02-07 20:43:00.093887,208.0
2025-02-07 20:44:00.076373,316.0
2025-02-07 20:45:00.102168,216.0
2025-02-07 20:46:00.164076,320.0
2025-02-07 20:47:00.080175,220.0
2025-02-07 20:48:00.168300,208.0
2025-02-07 20:49:00.062087,328.0
2025-02-07 20:50:00.073698,212.0
2025-02-07 20:51:00.089887,312.0
2025-02-07 20:52:00.092444,220.0
2025-02-07 20:53:00.166458,320.0
2025-02-07 20:54:00.153888,208.0
2025-02-07 20:55:00.033045,212.0
2025-02-07 20:56:00.074562,328.0
2025-02-07 20:57:00.035208,212.0
2025-02-07 20:58:00.105129,320.0
2025-02-07 20:59:00.087912,208.0
2025-02-07 21:00:00.198200,316.0
2025-02-07 21:01:00.068041,216.0
2025-02-07 21:02:00.173081,320.0
2025-02-07 21:03:00.041140,220.0
2025-02-07 21:04:00.104357,208.0
2025-02-07 21:05:00.126606,320.0
2025-02-07 21:06:00.057030,212.0
2025-02-07 21:07:00.069452,328.0
2025-02-07 21:08:00.118058,212.0
2025-02-07 21:09:00.170386,320.0
2025-02-07 21:10:00.113335,208.0
2025-02-07 21:11:00.110219,212.0
2025-02-07 21:12:00.016427,320.0
2025-02-07 21:13:00.073101,220.0
2025-02-07 21:14:00.119067,320.0
2025-02-07 21:15:00.161817,208.0
2025-02-07 21:16:00.151005,320.0
2025-02-07 21:17:00.111841,212.0
2025-02-07 21:18:00.185687,316.0
2025-02-07 21:19:00.039217,216.0
2025-02-07 21:20:00.110085,312.0
2025-02-07 21:21:00.213144,220.0
2025-02-07 21:22:00.037093,212.0
2025-02-07 21:23:00.111839,320.0
2025-02-07 21:24:00.166890,208.0
2025-02-07 21:25:00.025121,320.0
2025-02-07 21:26:00.084739,220.0
2025-02-07 21:27:00.144053,320.0
2025-02-07 21:28:00.041074,212.0
2025-02-07 21:29:00.045610,320.0
2025-02-07 21:30:00.142228,216.0
2025-02-07 21:31:00.187681,312.0
2025-02-07 21:32:00.052754,220.0
2025-02-07 21:33:00.093530,312.0
2025-02-07 21:34:00.045773,220.0
2025-02-07 21:35:00.084829,320.0
2025-02-07 21:36:00.123144,216.0
2025-02-07 21:37:00.079378,312.0
2025-02-07 21:38:00.093809,220.0
2025-02-07 21:39:00.076961,212.0
2025-02-07 21:40:00.041140,320.0
2025-02-07 21:41:00.024420,208.0
2025-02-07 21:42:00.128347,220.0
2025-02-07 21:43:00.197289,212.0
2025-02-07 21:44:00.052767,100.0
2025-02-07 21:45:00.016734,212.0
2025-02-07 21:46:00.061582,108.0
2025-02-07 21:47:00.093436,212.0
2025-02-07 21:48:00.112896,212.0
2025-02-07 21:49:00.008309,212.0
2025-02-07 21:50:00.160584,216.0
2025-02-07 21:51:00.064045,212.0
2025-02-07 21:52:00.133395,212.0
2025-02-07 21:53:00.013549,208.0
2025-02-07 21:54:00.033619,212.0
2025-02-07 21:55:00.064996,212.0
2025-02-07 21:56:00.162337,320.0
2025-02-07 21:57:00.163916,212.0
2025-02-07 21:58:00.068763,212.0
2025-02-07 21:59:00.145366,208.0
2025-02-07 22:00:00.122362,220.0
2025-02-07 22:01:00.011210,212.0
2025-02-07 22:02:00.031808,208.0
2025-02-07 22:03:00.067930,212.0
2025-02-07 22:04:00.100194,212.0
2025-02-07 22:05:00.047385,216.0
2025-02-07 22:06:00.110774,212.0
2025-02-07 22:07:00.138589,212.0
2025-02-07 22:08:00.013025,328.0
2025-02-07 22:09:00.116334,208.0
2025-02-07 22:10:00.121073,220.0
2025-02-07 22:11:00.117107,320.0
2025-02-07 22:12:00.108743,212.0
2025-02-07 22:13:00.063098,320.0
2025-02-07 22:14:00.169118,216.0
2025-02-07 22:15:00.009607,212.0
2025-02-07 22:16:00.073761,320.0
2025-02-07 22:17:00.070147,216.0
2025-02-07 22:18:00.023602,320.0
2025-02-07 22:19:00.006200,212.0
2025-02-07 22:20:00.015344,320.0
2025-02-07 22:21:00.043192,216.0
2025-02-07 22:22:00.176831,320.0
2025-02-07 22:23:00.007622,220.0
2025-02-07 22:24:00.151443,212.0
2025-02-07 22:25:00.131899,320.0
2025-02-07 22:26:00.079987,216.0
2025-02-07 22:27:00.068152,320.0
2025-02-07 22:28:00.155021,212.0
2025-02-07 22:29:00.108241,320.0
2025-02-07 22:30:00.036506,216.0
2025-02-07 22:31:00.061378,316.0
2025-02-07 22:32:00.018154,216.0
2025-02-07 22:33:00.130563,320.0
2025-02-07 22:34:00.113645,216.0
2025-02-07 22:35:00.100626,320.0
2025-02-07 22:36:00.050613,212.0
2025-02-07 22:37:00.139567,212.0
2025-02-07 22:38:00.014046,320.0
2025-02-07 22:39:00.027281,212.0
2025-02-07 22:40:00.140544,212.0
2025-02-07 22:41:00.014942,208.0
2025-02-07 22:42:00.151290,212.0
2025-02-07 22:43:00.130652,220.0
2025-02-07 22:44:00.009139,208.0
2025-02-07 22:45:00.069182,212.0
2025-02-07 22:46:00.111765,220.0
2025-02-07 22:47:00.168832,208.0
2025-02-07 22:48:00.080456,212.0
2025-02-07 22:49:00.017181,212.0
2025-02-07 22:50:00.115037,212.0
2025-02-07 22:51:00.113395,216.0
2025-02-07 22:52:00.018958,212.0
2025-02-07 22:53:00.064580,212.0
2025-02-07 22:54:00.091400,212.0
2025-02-07 22:55:00.157458,208.0
2025-02-07 22:56:00.043553,212.0
2025-02-07 22:57:00.116439,212.0
2025-02-07 22:58:00.034800,212.0
2025-02-07 22:59:00.070437,216.0
2025-02-07 23:00:00.155410,212.0
2025-02-07 23:01:00.030305,212.0
2025-02-07 23:02:00.038785,312.0
2025-02-07 23:03:00.118751,220.0
2025-02-07 23:04:00.151455,320.0
2025-02-07 23:05:00.055603,208.0
2025-02-07 23:06:00.096490,320.0
2025-02-07 23:07:00.147092,212.0
2025-02-07 23:08:00.050151,220.0
2025-02-07 23:09:00.124331,320.0
2025-02-07 23:10:00.147418,208.0
2025-02-07 23:11:00.043906,320.0
2025-02-07 23:12:00.095600,212.0
2025-02-07 23:13:00.131274,320.0
2025-02-07 23:14:00.020914,220.0
2025-02-07 23:15:00.071536,320.0
2025-02-07 23:16:00.130421,216.0
2025-02-07 23:17:00.175976,312.0
2025-02-07 23:18:00.060735,220.0
2025-02-07 23:19:00.110894,320.0
2025-02-07 23:20:00.008611,216.0
2025-02-07 23:21:00.076126,320.0
2025-02-07 23:22:00.150294,212.0
2025-02-07 23:23:00.172638,320.0
2025-02-07 23:24:00.043473,212.0
2025-02-07 23:25:00.145307,320.0
2025-02-07 23:26:00.009333,212.0
2025-02-07 23:27:00.059787,324.0
2025-02-07 23:28:00.119644,212.0
2025-02-07 23:29:00.026910,320.0
2025-02-07 23:30:00.049691,216.0
2025-02-07 23:31:00.129623,320.0
2025-02-07 23:32:00.016561,212.0
2025-02-07 23:33:00.081931,320.0
2025-02-07 23:34:00.108620,320.0
2025-02-07 23:35:00.177046,212.0
2025-02-07 23:36:00.029510,320.0
2025-02-07 23:37:00.135903,212.0
2025-02-07 23:38:00.015572,320.0
2025-02-07 23:39:00.061870,216.0
2025-02-07 23:40:00.105321,320.0
2025-02-07 23:41:00.199010,212.0
2025-02-07 23:42:00.028110,320.0
2025-02-07 23:43:00.096420,216.0
2025-02-07 23:44:00.162615,320.0
2025-02-07 23:45:00.092100,220.0
2025-02-07 23:46:00.158427,320.0
2025-02-07 23:47:00.014523,212.0
2025-02-07 23:48:00.056279,320.0
2025-02-07 23:49:00.114454,216.0
2025-02-07 23:50:00.175232,212.0
2025-02-07 23:51:00.022954,324.0
2025-02-07 23:52:00.081386,212.0
2025-02-07 23:53:00.166453,320.0
2025-02-07 23:54:00.021699,212.0
2025-02-07 23:55:00.059044,320.0
2025-02-07 23:56:00.140089,212.0
2025-02-07 23:57:00.056632,324.0
2025-02-07 23:58:00.060409,220.0
2025-02-07 23:59:00.144771,320.0
2025-02-08 00:00:00.011367,212.0
2025-02-08 00:01:00.070128,320.0
2025-02-08 00:02:00.146217,216.0
2025-02-08 00:03:00.032137,320.0
2025-02-08 00:04:00.076001,216.0
2025-02-08 00:05:00.129660,316.0
2025-02-08 00:06:00.043265,216.0
2025-02-08 00:07:00.078666,320.0
2025-02-08 00:08:00.176255,220.0
2025-02-08 00:09:00.041703,320.0
2025-02-08 00:10:00.128652,208.0
2025-02-08 00:11:00.158796,320.0
2025-02-08 00:12:00.039468,220.0
2025-02-08 00:13:00.106655,320.0
2025-02-08 00:14:00.155112,216.0
2025-02-08 00:15:00.031040,212.0
2025-02-08 00:16:00.025337,320.0
2025-02-08 00:17:00.096982,216.0
2025-02-08 00:18:00.133281,320.0
2025-02-08 00:19:00.027442,212.0
2025-02-08 00:20:00.098193,320.0
2025-02-08 00:21:00.040896,212.0
2025-02-08 00:22:00.119992,328.0
2025-02-08 00:23:00.114183,208.0
2025-02-08 00:24:00.040744,320.0
2025-02-08 00:25:00.125915,212.0
2025-02-08 00:26:00.114385,320.0
2025-02-08 00:27:00.190036,220.0
2025-02-08 00:28:00.115953,320.0
2025-02-08 00:29:00.160462,208.0
2025-02-08 00:30:00.027761,320.0
2025-02-08 00:31:00.103942,220.0
2025-02-08 00:32:00.143626,312.0
2025-02-08 00:33:00.026611,220.0
2025-02-08 00:34:00.085125,320.0
2025-02-08 00:35:00.135341,208.0
2025-02-08 00:36:00.145494,320.0
2025-02-08 00:37:00.105402,220.0
2025-02-08 00:38:00.170430,216.0
2025-02-08 00:39:00.026613,316.0
2025-02-08 00:40:00.089782,216.0
2025-02-08 00:41:00.147130,320.0
2025-02-08 00:42:00.063275,212.0
2025-02-08 00:43:00.105560,320.0
2025-02-08 00:44:00.136427,216.0
2025-02-08 00:45:00.056139,320.0
2025-02-08 00:46:00.080881,212.0
2025-02-08 00:47:00.145785,216.0
2025-02-08 00:48:00.180235,320.0
2025-02-08 00:49:00.164153,212.0
2025-02-08 00:50:00.143382,320.0
2025-02-08 00:51:00.081423,212.0
2025-02-08 00:52:00.161140,320.0
2025-02-08 00:53:00.042512,212.0
2025-02-08 00:54:00.067029,216.0
2025-02-08 00:55:00.171524,320.0
2025-02-08 00:56:00.058682,212.0
2025-02-08 00:57:00.101542,320.0
2025-02-08 00:58:00.188112,212.0
2025-02-08 00:59:00.035772,320.0
2025-02-08 01:00:00.104986,212.0
2025-02-08 01:01:00.154804,320.0
2025-02-08 01:02:00.193060,216.0
2025-02-08 01:03:00.101035,212.0
2025-02-08 01:04:00.157088,320.0
2025-02-08 01:05:00.194485,216.0
2025-02-08 01:06:00.109016,316.0
2025-02-08 01:07:00.067323,216.0
2025-02-08 01:08:00.152824,212.0
2025-02-08 01:09:00.119025,320.0
2025-02-08 01:10:00.122035,216.0
2025-02-08 01:11:00.066163,320.0
2025-02-08 01:12:00.024417,220.0
2025-02-08 01:13:00.030078,208.0
2025-02-08 01:14:00.022823,320.0
2025-02-08 01:15:00.040764,220.0
2025-02-08 01:16:00.087142,320.0
2025-02-08 01:17:00.119245,216.0
2025-02-08 01:18:00.029733,320.0
2025-02-08 01:19:00.094742,320.0
2025-02-08 01:20:00.005623,212.0
2025-02-08 01:21:00.027597,320.0
2025-02-08 01:22:00.095818,216.0
2025-02-08 01:23:00.169874,328.0
2025-02-08 01:24:00.016273,216.0
2025-02-08 01:25:00.161142,320.0
2025-02-08 01:26:00.168104,316.0
2025-02-08 01:27:00.170152,216.0
2025-02-08 01:28:00.100669,320.0
2025-02-08 01:29:00.013484,212.0
2025-02-08 01:30:00.196371,328.0
2025-02-08 01:31:00.067131,208.0
2025-02-08 01:32:00.059736,328.0
2025-02-08 01:33:00.060499,320.0
2025-02-08 01:34:00.129641,212.0
2025-02-08 01:35:00.154857,320.0
2025-02-08 01:36:00.038688,224.0
2025-02-08 01:37:00.059524,320.0
2025-02-08 01:38:00.133591,216.0
2025-02-08 01:39:00.100987,320.0
2025-02-08 01:40:00.025683,320.0
2025-02-08 01:41:00.041538,220.0
2025-02-08 01:42:00.006529,312.0
2025-02-08 01:43:00.104453,216.0
2025-02-08 01:44:00.107497,320.0
2025-02-08 01:45:00.020370,220.0
2025-02-08 01:46:00.113214,320.0
2025-02-08 01:47:00.109810,320.0
2025-02-08 01:48:00.065076,216.0
2025-02-08 01:49:00.096181,316.0
2025-02-08 01:50:00.108598,216.0
2025-02-08 01:51:00.138350,320.0
2025-02-08 01:52:00.070261,216.0
2025-02-08 01:53:00.096305,316.0
2025-02-08 01:54:00.046735,216.0
2025-02-08 01:55:00.157453,320.0
2025-02-08 01:56:00.188497,316.0
2025-02-08 01:57:00.024658,216.0
2025-02-08 01:58:00.075474,320.0
2025-02-08 01:59:00.140017,216.0
2025-02-08 02:00:00.047034,316.0
2025-02-08 02:01:00.080037,216.0
2025-02-08 02:02:00.131952,320.0
2025-02-08 02:03:00.165998,220.0
2025-02-08 02:04:00.064324,320.0
2025-02-08 02:05:00.051673,208.0
2025-02-08 02:06:00.069754,328.0
2025-02-08 02:07:00.115089,312.0
2025-02-08 02:08:00.066571,220.0
2025-02-08 02:09:00.172908,320.0
2025-02-08 02:10:00.054964,216.0
2025-02-08 02:11:00.076715,320.0
2025-02-08 02:12:00.065616,220.0
2025-02-08 02:13:00.092580,320.0
2025-02-08 02:14:00.097076,208.0
2025-02-08 02:15:00.006930,320.0
2025-02-08 02:16:00.013534,220.0
2025-02-08 02:17:00.099582,320.0
2025-02-08 02:18:00.119749,216.0
2025-02-08 02:19:00.024066,320.0
2025-02-08 02:20:00.052102,220.0
2025-02-08 02:21:00.123800,320.0
2025-02-08 02:22:00.009348,312.0
2025-02-08 02:23:00.065742,216.0
2025-02-08 02:24:00.115191,316.0
2025-02-08 02:25:00.036860,216.0
2025-02-08 02:26:00.100286,320.0
2025-02-08 02:27:00.143869,212.0
2025-02-08 02:28:00.030359,320.0
2025-02-08 02:29:00.076213,212.0
2025-02-08 02:30:00.107309,320.0
2025-02-08 02:31:00.161237,320.0
2025-02-08 02:32:00.065651,212.0
2025-02-08 02:33:00.131429,320.0
2025-02-08 02:34:00.038659,216.0
2025-02-08 02:35:00.036274,312.0
2025-02-08 02:36:00.119681,220.0
2025-02-08 02:37:00.152028,320.0
2025-02-08 02:38:00.089371,216.0
2025-02-08 02:39:00.142438,320.0
2025-02-08 02:40:00.018650,212.0
2025-02-08 02:41:00.069323,328.0
2025-02-08 02:42:00.084450,208.0
2025-02-08 02:43:00.118166,320.0
2025-02-08 02:44:00.055575,212.0
2025-02-08 02:45:00.125163,320.0
2025-02-08 02:46:00.173754,220.0
2025-02-08 02:47:00.071593,320.0
2025-02-08 02:48:00.097294,312.0
2025-02-08 02:49:00.155145,216.0
2025-02-08 02:50:00.049121,316.0
2025-02-08 02:51:00.095545,216.0
2025-02-08 02:52:00.121711,320.0
2025-02-08 02:53:00.055795,220.0
2025-02-08 02:54:00.120518,312.0
2025-02-08 02:55:00.158692,216.0
2025-02-08 02:56:00.012383,320.0
2025-02-08 02:57:00.060270,220.0
2025-02-08 02:58:00.136821,312.0
2025-02-08 02:59:00.017345,220.0
2025-02-08 03:00:00.037793,320.0
2025-02-08 03:01:00.145673,208.0
2025-02-08 03:02:00.156665,320.0
2025-02-08 03:03:00.077383,220.0
2025-02-08 03:04:00.131954,312.0
2025-02-08 03:05:00.019368,220.0
2025-02-08 03:06:00.066665,320.0
2025-02-08 03:07:00.135544,216.0
2025-02-08 03:08:00.027642,312.0
2025-02-08 03:09:00.103820,220.0
2025-02-08 03:10:00.168479,320.0
2025-02-08 03:11:00.064961,216.0
2025-02-08 03:12:00.094949,316.0
2025-02-08 03:13:00.023854,216.0
2025-02-08 03:14:00.060874,320.0
2025-02-08 03:15:00.149033,212.0
2025-02-08 03:16:00.035525,320.0
2025-02-08 03:17:00.057694,216.0
2025-02-08 03:18:00.158773,320.0
2025-02-08 03:19:00.171726,212.0
2025-02-08 03:20:00.051253,320.0
2025-02-08 03:21:00.141958,216.0
2025-02-08 03:22:00.171508,320.0
2025-02-08 03:23:00.047802,212.0
2025-02-08 03:24:00.135213,320.0
2025-02-08 03:25:00.175735,220.0
2025-02-08 03:26:00.023255,312.0
2025-02-08 03:27:00.144460,216.0
2025-02-08 03:28:00.155229,320.0
2025-02-08 03:29:00.086985,220.0
2025-02-08 03:30:00.084671,312.0
2025-02-08 03:31:00.160514,220.0
2025-02-08 03:32:00.017660,320.0
2025-02-08 03:33:00.099901,208.0
2025-02-08 03:34:00.018192,320.0
2025-02-08 03:35:00.065265,220.0
2025-02-08 03:36:00.149798,320.0
2025-02-08 03:37:00.141820,216.0
2025-02-08 03:38:00.034296,212.0
2025-02-08 03:39:00.107124,320.0
2025-02-08 03:40:00.125876,216.0
2025-02-08 03:41:00.164839,320.0
2025-02-08 03:42:00.062234,212.0
2025-02-08 03:43:00.107797,320.0
2025-02-08 03:44:00.058199,220.0
2025-02-08 03:45:00.090142,320.0
2025-02-08 03:46:00.164571,208.0
2025-02-08 03:47:00.189835,320.0
2025-02-08 03:48:00.079619,220.0
2025-02-08 03:49:00.100825,312.0
2025-02-08 03:50:00.187760,220.0
2025-02-08 03:51:00.070261,320.0
2025-02-08 03:52:00.070212,208.0
2025-02-08 03:53:00.166611,320.0
2025-02-08 03:54:00.061032,212.0
2025-02-08 03:55:00.112166,328.0
2025-02-08 03:56:00.047645,216.0
2025-02-08 03:57:00.162732,320.0
2025-02-08 03:58:00.082707,212.0
2025-02-08 03:59:00.132590,328.0
2025-02-08 04:00:00.115942,208.0
2025-02-08 04:01:00.085650,328.0
2025-02-08 04:02:00.139641,212.0
2025-02-08 04:03:00.083952,320.0
2025-02-08 04:04:00.196580,212.0
2025-02-08 04:05:00.014001,320.0
2025-02-08 04:06:00.180275,216.0
2025-02-08 04:07:00.123482,320.0
2025-02-08 04:08:00.164220,216.0
2025-02-08 04:09:00.014775,320.0
2025-02-08 04:10:00.057944,220.0
2025-02-08 04:11:00.129605,320.0
2025-02-08 04:12:00.011965,216.0
2025-02-08 04:13:00.085971,316.0
2025-02-08 04:14:00.172669,216.0
2025-02-08 04:15:00.033105,216.0
2025-02-08 04:16:00.079184,320.0
2025-02-08 04:17:00.141904,212.0
2025-02-08 04:18:00.032698,328.0
2025-02-08 04:19:00.145249,212.0
2025-02-08 04:20:00.124644,320.0
2025-02-08 04:21:00.010441,208.0
2025-02-08 04:22:00.113653,320.0
2025-02-08 04:23:00.152670,212.0
2025-02-08 04:24:00.027446,320.0
2025-02-08 04:25:00.098495,220.0
2025-02-08 04:26:00.149525,312.0
2025-02-08 04:27:00.009153,224.0
2025-02-08 04:28:00.077849,312.0
2025-02-08 04:29:00.045472,220.0
2025-02-08 04:30:00.151891,212.0
2025-02-08 04:31:00.067172,320.0
2025-02-08 04:32:00.139991,216.0
2025-02-08 04:33:00.107255,320.0
2025-02-08 04:34:00.106043,212.0
2025-02-08 04:35:00.016808,320.0
2025-02-08 04:36:00.080176,216.0
2025-02-08 04:37:00.110635,316.0
2025-02-08 04:38:00.179963,216.0
2025-02-08 04:39:00.023001,320.0
2025-02-08 04:40:00.023411,216.0
2025-02-08 04:41:00.131094,212.0
2025-02-08 04:42:00.010472,320.0
2025-02-08 04:43:00.085476,212.0
2025-02-08 04:44:00.107295,312.0
2025-02-08 04:45:00.175690,220.0
2025-02-08 04:46:00.090485,320.0
2025-02-08 04:47:00.141530,212.0
2025-02-08 04:48:00.041477,216.0
2025-02-08 04:49:00.106324,320.0
2025-02-08 04:50:00.179875,212.0
2025-02-08 04:51:00.177322,320.0
2025-02-08 04:52:00.062208,216.0
2025-02-08 04:53:00.172610,320.0
2025-02-08 04:54:00.034764,212.0
2025-02-08 04:55:00.093118,212.0
2025-02-08 04:56:00.158029,320.0
2025-02-08 04:57:00.170262,212.0
2025-02-08 04:58:00.028337,320.0
2025-02-08 04:59:00.101420,216.0
2025-02-08 05:00:00.157260,320.0
2025-02-08 05:01:00.065321,216.0
2025-02-08 05:02:00.031644,212.0
2025-02-08 05:03:00.165676,320.0
2025-02-08 05:04:00.025235,220.0
2025-02-08 05:05:00.061326,312.0
2025-02-08 05:06:00.077599,216.0
2025-02-08 05:07:00.021482,212.0
2025-02-08 05:08:00.008483,320.0
2025-02-08 05:09:00.022178,212.0
2025-02-08 05:10:00.109980,320.0
2025-02-08 05:11:00.142062,212.0
2025-02-08 05:12:00.024243,320.0
2025-02-08 05:13:00.083432,216.0
2025-02-08 05:14:00.141659,212.0
2025-02-08 05:15:00.023315,320.0
2025-02-08 05:16:00.078788,212.0
2025-02-08 05:17:00.146194,216.0
2025-02-08 05:18:00.030475,320.0
2025-02-08 05:19:00.083755,212.0
2025-02-08 05:20:00.087632,320.0
2025-02-08 05:21:00.011299,216.0
2025-02-08 05:22:00.024222,212.0
2025-02-08 05:23:00.096395,320.0
2025-02-08 05:24:00.137798,220.0
2025-02-08 05:25:00.010799,208.0
2025-02-08 05:26:00.038838,320.0
2025-02-08 05:27:00.031203,212.0
2025-02-08 05:28:00.061628,320.0
2025-02-08 05:29:00.009957,220.0
2025-02-08 05:30:00.122916,208.0
2025-02-08 05:31:00.046209,320.0
2025-02-08 05:32:00.112168,220.0
2025-02-08 05:33:00.153446,212.0
2025-02-08 05:34:00.023177,312.0
2025-02-08 05:35:00.080169,216.0
2025-02-08 05:36:00.105520,220.0
2025-02-08 05:37:00.036211,320.0
2025-02-08 05:38:00.028017,216.0
2025-02-08 05:39:00.111262,212.0
2025-02-08 05:40:00.179149,320.0
2025-02-08 05:41:00.082706,216.0
2025-02-08 05:42:00.019292,212.0
2025-02-08 05:43:00.128599,320.0
2025-02-08 05:44:00.127378,212.0
2025-02-08 05:45:00.056844,212.0
2025-02-08 05:46:00.008500,216.0
2025-02-08 05:47:00.060600,316.0
2025-02-08 05:48:00.042126,216.0
2025-02-08 05:49:00.106780,216.0
2025-02-08 05:50:00.156662,316.0
2025-02-08 05:51:00.027149,216.0
2025-02-08 05:52:00.097365,212.0
2025-02-08 05:53:00.061257,216.0
2025-02-08 05:54:00.030833,316.0
2025-02-08 05:55:00.133529,216.0
2025-02-08 05:56:00.135030,212.0
2025-02-08 05:57:00.021123,216.0
2025-02-08 05:58:00.122171,320.0
2025-02-08 05:59:00.052188,212.0
2025-02-08 06:00:00.082160,220.0
2025-02-08 06:01:00.112261,208.0
2025-02-08 06:02:00.008385,320.0
2025-02-08 06:03:00.064276,220.0
2025-02-08 06:04:00.172465,212.0
2025-02-08 06:05:00.036538,208.0
2025-02-08 06:06:00.067600,320.0
2025-02-08 06:07:00.043709,212.0
2025-02-08 06:08:00.041460,212.0
2025-02-08 06:09:00.137409,216.0
2025-02-08 06:10:00.009583,220.0
2025-02-08 06:11:00.079748,312.0
2025-02-08 06:12:00.027111,220.0
2025-02-08 06:13:00.092555,208.0
2025-02-08 06:14:00.013715,212.0
2025-02-08 06:15:00.058650,316.0
2025-02-08 06:16:00.010747,216.0
2025-02-08 06:17:00.080646,212.0
2025-02-08 06:18:00.014661,216.0
2025-02-08 06:19:00.123451,316.0
2025-02-08 06:20:00.163318,208.0
2025-02-08 06:21:00.014419,220.0
2025-02-08 06:22:00.094637,212.0
2025-02-08 06:23:00.076400,216.0
2025-02-08 06:24:00.113966,212.0
2025-02-08 06:25:00.136336,312.0
2025-02-08 06:26:00.155395,220.0
2025-02-08 06:27:00.061819,208.0
2025-02-08 06:28:00.094535,212.0
2025-02-08 06:29:00.047491,220.0
2025-02-08 06:30:00.053880,312.0
2025-02-08 06:31:00.068480,216.0
2025-02-08 06:32:00.160672,212.0
2025-02-08 06:33:00.038564,212.0
2025-02-08 06:34:00.026752,216.0
2025-02-08 06:35:00.091043,316.0
2025-02-08 06:36:00.120007,216.0
2025-02-08 06:37:00.151219,212.0
2025-02-08 06:38:00.159935,212.0
2025-02-08 06:39:00.035182,216.0
2025-02-08 06:40:00.045358,316.0
2025-02-08 06:41:00.055755,216.0
2025-02-08 06:42:00.157043,216.0
2025-02-08 06:43:00.104317,212.0
2025-02-08 06:44:00.169201,212.0
2025-02-08 06:45:00.113027,212.0
2025-02-08 06:46:00.134987,212.0
2025-02-08 06:47:00.110321,208.0
2025-02-08 06:48:00.046482,320.0
2025-02-08 06:49:00.069102,212.0
2025-02-08 06:50:00.131403,212.0
2025-02-08 06:51:00.022767,216.0
2025-02-08 06:52:00.021071,212.0
2025-02-08 06:53:00.168579,220.0
2025-02-08 06:54:00.162824,208.0
2025-02-08 06:55:00.040216,212.0
2025-02-08 06:56:00.126623,212.0
2025-02-08 06:57:00.007916,216.0
2025-02-08 06:58:00.070367,212.0
2025-02-08 06:59:00.118800,204.0
2025-02-08 07:00:00.159934,212.0
2025-02-08 07:01:00.124706,212.0
2025-02-08 07:02:00.017803,108.0
2025-02-08 07:03:00.065069,212.0
2025-02-08 07:04:00.035402,212.0
2025-02-08 07:05:00.017183,212.0
2025-02-08 07:06:00.072619,216.0
2025-02-08 07:07:00.153732,212.0
2025-02-08 07:08:00.022084,204.0
2025-02-08 07:09:00.048771,108.0
2025-02-08 07:10:00.101217,212.0
2025-02-08 07:11:00.134209,212.0
2025-02-08 07:12:00.039154,212.0
2025-02-08 07:13:00.014937,108.0
2025-02-08 07:14:00.160327,204.0
2025-02-08 07:15:00.026612,212.0
2025-02-08 07:16:00.031780,108.0
2025-02-08 07:17:00.112097,212.0
2025-02-08 07:18:00.091048,204.0
2025-02-08 07:19:00.105104,108.0
2025-02-08 07:20:00.092791,212.0
2025-02-08 07:21:00.036795,204.0
2025-02-08 07:22:00.164011,108.0
2025-02-08 07:23:00.146298,212.0
2025-02-08 07:24:00.171579,108.0
2025-02-08 07:25:00.032858,208.0
2025-02-08 07:26:00.049960,100.0
2025-02-08 07:27:00.113297,212.0
2025-02-08 07:28:00.198278,108.0
2025-02-08 07:29:00.096650,204.0
2025-02-08 07:30:00.029679,112.0
2025-02-08 07:31:00.012259,204.0
2025-02-08 07:32:00.166947,108.0
2025-02-08 07:33:00.157772,204.0
2025-02-08 07:34:00.069619,108.0
2025-02-08 07:35:00.044019,208.0
2025-02-08 07:36:00.095508,108.0
2025-02-08 07:37:00.177584,100.0
2025-02-08 07:38:00.102324,212.0
2025-02-08 07:39:00.058852,108.0
2025-02-08 07:40:00.112222,208.0
2025-02-08 07:41:00.082238,108.0
2025-02-08 07:42:00.024127,100.0
2025-02-08 07:43:00.135036,212.0
2025-02-08 07:44:00.074590,104.0
2025-02-08 07:45:00.178706,108.0
2025-02-08 07:46:00.042935,204.0
2025-02-08 07:47:00.091238,108.0
2025-02-08 07:48:00.130123,208.0
2025-02-08 07:49:00.056908,108.0
2025-02-08 07:50:00.068227,100.0
2025-02-08 07:51:00.056904,112.0
2025-02-08 07:52:00.115267,204.0
2025-02-08 07:53:00.120763,108.0
2025-02-08 07:54:00.152060,104.0
2025-02-08 07:55:00.077500,204.0
2025-02-08 07:56:00.048350,108.0
2025-02-08 07:57:00.086569,104.0
2025-02-08 07:58:00.129711,108.0
2025-02-08 07:59:00.075689,204.0
2025-02-08 08:00:00.046085,108.0
2025-02-08 08:01:00.121647,104.0
2025-02-08 08:02:00.155810,108.0
2025-02-08 08:03:00.040377,104.0
2025-02-08 08:04:00.123892,100.0
2025-02-08 08:05:00.039061,212.0
2025-02-08 08:06:00.089124,104.0
2025-02-08 08:07:00.083570,108.0
2025-02-08 08:08:00.165005,100.0
2025-02-08 08:09:00.065157,104.0
2025-02-08 08:10:00.161502,108.0
2025-02-08 08:11:00.130484,104.0
2025-02-08 08:12:00.154729,100.0
2025-02-08 08:13:00.062104,208.0
2025-02-08 08:14:00.111951,108.0
2025-02-08 08:15:00.117906,100.0
2025-02-08 08:16:00.178317,112.0
2025-02-08 08:17:00.135634,100.0
2025-02-08 08:18:00.102337,104.0
2025-02-08 08:19:00.018757,100.0
2025-02-08 08:20:00.068031,112.0
2025-02-08 08:21:00.168210,204.0
2025-02-08 08:22:00.070735,100.0
2025-02-08 08:23:00.047153,104.0
2025-02-08 08:24:00.160499,104.0
2025-02-08 08:25:00.015210,100.0
2025-02-08 08:26:00.141995,108.0
2025-02-08 08:27:00.094859,208.0
2025-02-08 08:28:00.069189,100.0
2025-02-08 08:29:00.124344,104.0
2025-02-08 08:30:00.031689,108.0
2025-02-08 08:31:00.102006,104.0
2025-02-08 08:32:00.069848,204.0
2025-02-08 08:33:00.040450,108.0
2025-02-08 08:34:00.014027,104.0
2025-02-08 08:35:00.026114,204.0
2025-02-08 08:36:00.048303,108.0
2025-02-08 08:37:00.020516,104.0
2025-02-08 08:38:00.026254,100.0
2025-02-08 08:39:00.140276,104.0
2025-02-08 08:40:00.010798,100.0
2025-02-08 08:41:00.043661,0.0
2025-02-08 08:42:00.108735,104.0
2025-02-08 08:43:00.093799,0.0
2025-02-08 08:44:00.101055,104.0
2025-02-08 08:45:00.052475,0.0
2025-02-08 08:46:00.092071,0.0
2025-02-08 08:47:00.020602,0.0
2025-02-08 08:48:00.052574,0.0
2025-02-08 08:49:00.067042,0.0
2025-02-08 08:50:00.134342,0.0
2025-02-08 08:51:00.023255,0.0
2025-02-08 08:52:00.099657,0.0
2025-02-08 08:53:00.048748,0.0
2025-02-08 08:54:00.109855,0.0
2025-02-08 08:55:00.072406,0.0
2025-02-08 08:56:00.039067,0.0
2025-02-08 08:57:00.101501,0.0
2025-02-08 08:58:00.030409,0.0
2025-02-08 08:59:00.060088,0.0
2025-02-08 09:00:00.091213,0.0
2025-02-08 09:01:00.055845,0.0
2025-02-08 09:02:00.060467,0.0
2025-02-08 09:03:00.087011,0.0
2025-02-08 09:04:00.129502,0.0
2025-02-08 09:05:00.061941,0.0
2025-02-08 09:06:00.077785,0.0
2025-02-08 09:07:00.159819,0.0
2025-02-08 09:08:00.167711,0.0
2025-02-08 09:09:00.121148,0.0
2025-02-08 09:10:00.123925,0.0
2025-02-08 09:11:00.029901,0.0
2025-02-08 09:12:00.021599,0.0
2025-02-08 09:13:00.081788,0.0
2025-02-08 09:14:00.049791,0.0
2025-02-08 09:15:00.052048,0.0
2025-02-08 09:16:00.077626,0.0
2025-02-08 09:17:00.167502,0.0
2025-02-08 09:18:00.133134,0.0
2025-02-08 09:19:00.117305,0.0
2025-02-08 09:20:00.071856,0.0
2025-02-08 09:21:00.155588,0.0
2025-02-08 09:22:00.131893,0.0
2025-02-08 09:23:00.106438,0.0
2025-02-08 09:24:00.089233,0.0
2025-02-08 09:25:00.104199,0.0
2025-02-08 09:26:00.016396,0.0
2025-02-08 09:27:00.066600,0.0
2025-02-08 09:28:00.074291,0.0
2025-02-08 09:29:00.150534,0.0
2025-02-08 09:30:00.018698,0.0
2025-02-08 09:31:00.170540,0.0
2025-02-08 09:32:00.134672,0.0
2025-02-08 09:33:00.102341,0.0
2025-02-08 09:34:00.166675,0.0
2025-02-08 09:35:00.100113,0.0
2025-02-08 09:36:00.024716,0.0
2025-02-08 09:37:00.074057,0.0
2025-02-08 09:38:00.024870,0.0
2025-02-08 09:39:00.102972,0.0
2025-02-08 09:40:00.006024,0.0
2025-02-08 09:41:00.097521,0.0
2025-02-08 09:42:00.043102,0.0
2025-02-08 09:43:00.184104,0.0
2025-02-08 09:44:00.170785,0.0
2025-02-08 09:45:00.167983,0.0
2025-02-08 09:46:00.076934,0.0
2025-02-08 09:47:00.029805,0.0
2025-02-08 09:48:00.078914,0.0
2025-02-08 09:49:00.112122,0.0
2025-02-08 09:50:00.037180,0.0
2025-02-08 09:51:00.129862,0.0
2025-02-08 09:52:00.163385,0.0
2025-02-08 09:53:00.116251,0.0
2025-02-08 09:54:00.039042,0.0
2025-02-08 09:55:00.056948,0.0
2025-02-08 09:56:00.037804,0.0
2025-02-08 09:57:00.033719,0.0
2025-02-08 09:58:00.138734,0.0
2025-02-08 09:59:00.067447,0.0
2025-02-08 10:00:00.077614,0.0
2025-02-08 10:01:00.159878,0.0
2025-02-08 10:02:00.033675,0.0
2025-02-08 10:03:00.128653,0.0
2025-02-08 10:04:00.166414,0.0
2025-02-08 10:05:00.042709,0.0
2025-02-08 10:06:00.174821,0.0
2025-02-08 10:07:00.169647,0.0
2025-02-08 10:08:00.014593,0.0
2025-02-08 10:09:00.068398,0.0
2025-02-08 10:10:00.091858,0.0
2025-02-08 10:11:00.016820,0.0
2025-02-08 10:12:00.018912,0.0
2025-02-08 10:13:00.073439,0.0
2025-02-08 10:14:00.161604,0.0
2025-02-08 10:15:00.047799,0.0
2025-02-08 10:16:00.032176,0.0
2025-02-08 10:17:00.107826,0.0
2025-02-08 10:18:00.164997,0.0
2025-02-08 10:19:00.167073,0.0
2025-02-08 10:20:00.102150,0.0
2025-02-08 10:21:00.065694,0.0
2025-02-08 10:22:00.095256,0.0
2025-02-08 10:23:00.134473,0.0
2025-02-08 10:24:00.110683,0.0
2025-02-08 10:25:00.153814,0.0
2025-02-08 10:26:00.056467,0.0
2025-02-08 10:27:00.148159,0.0
2025-02-08 10:28:00.105815,0.0
2025-02-08 10:29:00.119066,0.0
2025-02-08 10:30:00.012354,0.0
2025-02-08 10:31:00.038616,0.0
2025-02-08 10:32:00.177109,0.0
2025-02-08 10:33:00.020745,0.0
2025-02-08 10:34:00.144869,0.0
2025-02-08 10:35:00.131282,0.0
2025-02-08 10:36:00.141005,0.0
2025-02-08 10:37:00.008514,0.0
2025-02-08 10:38:00.180709,0.0
2025-02-08 10:39:00.057434,0.0
2025-02-08 10:40:00.055289,0.0
2025-02-08 10:41:00.077679,0.0
2025-02-08 10:42:00.082009,0.0
2025-02-08 10:43:00.114386,0.0
2025-02-08 10:44:00.060851,0.0
2025-02-08 10:45:00.128706,0.0
2025-02-08 10:46:00.154317,0.0
2025-02-08 10:47:00.093798,0.0
2025-02-08 10:48:00.034800,0.0
2025-02-08 10:49:00.116953,0.0
2025-02-08 10:50:00.158875,0.0
2025-02-08 10:51:00.095431,0.0
2025-02-08 10:52:00.083083,0.0
2025-02-08 10:53:00.030284,0.0
2025-02-08 10:54:00.134309,0.0
2025-02-08 10:55:00.176141,0.0
2025-02-08 10:56:00.159928,0.0
2025-02-08 10:57:00.157211,0.0
2025-02-08 10:58:00.094038,0.0
2025-02-08 10:59:00.170775,0.0
2025-02-08 11:00:00.129983,0.0
2025-02-08 11:01:00.161625,0.0
2025-02-08 11:02:00.085184,0.0
2025-02-08 11:03:00.142714,0.0
2025-02-08 11:04:00.103448,0.0
2025-02-08 11:05:00.117560,0.0
2025-02-08 11:06:00.069329,0.0
2025-02-08 11:07:00.116581,0.0
2025-02-08 11:08:00.065509,0.0
2025-02-08 11:09:00.079008,0.0
2025-02-08 11:10:00.077493,0.0
2025-02-08 11:11:00.119688,0.0
2025-02-08 11:12:00.077236,0.0
2025-02-08 11:13:00.041742,0.0
2025-02-08 11:14:00.101441,0.0
2025-02-08 11:15:00.025740,0.0
2025-02-08 11:16:00.126503,0.0
2025-02-08 11:17:00.131139,0.0
2025-02-08 11:18:00.039405,0.0
2025-02-08 11:19:00.125306,0.0
2025-02-08 11:20:00.096890,0.0
2025-02-08 11:21:00.161399,0.0
2025-02-08 11:22:00.116059,0.0
2025-02-08 11:23:00.038668,0.0
2025-02-08 11:24:00.131388,0.0
2025-02-08 11:25:00.046702,0.0
2025-02-08 11:26:00.108537,0.0
2025-02-08 11:27:00.032502,0.0
2025-02-08 11:28:00.037590,0.0
2025-02-08 11:29:00.092369,0.0
2025-02-08 11:30:00.098133,0.0
2025-02-08 11:31:00.178493,0.0
2025-02-08 11:32:00.066184,0.0
2025-02-08 11:33:00.113670,0.0
2025-02-08 11:34:00.150054,0.0
2025-02-08 11:35:00.078079,0.0
2025-02-08 11:36:00.102817,0.0
2025-02-08 11:37:00.150885,0.0
2025-02-08 11:38:00.040673,0.0
2025-02-08 11:39:00.096836,0.0
2025-02-08 11:40:00.109538,0.0
2025-02-08 11:41:00.014945,0.0
2025-02-08 11:42:00.126072,0.0
2025-02-08 11:43:00.151517,0.0
2025-02-08 11:44:00.043257,0.0
2025-02-08 11:45:00.045762,0.0
2025-02-08 11:46:00.159017,0.0
2025-02-08 11:47:00.016430,0.0
2025-02-08 11:48:00.048911,0.0
2025-02-08 11:49:00.067259,0.0
2025-02-08 11:50:00.069630,0.0
2025-02-08 11:51:00.026918,0.0
2025-02-08 11:52:00.024095,0.0
2025-02-08 11:53:00.052324,0.0
2025-02-08 11:54:00.076773,0.0
2025-02-08 11:55:00.052029,0.0
2025-02-08 11:56:00.127136,0.0
2025-02-08 11:57:00.177445,0.0
2025-02-08 11:58:00.081539,0.0
2025-02-08 11:59:00.049711,0.0
2025-02-08 12:00:00.095258,0.0
2025-02-08 12:01:00.040596,0.0
