fecha,caudal
2025-01-28 23:31:00.097489,14540498.0
2025-01-28 23:32:00.040921,246.0
2025-01-28 23:33:00.027050,83.0
2025-01-28 23:34:00.130899,82.0
2025-01-28 23:35:00.180988,248.0
2025-01-28 23:36:00.073338,14541405.0
2025-01-28 23:37:00.021211,329.0
2025-01-28 23:38:00.109772,247.0
2025-01-28 23:39:00.034143,246.0
2025-01-28 23:40:00.191791,0.0
2025-01-28 23:41:00.029023,165.0
2025-01-28 23:42:00.117763,245.0
2025-01-28 23:43:00.029384,246.0
2025-01-28 23:44:00.114536,243.0
2025-01-28 23:45:00.097610,247.0
2025-01-28 23:46:00.074412,246.0
2025-01-28 23:47:00.147473,327.0
2025-01-28 23:48:00.050184,0.0
2025-01-28 23:49:00.185313,249.0
2025-01-28 23:50:00.022793,248.0
2025-01-28 23:51:00.129268,328.0
2025-01-28 23:52:00.102319,247.0
2025-01-28 23:53:00.036663,244.0
2025-01-28 23:54:00.104719,245.0
2025-01-28 23:55:00.153531,163.0
2025-01-28 23:56:00.156574,247.0
2025-01-28 23:57:00.080189,246.0
2025-01-28 23:58:00.059626,247.0
2025-01-28 23:59:00.083546,248.0
2025-01-29 00:00:00.149481,243.0
2025-01-29 00:01:00.029939,248.0
2025-01-29 00:02:00.132118,0.0
2025-01-29 00:03:00.143213,245.0
2025-01-29 00:04:00.160877,246.0
2025-01-29 00:05:00.107131,245.0
2025-01-29 00:06:00.142499,246.0
2025-01-29 00:07:00.092357,247.0
2025-01-29 00:08:00.063202,164.0
2025-01-29 00:09:00.129069,245.0
2025-01-29 00:10:00.138503,245.0
2025-01-29 00:11:00.150187,246.0
2025-01-29 00:12:00.035774,248.0
2025-01-29 00:13:00.206890,247.0
2025-01-29 00:14:00.067264,243.0
2025-01-29 00:15:00.047951,0.0
2025-01-29 00:16:00.032540,165.0
2025-01-29 00:17:00.037266,248.0
2025-01-29 00:18:00.132618,248.0
2025-01-29 00:19:00.041491,245.0
2025-01-29 00:20:00.030895,246.0
2025-01-29 00:21:00.167273,246.0
2025-01-29 00:22:00.051108,247.0
2025-01-29 00:23:00.187010,248.0
2025-01-29 00:24:00.167282,245.0
2025-01-29 00:25:00.035227,244.0
2025-01-29 00:26:00.024743,245.0
2025-01-29 00:27:00.169341,243.0
2025-01-29 00:28:00.172941,247.0
2025-01-29 00:29:00.038504,246.0
2025-01-29 00:30:00.137719,243.0
2025-01-29 00:31:00.200321,245.0
2025-01-29 00:32:00.054133,247.0
2025-01-29 00:33:00.142719,246.0
2025-01-29 00:34:00.081200,82.0
2025-01-29 00:35:00.134982,80.0
2025-01-29 00:36:00.125951,246.0
2025-01-29 00:37:00.083852,246.0
2025-01-29 00:38:00.039544,248.0
2025-01-29 00:39:00.031791,245.0
2025-01-29 00:40:00.115621,247.0
2025-01-29 00:41:00.104989,248.0
2025-01-29 00:42:00.023379,161.0
2025-01-29 00:43:00.047441,247.0
2025-01-29 00:44:00.014403,243.0
2025-01-29 00:45:00.154345,81.0
2025-01-29 00:46:00.146616,0.0
2025-01-29 00:47:00.163449,0.0
2025-01-29 00:48:00.122334,0.0
2025-01-29 00:49:00.107915,0.0
2025-01-29 00:50:00.038847,0.0
2025-01-29 00:51:00.083801,0.0
2025-01-29 00:52:00.088145,0.0
2025-01-29 00:53:00.114830,0.0
2025-01-29 00:54:00.063922,0.0
2025-01-29 00:55:00.020692,0.0
2025-01-29 00:56:00.074810,0.0
2025-01-29 00:57:00.165402,0.0
2025-01-29 00:58:00.070837,0.0
2025-01-29 00:59:00.153512,248.0
2025-01-29 01:00:00.126568,247.0
2025-01-29 01:01:00.030380,249.0
2025-01-29 01:02:00.072534,167.0
2025-01-29 01:03:00.150617,248.0
2025-01-29 01:04:00.158586,246.0
2025-01-29 01:05:00.044299,248.0
2025-01-29 01:06:00.025093,248.0
2025-01-29 01:07:00.145988,248.0
2025-01-29 01:08:00.035256,248.0
2025-01-29 01:09:00.175234,251.0
2025-01-29 01:10:00.044437,253.0
2025-01-29 01:11:00.168931,248.0
2025-01-29 01:12:00.071374,248.0
2025-01-29 01:13:00.129980,250.0
2025-01-29 01:14:00.101779,331.0
2025-01-29 01:15:00.127909,166.0
2025-01-29 01:16:00.024053,335.0
2025-01-29 01:17:00.108063,166.0
2025-01-29 01:18:00.043997,331.0
2025-01-29 01:19:00.106734,167.0
2025-01-29 01:20:00.162511,331.0
2025-01-29 01:21:00.063888,166.0
2025-01-29 01:22:00.166639,248.0
2025-01-29 01:23:00.041680,248.0
2025-01-29 01:24:00.029310,250.0
2025-01-29 01:25:00.143696,248.0
2025-01-29 01:26:00.097919,251.0
2025-01-29 01:27:00.167250,248.0
2025-01-29 01:28:00.059654,250.0
2025-01-29 01:29:00.042247,251.0
2025-01-29 01:30:00.071582,250.0
2025-01-29 01:31:00.054422,249.0
2025-01-29 01:32:00.107731,248.0
2025-01-29 01:33:00.150678,251.0
2025-01-29 01:34:00.145435,248.0
2025-01-29 01:35:00.080104,248.0
2025-01-29 01:36:00.036322,250.0
2025-01-29 01:37:00.044520,250.0
2025-01-29 01:38:00.058043,248.0
2025-01-29 01:39:00.049235,249.0
2025-01-29 01:40:00.176266,250.0
2025-01-29 01:41:00.025604,249.0
2025-01-29 01:42:00.138733,250.0
2025-01-29 01:43:00.052721,331.0
2025-01-29 01:44:00.088031,248.0
2025-01-29 01:45:00.062827,250.0
2025-01-29 01:46:00.205990,248.0
2025-01-29 01:47:00.146488,249.0
2025-01-29 01:48:00.096621,248.0
2025-01-29 01:49:00.093624,248.0
2025-01-29 01:50:00.094995,250.0
2025-01-29 01:51:00.110349,246.0
2025-01-29 01:52:00.099937,248.0
2025-01-29 01:53:00.176007,247.0
2025-01-29 01:54:00.161421,249.0
2025-01-29 01:55:00.258103,248.0
2025-01-29 01:56:00.088217,248.0
2025-01-29 01:57:00.185321,250.0
2025-01-29 01:58:00.017564,248.0
2025-01-29 01:59:00.150961,248.0
2025-01-29 02:00:00.066981,246.0
2025-01-29 02:01:00.181493,248.0
2025-01-29 02:02:00.206617,250.0
2025-01-29 02:03:00.154269,250.0
2025-01-29 02:04:00.048061,328.0
2025-01-29 02:05:00.070683,0.0
2025-01-29 02:06:00.027487,246.0
2025-01-29 02:07:00.042361,248.0
2025-01-29 02:08:00.180586,330.0
2025-01-29 02:09:00.069538,248.0
2025-01-29 02:10:00.101528,0.0
2025-01-29 02:11:00.031478,83.0
2025-01-29 02:12:00.023193,248.0
2025-01-29 02:13:00.101464,249.0
2025-01-29 02:14:00.064061,250.0
2025-01-29 02:15:00.069166,250.0
2025-01-29 02:16:00.168923,248.0
2025-01-29 02:17:00.060685,0.0
2025-01-29 02:18:00.146596,83.0
2025-01-29 02:19:00.039537,249.0
2025-01-29 02:20:00.081110,247.0
2025-01-29 02:21:00.196619,248.0
2025-01-29 02:22:00.123194,248.0
2025-01-29 02:23:00.030422,246.0
2025-01-29 02:24:00.084381,250.0
2025-01-29 02:25:00.115890,0.0
2025-01-29 02:26:00.038152,165.0
2025-01-29 02:27:00.024294,251.0
2025-01-29 02:28:00.169161,251.0
2025-01-29 02:29:00.023799,250.0
2025-01-29 02:30:00.115507,246.0
2025-01-29 02:31:00.156002,250.0
2025-01-29 02:32:00.033271,81.0
2025-01-29 02:33:00.180061,248.0
2025-01-29 02:34:00.091862,250.0
2025-01-29 02:35:00.147745,248.0
2025-01-29 02:36:00.105113,248.0
2025-01-29 02:37:00.067071,246.0
2025-01-29 02:38:00.076454,248.0
2025-01-29 02:39:00.069720,245.0
2025-01-29 02:40:00.107166,165.0
2025-01-29 02:41:00.155705,248.0
2025-01-29 02:42:00.090327,249.0
2025-01-29 02:43:00.162043,248.0
2025-01-29 02:44:00.104852,250.0
2025-01-29 02:45:00.132443,165.0
2025-01-29 02:46:00.097155,0.0
2025-01-29 02:47:00.119825,249.0
2025-01-29 02:48:00.023807,330.0
2025-01-29 02:49:00.027781,246.0
2025-01-29 02:50:00.037924,248.0
2025-01-29 02:51:00.063521,248.0
2025-01-29 02:52:00.110692,247.0
2025-01-29 02:53:00.088696,163.0
2025-01-29 02:54:00.120598,250.0
2025-01-29 02:55:00.138168,249.0
2025-01-29 02:56:00.030590,250.0
2025-01-29 02:57:00.040263,248.0
2025-01-29 02:58:00.100,249.0
2025-01-29 02:59:00.090595,167.0
2025-01-29 03:00:00.153497,81.0
2025-01-29 03:01:00.038832,250.0
2025-01-29 03:02:00.033267,250.0
2025-01-29 03:03:00.106745,246.0
2025-01-29 03:04:00.027906,250.0
2025-01-29 03:05:00.089458,246.0
2025-01-29 03:06:00.149006,166.0
2025-01-29 03:07:00.033934,167.0
2025-01-29 03:08:00.067943,248.0
2025-01-29 03:09:00.113837,249.0
2025-01-29 03:10:00.030866,248.0
2025-01-29 03:11:00.071570,247.0
2025-01-29 03:12:00.027692,246.0
2025-01-29 03:13:00.062814,250.0
2025-01-29 03:14:00.164127,166.0
2025-01-29 03:15:00.125860,247.0
2025-01-29 03:16:00.188246,249.0
2025-01-29 03:17:00.063654,248.0
2025-01-29 03:18:00.145624,250.0
2025-01-29 03:19:00.126905,248.0
2025-01-29 03:20:00.074803,83.0
2025-01-29 03:21:00.135761,248.0
2025-01-29 03:22:00.204838,250.0
2025-01-29 03:23:00.119468,249.0
2025-01-29 03:24:00.170497,251.0
2025-01-29 03:25:00.081627,248.0
2025-01-29 03:26:00.084961,250.0
2025-01-29 03:27:00.019989,250.0
2025-01-29 03:28:00.157565,166.0
2025-01-29 03:29:00.121457,250.0
2025-01-29 03:30:00.050788,246.0
2025-01-29 03:31:00.075123,250.0
2025-01-29 03:32:00.109991,249.0
2025-01-29 03:33:00.107271,247.0
2025-01-29 03:34:00.124171,248.0
2025-01-29 03:35:00.169931,164.0
2025-01-29 03:36:00.090707,168.0
2025-01-29 03:37:00.141723,250.0
2025-01-29 03:38:00.087530,251.0
2025-01-29 03:39:00.020284,250.0
2025-01-29 03:40:00.141137,165.0
2025-01-29 03:41:00.045292,249.0
2025-01-29 03:42:00.146065,167.0
2025-01-29 05:18:00.202901,14615808.0
2025-01-31 02:37:55.965012,45.5
2025-01-31 02:38:05.810481,0.0
2025-01-31 02:38:07.434544,0.0
2025-01-31 02:38:09.264489,0.0
2025-01-31 02:41:30.601263,45.5
2025-01-31 02:41:52.824641,0.0
2025-01-31 02:53:22.050450,45.5
2025-01-31 02:55:02.440227,45.5
2025-01-31 02:58:54.961669,45.5
2025-01-31 02:59:30.370220,45.5
2025-01-31 03:01:13.716429,45.5
2025-01-31 03:01:25.825459,45.5
2025-01-31 03:02:55.274602,45.5
2025-01-31 03:17:00.087802,15125298.0
2025-01-31 03:18:00.082694,0.0
2025-01-31 03:19:00.157893,0.0
2025-01-31 03:20:00.146444,0.0
2025-01-31 03:21:00.110738,0.0
2025-01-31 03:22:00.146982,0.0
2025-01-31 03:23:00.130124,0.0
2025-01-31 03:24:00.019530,0.0
2025-01-31 03:25:00.053215,166.0
2025-01-31 03:26:00.144576,250.0
2025-01-31 03:27:00.107434,332.0
2025-01-31 03:28:00.139556,252.0
2025-01-31 03:29:00.109047,334.0
2025-01-31 03:30:00.079705,248.0
2025-01-31 03:31:00.093900,331.0
2025-01-31 03:32:00.051944,251.0
2025-01-31 03:33:00.044267,333.0
2025-01-31 03:34:00.093493,250.0
2025-01-31 03:35:00.114615,333.0
2025-01-31 03:36:00.103828,334.0
2025-01-31 03:37:00.098775,251.0
2025-01-31 03:38:00.096882,331.0
2025-01-31 03:39:00.157017,250.0
2025-01-31 03:40:00.122502,0.0
2025-01-31 03:41:00.112579,331.0
2025-01-31 03:42:00.159016,250.0
2025-01-31 03:43:00.016697,329.0
2025-01-31 03:44:00.159812,248.0
2025-01-31 03:45:00.182402,330.0
2025-01-31 03:46:00.023094,0.0
2025-01-31 03:47:00.164378,330.0
2025-01-31 03:48:00.159234,252.0
2025-01-31 03:49:00.142450,252.0
2025-01-31 03:50:00.154135,336.0
2025-01-31 03:51:00.163533,249.0
2025-01-31 03:52:00.022236,251.0
2025-01-31 03:53:00.030569,0.0
2025-01-31 03:54:00.018941,248.0
2025-01-31 03:55:00.027650,333.0
2025-01-31 03:56:00.005364,250.0
2025-01-31 03:57:00.138763,331.0
2025-01-31 03:58:00.018246,251.0
2025-01-31 03:59:00.124604,331.0
2025-01-31 04:00:00.063497,252.0
2025-01-31 04:01:00.122947,248.0
2025-01-31 04:02:00.121518,331.0
2025-01-31 04:03:00.083388,0.0
2025-01-31 04:04:00.135268,166.0
2025-01-31 04:05:00.154835,333.0
2025-01-31 04:06:00.149613,250.0
2025-01-31 04:07:00.135494,331.0
2025-01-31 04:08:00.122208,249.0
2025-01-31 04:09:00.124940,250.0
2025-01-31 04:10:00.021144,334.0
2025-01-31 04:11:00.130255,168.0
2025-01-31 04:12:00.176212,85.0
2025-01-31 04:13:00.150547,250.0
2025-01-31 04:14:00.153968,331.0
2025-01-31 04:15:00.079994,248.0
2025-01-31 04:16:00.137272,248.0
2025-01-31 04:17:00.083594,330.0
2025-01-31 04:18:00.054185,249.0
2025-01-31 04:19:00.138993,248.0
2025-01-31 04:20:00.164798,333.0
2025-01-31 04:21:00.058326,82.0
2025-01-31 04:22:00.159458,0.0
2025-01-31 04:23:00.023995,0.0
2025-01-31 04:24:00.061533,168.0
2025-01-31 04:25:00.009829,249.0
2025-01-31 04:26:00.157882,251.0
2025-01-31 04:27:00.042583,335.0
2025-01-31 04:28:00.019255,248.0
2025-01-31 04:29:00.145982,248.0
2025-01-31 04:30:00.139224,334.0
2025-01-31 04:31:00.144720,85.0
2025-01-31 04:32:00.114921,0.0
2025-01-31 04:33:00.166246,0.0
2025-01-31 04:34:00.029040,83.0
2025-01-31 04:35:00.148360,250.0
2025-01-31 04:36:00.021782,251.0
2025-01-31 04:37:00.007060,251.0
2025-01-31 04:38:00.139328,336.0
2025-01-31 04:39:00.028954,251.0
2025-01-31 04:40:00.156661,248.0
2025-01-31 04:41:00.147282,168.0
2025-01-31 04:42:00.009997,0.0
2025-01-31 04:43:00.005741,0.0
2025-01-31 04:44:00.022396,247.0
2025-01-31 04:45:00.079415,249.0
2025-01-31 04:46:00.036301,252.0
2025-01-31 04:47:00.032618,331.0
2025-01-31 04:48:00.040397,248.0
2025-01-31 04:49:00.025291,0.0
2025-01-31 04:50:00.008895,0.0
2025-01-31 04:51:00.162476,0.0
2025-01-31 04:52:00.012061,249.0
2025-01-31 04:53:00.038612,252.0
2025-01-31 04:54:00.037316,334.0
2025-01-31 04:55:00.101071,246.0
2025-01-31 04:56:00.026153,250.0
2025-01-31 04:57:00.047542,250.0
2025-01-31 04:58:00.032887,0.0
2025-01-31 04:59:00.034938,0.0
2025-01-31 05:00:00.098865,83.0
2025-01-31 05:01:00.039342,248.0
2025-01-31 05:02:00.037725,251.0
2025-01-31 05:03:00.040318,333.0
2025-01-31 05:04:00.005469,251.0
2025-01-31 05:05:00.088796,251.0
2025-01-31 05:06:00.019631,250.0
2025-01-31 05:07:00.035780,333.0
2025-01-31 05:08:00.078767,0.0
2025-01-31 05:09:00.088271,0.0
2025-01-31 22:34:00.240711,15339835.0
2025-01-31 22:35:00.022796,248.0
2025-01-31 22:36:00.020147,82.0
2025-01-31 22:37:00.151418,168.0
2025-01-31 22:38:00.033807,15340666.0
2025-01-31 22:39:00.139188,248.0
2025-01-31 22:40:00.040030,81.0
2025-01-31 22:41:00.053036,165.0
2025-01-31 22:42:00.090188,248.0
2025-01-31 22:43:00.167146,246.0
2025-01-31 22:44:00.040119,0.0
2025-01-31 22:45:00.088012,0.0
2025-01-31 22:46:00.083908,167.0
2025-01-31 22:47:00.032839,246.0
2025-01-31 22:48:00.159330,330.0
2025-01-31 22:49:00.053608,248.0
2025-01-31 22:50:00.047988,81.0
2025-01-31 22:51:00.133266,248.0
2025-01-31 22:52:00.078692,250.0
2025-01-31 22:53:00.077027,248.0
2025-01-31 22:54:00.160679,248.0
2025-01-31 22:55:00.075752,0.0
2025-01-31 22:56:00.179851,248.0
2025-01-31 22:57:00.158970,0.0
2025-01-31 22:58:00.191076,0.0
2025-01-31 22:59:00.140608,166.0
2025-01-31 23:00:00.130285,252.0
2025-01-31 23:01:00.128784,248.0
2025-01-31 23:02:00.100995,332.0
2025-01-31 23:03:00.065628,248.0
2025-01-31 23:04:00.111490,333.0
2025-01-31 23:05:00.162108,0.0
2025-01-31 23:06:00.039071,165.0
2025-01-31 23:07:00.035279,248.0
2025-01-31 23:08:00.082484,248.0
2025-01-31 23:09:00.108760,166.0
2025-01-31 23:10:00.126778,84.0
2025-01-31 23:11:00.084832,0.0
2025-01-31 23:12:00.046884,83.0
2025-01-31 23:13:00.180831,251.0
2025-01-31 23:14:00.157875,331.0
2025-01-31 23:15:00.140914,248.0
2025-01-31 23:16:00.151935,331.0
2025-01-31 23:17:00.011051,82.0
2025-01-31 23:18:00.147996,0.0
2025-01-31 23:19:00.114046,331.0
2025-01-31 23:20:00.049147,251.0
2025-01-31 23:21:00.098146,248.0
2025-01-31 23:22:00.104169,250.0
2025-01-31 23:23:00.105198,0.0
2025-01-31 23:24:00.113224,0.0
2025-01-31 23:25:00.173215,166.0
2025-01-31 23:26:00.157252,250.0
2025-01-31 23:27:00.105314,331.0
2025-01-31 23:28:00.166305,167.0
2025-01-31 23:29:00.159338,168.0
2025-01-31 23:30:00.166363,248.0
2025-01-31 23:31:00.185380,166.0
2025-01-31 23:32:00.072480,82.0
2025-01-31 23:33:00.141466,249.0
2025-01-31 23:34:00.067541,83.0
2025-01-31 23:35:00.105547,0.0
2025-01-31 23:36:00.091582,84.0
2025-01-31 23:37:00.020656,332.0
2025-01-31 23:38:00.008692,247.0
2025-01-31 23:39:00.143637,249.0
2025-01-31 23:40:00.165653,333.0
2025-01-31 23:41:00.019772,83.0
2025-01-31 23:42:00.156715,85.0
2025-01-31 23:43:00.083789,335.0
2025-01-31 23:44:00.119796,249.0
2025-01-31 23:45:00.074854,251.0
2025-01-31 23:46:00.147837,247.0
2025-01-31 23:47:00.128879,0.0
2025-01-31 23:48:00.166883,0.0
2025-01-31 23:49:00.059979,0.0
2025-01-31 23:50:00.092986,166.0
2025-01-31 23:51:00.179964,331.0
2025-01-31 23:52:00.152010,252.0
2025-01-31 23:53:00.067091,251.0
2025-01-31 23:54:00.030142,334.0
2025-01-31 23:55:00.034169,0.0
2025-01-31 23:56:00.089164,250.0
2025-01-31 23:57:00.103184,333.0
2025-01-31 23:58:00.102213,166.0
2025-01-31 23:59:00.169200,0.0
2025-02-01 00:00:00.103271,0.0
2025-02-01 00:01:00.028375,0.0
2025-02-01 00:02:00.077375,250.0
2025-02-01 00:03:00.094394,331.0
2025-02-01 00:04:00.096421,251.0
2025-02-01 00:05:00.196746,251.0
2025-02-01 00:06:00.029286,80.0
2025-02-01 00:07:00.025317,167.0
2025-02-01 00:08:00.102299,329.0
2025-02-01 00:09:00.165288,0.0
2025-02-01 00:10:00.088364,331.0
2025-02-01 00:11:00.114378,250.0
2025-02-01 00:12:00.113408,246.0
2025-02-01 00:13:00.107438,167.0
2025-02-01 00:14:00.081484,83.0
2025-02-01 00:15:00.014559,0.0
2025-02-01 00:16:00.144505,165.0
2025-02-01 00:17:00.137538,251.0
2025-02-01 00:18:00.105584,250.0
2025-02-01 00:19:00.112609,248.0
2025-02-01 00:20:00.053676,81.0
2025-02-01 00:21:00.084684,248.0
2025-02-01 00:22:00.028749,167.0
2025-02-01 00:23:00.146706,249.0
2025-02-01 00:24:00.019812,83.0
2025-02-01 00:25:00.172745,247.0
2025-02-01 00:26:00.140796,81.0
2025-02-01 00:27:00.118837,0.0
2025-02-01 00:28:00.072894,84.0
2025-02-01 00:29:00.129943,249.0
2025-02-01 00:30:00.085998,248.0
2025-02-01 00:31:00.036060,331.0
2025-02-01 00:32:00.154016,250.0
2025-02-01 00:33:00.112069,331.0
2025-02-01 00:34:00.038145,83.0
2025-02-01 00:35:00.029178,84.0
2025-02-01 00:36:00.047197,329.0
2025-02-01 00:37:00.136171,82.0
2025-02-01 00:38:00.151192,0.0
2025-02-01 00:39:00.090258,0.0
2025-02-01 00:40:00.036319,249.0
2025-02-01 00:41:00.001370,248.0
2025-02-01 00:42:00.067359,248.0
2025-02-01 00:43:00.110360,330.0
2025-02-01 00:44:00.015448,248.0
2025-02-01 00:45:00.111418,82.0
2025-02-01 00:46:00.048486,164.0
2025-02-01 00:47:00.131462,250.0
2025-02-01 00:48:00.042545,246.0
2025-02-01 00:49:00.186488,247.0
2025-02-01 00:50:00.043605,0.0
2025-02-01 00:51:00.110592,0.0
2025-02-01 00:52:00.060651,83.0
2025-02-01 00:53:00.137634,330.0
2025-02-01 00:54:00.123669,249.0
2025-02-01 00:55:00.119702,248.0
2025-02-01 00:56:00.028787,165.0
2025-02-01 00:57:00.024817,166.0
2025-02-01 00:58:00.092805,252.0
2025-02-01 00:59:00.091835,334.0
2025-02-01 01:00:00.160821,248.0
2025-02-01 01:01:00.111879,0.0
2025-02-01 01:02:00.060941,248.0
2025-02-01 01:03:00.104941,0.0
2025-02-01 01:04:00.043010,0.0
2025-02-01 01:05:00.054032,0.0
2025-02-01 01:06:00.018082,250.0
2025-02-01 01:07:00.127046,332.0
2025-02-01 01:08:00.100090,248.0
2025-02-01 01:09:00.076134,84.0
2025-02-01 01:10:00.152114,166.0
2025-02-01 01:11:00.123163,250.0
2025-02-01 01:12:00.121191,336.0
2025-02-01 01:13:00.030277,251.0
2025-02-01 01:14:00.062286,0.0
2025-02-01 01:15:00.074307,249.0
2025-02-01 01:16:00.133302,248.0
2025-02-01 01:17:00.130332,335.0
2025-02-01 01:18:00.088387,165.0
2025-02-01 01:19:00.182358,81.0
2025-02-01 01:20:00.141412,0.0
2025-02-01 01:21:00.037503,0.0
2025-02-01 01:22:00.019544,165.0
2025-02-01 01:23:00.009580,250.0
2025-02-01 01:24:00.120539,248.0
2025-02-01 01:25:00.115570,248.0
2025-02-01 01:26:00.115601,251.0
2025-02-01 01:27:00.124655,331.0
2025-02-01 01:28:00.055725,248.0
2025-02-01 01:29:00.151696,0.0
2025-02-01 01:30:00.131737,168.0
2025-02-01 01:31:00.104783,250.0
2025-02-01 01:32:00.120802,164.0
2025-02-01 01:33:00.063865,0.0
2025-02-01 01:34:00.056899,0.0
2025-02-01 01:35:00.131881,248.0
2025-02-01 01:36:00.149900,248.0
2025-02-01 01:37:00.128971,332.0
2025-02-01 01:38:00.078034,251.0
2025-02-01 01:39:00.072066,81.0
2025-02-01 01:40:00.137053,248.0
2025-02-01 01:41:00.042143,84.0
2025-02-01 01:42:00.060159,249.0
2025-02-01 01:43:00.145137,250.0
2025-02-01 01:44:00.030235,333.0
2025-02-01 01:45:00.153190,0.0
2025-02-01 01:46:00.150220,0.0
2025-02-01 01:47:00.032322,83.0
2025-02-01 01:48:00.052338,248.0
2025-02-01 01:49:00.028380,251.0
2025-02-01 01:50:00.176320,330.0
2025-02-01 01:51:00.180366,166.0
2025-02-01 01:52:00.104442,0.0
2025-02-01 01:53:00.146445,165.0
2025-02-01 01:54:00.076517,333.0
2025-02-01 01:55:00.109525,248.0
2025-02-01 01:56:00.014613,332.0
2025-02-01 01:57:00.076602,0.0
2025-02-01 01:58:00.172573,0.0
2025-02-01 01:59:00.185594,0.0
2025-02-01 02:00:00.107671,250.0
2025-02-01 02:01:00.135683,250.0
2025-02-01 02:02:00.129716,249.0
2025-02-01 02:03:00.124747,331.0
2025-02-01 02:04:00.136769,168.0
2025-02-01 02:05:00.127803,84.0
2025-02-01 02:06:00.070867,252.0
2025-02-01 02:07:00.039915,250.0
2025-02-01 02:08:00.135885,328.0
2025-02-01 02:09:00.001998,0.0
2025-02-01 02:10:00.147935,165.0
2025-02-01 02:11:00.146965,0.0
2025-02-01 02:12:00.111016,0.0
2025-02-01 02:13:00.082063,248.0
2025-02-01 02:14:00.022129,248.0
2025-02-01 02:15:00.075124,249.0
2025-02-01 02:16:00.160102,332.0
2025-02-01 02:17:00.007224,252.0
2025-02-01 02:18:00.163157,0.0
2025-02-01 02:19:00.114217,248.0
2025-02-01 02:20:00.002314,252.0
2025-02-01 02:21:00.118272,246.0
2025-02-01 02:22:00.138290,250.0
2025-02-01 02:23:00.158305,251.0
2025-02-01 02:24:00.058396,0.0
2025-02-01 02:25:00.122385,0.0
2025-02-01 02:26:00.161391,0.0
2025-02-01 02:27:00.070475,165.0
2025-02-01 02:28:00.147455,329.0
2025-02-01 02:29:00.169473,248.0
2025-02-01 02:30:00.044578,83.0
2025-02-01 02:31:00.171528,250.0
2025-02-01 02:32:00.042637,333.0
2025-02-01 02:33:00.152597,251.0
2025-02-01 02:34:00.086699,245.0
2025-02-01 02:35:00.152686,0.0
2025-02-01 02:36:00.008855,166.0
2025-02-01 02:37:00.144801,248.0
2025-02-01 02:38:00.168814,331.0
2025-02-01 02:39:00.063909,0.0
2025-02-01 02:40:00.080927,0.0
2025-02-01 02:41:00.150913,82.0
2025-02-01 02:42:00.119961,250.0
2025-02-01 02:43:00.137977,249.0
2025-02-01 02:44:00.141007,250.0
2025-02-01 02:45:00.067080,334.0
2025-02-01 02:46:00.153057,80.0
2025-02-01 02:47:00.092123,83.0
2025-02-01 02:48:00.054173,250.0
2025-02-01 02:49:00.069192,250.0
2025-02-01 02:50:00.161165,249.0
2025-02-01 02:51:00.170189,0.0
2025-02-01 02:52:00.044297,0.0
2025-02-01 02:53:00.075304,0.0
2025-02-01 02:54:00.179269,250.0
2025-02-01 02:55:00.058375,329.0
2025-02-01 02:56:00.148348,250.0
2025-02-01 02:57:00.062430,0.0
2025-02-01 02:58:00.019488,250.0
2025-02-01 02:59:00.190407,331.0
2025-02-01 03:00:00.182441,249.0
2025-02-01 03:01:00.015575,0.0
2025-02-01 03:02:00.106547,248.0
2025-02-01 03:03:00.109575,335.0
2025-02-01 03:04:00.081027,248.0
2025-02-01 03:05:00.038061,249.0
2025-02-01 03:06:00.012280,0.0
2025-02-01 03:07:00.004288,168.0
2025-02-01 03:08:00.234175,0.0
2025-02-01 03:09:00.047986,0.0
2025-02-01 03:10:00.028032,84.0
2025-02-01 03:11:00.061033,251.0
2025-02-01 03:12:00.073056,329.0
2025-02-01 03:13:00.176087,252.0
2025-02-01 03:14:00.099163,249.0
2025-02-01 03:15:00.079235,168.0
2025-02-01 03:16:00.089260,0.0
2025-02-01 03:17:00.096282,328.0
2025-02-01 03:18:00.108304,250.0
2025-02-01 03:19:00.140313,333.0
2025-02-01 03:20:00.101367,0.0
2025-02-01 03:21:00.117386,249.0
2025-02-01 03:22:00.102457,248.0
2025-02-01 03:23:00.115478,333.0
2025-02-01 03:24:00.096520,82.0
2025-02-01 03:25:00.140555,0.0
2025-02-01 03:26:00.126591,0.0
2025-02-01 03:27:00.102635,248.0
2025-02-01 03:28:00.123693,251.0
2025-02-01 03:29:00.087787,248.0
2025-02-01 03:30:00.103807,166.0
2025-02-01 03:31:00.132881,85.0
2025-02-01 03:32:00.021979,333.0
2025-02-01 03:33:00.123943,251.0
2025-02-01 03:37:00.244599,15394517.0
2025-02-01 03:38:00.100813,0.0
2025-02-01 03:39:00.021983,166.0
2025-02-01 03:40:00.031685,248.0
2025-02-01 03:41:00.104764,250.0
2025-02-01 03:42:00.129871,81.0
2025-02-01 03:43:00.150982,252.0
2025-02-01 03:44:00.083147,331.0
2025-02-01 03:45:00.111252,249.0
2025-02-01 03:46:00.189328,84.0
2025-02-01 03:47:00.047539,168.0
2025-02-01 03:48:00.057655,249.0
2025-02-01 03:49:00.138730,167.0
2025-02-01 03:50:00.090883,0.0
2025-02-01 03:51:00.178952,0.0
2025-02-01 03:52:00.087842,249.0
2025-02-01 03:53:00.081492,167.0
2025-02-01 03:54:00.074449,328.0
2025-02-01 03:55:00.071946,252.0
2025-02-01 03:56:00.011243,248.0
2025-02-01 03:57:00.057811,84.0
2025-02-01 03:58:00.082938,166.0
2025-02-01 03:59:00.116806,251.0
2025-02-01 04:00:00.058190,331.0
2025-02-01 04:01:00.087176,85.0
2025-02-01 04:02:00.014297,83.0
2025-02-01 04:03:00.107040,250.0
2025-02-01 04:04:00.076716,82.0
2025-02-01 04:05:00.020127,0.0
2025-02-01 04:06:00.043943,81.0
2025-02-01 04:07:00.059716,331.0
2025-02-01 04:08:00.083897,167.0
2025-02-01 04:09:00.066234,248.0
2025-02-01 04:10:00.036349,251.0
2025-02-01 04:11:00.092204,331.0
2025-02-01 04:12:00.094306,251.0
2025-02-01 04:13:00.127564,84.0
2025-02-01 04:14:00.140357,84.0
2025-02-01 04:15:00.163156,252.0
2025-02-01 04:16:00.054909,166.0
2025-02-01 04:17:00.021750,0.0
2025-02-01 04:18:00.071866,0.0
2025-02-01 04:19:00.094415,251.0
2025-02-01 04:20:00.042703,335.0
2025-02-01 04:21:00.058637,164.0
2025-02-01 04:22:00.097004,84.0
2025-02-01 04:23:00.059073,332.0
2025-02-01 04:24:00.055444,252.0
2025-02-01 04:25:00.156102,251.0
2025-02-01 04:26:00.078320,249.0
2025-02-01 04:27:00.032427,0.0
2025-02-01 04:28:00.077996,167.0
2025-02-01 04:29:00.083981,331.0
2025-02-01 04:30:00.010288,246.0
2025-02-01 04:31:00.032953,84.0
2025-02-01 04:32:00.133992,0.0
2025-02-01 04:33:00.164011,0.0
2025-02-01 04:34:00.063380,331.0
2025-02-01 04:35:00.091409,248.0
2025-02-01 04:36:00.092754,161.0
2025-02-01 04:37:00.017102,248.0
2025-02-01 04:38:00.065255,250.0
2025-02-01 04:39:00.129314,331.0
2025-02-01 04:40:00.032864,82.0
2025-02-01 04:41:00.099287,85.0
2025-02-01 04:42:00.165933,334.0
2025-02-01 04:43:00.038804,251.0
2025-02-01 04:44:00.080036,167.0
2025-02-01 04:45:00.718680,0.0
2025-02-01 04:46:00.171138,0.0
2025-02-01 04:47:00.107300,164.0
2025-02-01 04:48:00.171385,167.0
2025-02-01 04:49:00.158515,329.0
2025-02-01 04:50:00.101673,250.0
2025-02-01 04:51:00.122784,253.0
2025-02-01 04:52:00.013974,165.0
2025-02-01 04:53:00.153012,163.0
2025-02-01 04:54:00.027213,251.0
2025-02-01 04:55:00.129274,166.0
2025-02-01 04:56:00.072432,84.0
2025-02-01 04:57:00.090543,248.0
2025-02-01 04:58:00.058686,332.0
2025-02-01 04:59:00.123770,250.0
2025-02-01 05:00:00.106904,83.0
2025-02-01 05:01:00.009088,0.0
2025-02-01 05:02:00.135133,0.0
2025-02-01 05:03:00.147251,167.0
2025-02-01 05:04:00.123387,251.0
2025-02-01 05:05:00.004583,329.0
2025-02-01 05:06:00.146619,332.0
2025-02-01 05:07:00.140747,166.0
2025-02-01 05:08:00.136872,0.0
2025-02-01 05:09:00.103015,250.0
2025-02-01 05:10:00.119129,251.0
2025-02-01 05:11:00.112256,333.0
2025-02-01 05:12:00.194333,164.0
2025-02-01 05:13:00.123497,80.0
2025-02-01 05:14:00.052663,0.0
2025-02-01 05:15:00.128740,0.0
2025-02-01 05:16:00.156845,168.0
2025-02-01 05:17:00.141978,253.0
2025-02-01 05:18:00.167086,165.0
2025-02-01 05:19:00.057277,331.0
2025-02-01 05:20:00.186322,251.0
2025-02-01 05:21:00.098498,167.0
2025-02-01 05:22:00.133600,81.0
2025-02-01 05:23:00.127730,167.0
2025-02-01 05:24:00.032908,329.0
2025-02-01 05:25:00.123975,250.0
2025-02-01 05:26:00.056141,83.0
2025-02-01 05:27:00.130218,165.0
2025-02-01 05:28:00.118350,333.0
2025-02-01 05:29:00.019535,248.0
2025-02-01 05:30:00.143581,249.0
2025-02-01 05:31:00.199669,0.0
2025-02-01 05:32:00.154821,0.0
2025-02-01 05:33:00.190921,0.0
2025-02-01 05:34:00.006161,330.0
2025-02-01 05:35:00.258129,168.0
2025-02-01 05:36:00.031390,334.0
2025-02-01 05:37:00.043505,167.0
2025-02-01 05:38:00.114586,0.0
2025-02-01 05:39:00.081728,333.0
2025-02-03 07:00:00.206231,15619280.0
2025-02-03 07:01:00.036533,0.0
2025-02-03 07:02:00.169392,0.0
2025-02-03 07:03:00.094169,0.0
2025-02-03 07:04:00.051800,0.0
2025-02-03 07:05:00.102357,0.0
2025-02-03 07:06:00.097034,0.0
2025-02-03 07:07:00.169674,0.0
2025-02-03 07:08:00.131819,0.0
2025-02-03 07:09:00.012625,0.0
2025-02-03 07:10:00.114778,0.0
2025-02-03 07:11:00.172272,0.0
2025-02-03 07:12:00.157270,0.0
2025-02-03 07:13:00.166247,0.0
2025-02-03 07:14:00.060261,0.0
2025-02-03 07:15:00.072334,0.0
2025-02-03 07:16:00.071816,0.0
2025-02-03 07:17:00.008409,0.0
2025-02-03 07:18:00.180331,0.0
2025-02-03 07:19:00.164206,0.0
2025-02-03 07:20:00.168554,0.0
2025-02-03 07:21:00.159429,0.0
2025-02-03 07:22:00.171823,0.0
2025-02-03 07:23:00.184050,0.0
2025-02-03 07:24:00.141688,0.0
2025-02-03 07:25:00.170162,0.0
2025-02-03 07:26:00.104024,0.0
2025-02-03 07:27:00.155644,0.0
2025-02-03 07:28:00.140704,250.0
2025-02-03 07:30:00.291981,83.0
2025-02-03 07:31:00.120161,0.0
2025-02-03 07:32:00.093706,0.0
2025-02-03 07:33:00.131780,0.0
2025-02-03 07:34:00.160883,246.0
2025-02-03 07:35:00.059324,248.0
2025-02-03 07:36:00.058512,0.0
2025-02-03 07:37:00.142801,82.0
2025-02-03 07:38:00.122056,248.0
2025-02-03 07:39:00.150552,165.0
2025-02-03 07:40:00.048221,83.0
2025-02-03 07:41:00.141600,0.0
2025-02-03 07:42:00.114484,246.0
2025-02-03 07:43:00.142258,248.0
2025-02-03 07:44:00.044158,82.0
2025-02-03 07:45:00.005104,0.0
2025-02-03 07:46:00.160748,246.0
2025-02-03 07:47:00.152252,248.0
2025-02-03 07:48:00.108691,165.0
2025-02-03 07:49:00.176220,246.0
2025-02-03 07:50:00.129309,247.0
2025-02-03 07:51:00.022054,0.0
2025-02-03 07:52:00.109648,249.0
2025-02-03 07:53:00.101735,248.0
2025-02-03 07:54:00.114984,167.0
2025-02-03 07:55:00.059,165.0
2025-02-03 07:56:00.091079,83.0
2025-02-03 07:57:00.127995,248.0
2025-02-03 07:58:00.190011,165.0
2025-02-03 07:59:00.095186,246.0
2025-02-03 08:00:00.127538,165.0
2025-02-03 08:01:00.045152,0.0
2025-02-03 08:02:00.136196,249.0
2025-02-03 08:03:00.029162,248.0
2025-02-03 08:04:00.158934,252.0
2025-02-03 08:05:00.112392,248.0
2025-02-03 08:06:00.107929,166.0
2025-02-03 08:07:00.067572,245.0
2025-02-03 08:08:00.077299,165.0
2025-02-03 08:09:00.065086,164.0
2025-02-03 08:10:00.110989,247.0
2025-02-03 08:11:00.073265,251.0
2025-02-03 08:12:00.044469,82.0
2025-02-03 08:13:00.122397,0.0
2025-02-03 08:14:00.115270,0.0
2025-02-03 08:15:00.026488,0.0
2025-02-03 08:16:00.168422,0.0
2025-02-03 08:17:00.047201,0.0
2025-02-03 08:18:00.037312,0.0
2025-02-03 08:19:00.062099,0.0
2025-02-03 08:20:00.070222,0.0
2025-02-03 08:21:00.111402,0.0
2025-02-03 08:22:00.059527,166.0
2025-02-03 08:23:00.014176,165.0
2025-02-03 08:24:00.030800,248.0
2025-02-03 08:25:00.017167,245.0
2025-02-03 08:26:00.005048,166.0
2025-02-03 08:27:00.176953,248.0
2025-02-03 08:28:00.176577,166.0
2025-02-03 08:29:00.070785,0.0
2025-02-03 08:30:00.162952,248.0
2025-02-03 08:31:00.156909,248.0
2025-02-03 08:32:00.155984,165.0
2025-02-03 08:33:00.055701,250.0
2025-02-03 08:34:00.120330,246.0
2025-02-03 08:35:00.068137,83.0
2025-02-03 08:36:00.044939,84.0
2025-02-03 08:37:00.121289,248.0
2025-02-03 08:38:00.016634,164.0
2025-02-03 08:39:00.013379,250.0
2025-02-03 08:40:00.122711,163.0
2025-02-03 08:41:00.060251,0.0
2025-02-03 08:42:00.062877,248.0
2025-02-03 08:43:00.185630,247.0
2025-02-03 08:44:00.214648,246.0
2025-02-03 08:45:00.004242,166.0
2025-02-03 08:46:00.072017,248.0
2025-02-03 08:47:00.043023,247.0
2025-02-03 08:48:00.120436,248.0
2025-02-03 08:49:00.028543,165.0
2025-02-03 08:50:00.166318,248.0
2025-02-03 08:51:00.029796,248.0
2025-02-03 08:52:00.128201,248.0
2025-02-03 08:53:00.163330,166.0
2025-02-03 08:54:00.133270,246.0
2025-02-03 08:55:00.089095,247.0
2025-02-03 08:56:00.149663,166.0
2025-02-03 08:57:00.048310,248.0
2025-02-03 08:58:00.012375,165.0
2025-02-03 08:59:00.095531,166.0
2025-02-03 09:00:00.093380,167.0
2025-02-03 09:01:00.021174,246.0
2025-02-03 09:02:00.088443,248.0
2025-02-03 09:03:00.180276,248.0
2025-02-03 09:04:00.046208,83.0
2025-02-03 09:05:00.092626,165.0
2025-02-03 09:06:00.104268,248.0
2025-02-03 09:07:00.052483,248.0
2025-02-03 09:08:00.169227,248.0
2025-02-03 09:09:00.022762,165.0
2025-02-03 09:10:00.065930,250.0
2025-02-03 09:11:00.046104,246.0
2025-02-03 09:12:00.055640,165.0
2025-02-03 09:13:00.056563,249.0
2025-02-03 09:14:00.145745,82.0
2025-02-03 09:15:00.190816,0.0
2025-02-03 09:16:00.027293,165.0
2025-02-03 09:17:00.042508,246.0
2025-02-03 09:18:00.119669,167.0
2025-02-03 09:19:00.133470,248.0
2025-02-03 09:20:00.066767,166.0
2025-02-03 09:21:00.109144,246.0
2025-02-03 09:22:00.048834,247.0
2025-02-03 09:23:00.031150,165.0
2025-02-03 09:24:00.155167,248.0
2025-02-03 09:25:00.023662,164.0
2025-02-03 09:26:00.075858,247.0
2025-02-03 09:27:00.030983,245.0
2025-02-03 09:28:00.163954,166.0
2025-02-03 09:29:00.057464,246.0
2025-02-03 09:30:00.145423,82.0
2025-02-03 09:31:00.092424,83.0
2025-02-03 09:32:00.138462,248.0
2025-02-03 09:33:00.035565,250.0
2025-02-03 09:34:00.098617,165.0
2025-02-03 09:35:00.174628,248.0
2025-02-03 09:36:00.033560,164.0
2025-02-03 09:37:00.134729,167.0
2025-02-03 09:38:00.132410,248.0
2025-02-03 09:39:00.009408,249.0
2025-02-03 09:40:00.053577,248.0
2025-02-03 09:41:00.086140,167.0
2025-02-03 09:42:00.062884,248.0
2025-02-03 09:43:00.030796,248.0
2025-02-03 09:44:00.051019,248.0
2025-02-03 09:45:00.012210,165.0
2025-02-03 09:46:00.100695,83.0
2025-02-03 09:47:00.063964,81.0
2025-02-03 09:48:00.031077,248.0
2025-02-03 09:49:00.090724,165.0
2025-02-03 09:50:00.006902,247.0
2025-02-03 09:51:00.124874,246.0
2025-02-03 09:52:00.136265,83.0
2025-02-03 09:53:00.079731,250.0
2025-02-03 09:54:00.171106,248.0
2025-02-03 09:55:00.005287,165.0
2025-02-03 09:56:00.139437,249.0
2025-02-03 09:57:00.055445,248.0
2025-02-03 09:58:00.094827,247.0
2025-02-03 09:59:00.151243,164.0
2025-02-03 10:00:00.075657,247.0
2025-02-03 10:01:00.171327,246.0
2025-02-03 10:02:00.035239,83.0
2025-02-03 10:03:00.114648,0.0
2025-02-03 10:04:00.025284,248.0
2025-02-03 10:05:00.041414,247.0
2025-02-03 10:06:00.145216,166.0
2025-02-03 10:07:00.132679,248.0
2025-02-03 10:08:00.084865,83.0
2025-02-03 10:09:00.117126,248.0
2025-02-03 10:10:00.088063,248.0
2025-02-03 10:11:00.127615,168.0
2025-02-03 10:12:00.151524,248.0
2025-02-03 10:13:00.078145,247.0
2025-02-03 10:14:00.035302,163.0
2025-02-03 10:15:00.120894,248.0
2025-02-03 10:16:00.085275,246.0
2025-02-03 10:17:00.110964,247.0
2025-02-03 10:18:00.045804,166.0
2025-02-03 10:19:00.055760,82.0
2025-02-03 10:20:00.086554,165.0
2025-02-03 10:21:00.154434,246.0
2025-02-03 10:22:00.111188,165.0
2025-02-03 10:23:00.171153,246.0
2025-02-03 10:24:00.153310,165.0
2025-02-03 10:25:00.032924,248.0
2025-02-03 10:26:00.033216,166.0
2025-02-03 10:27:00.131446,248.0
2025-02-03 10:28:00.141224,248.0
2025-02-03 10:29:00.096788,165.0
2025-02-03 10:30:00.050661,165.0
2025-02-03 10:31:00.036546,250.0
2025-02-03 10:32:00.013391,248.0
2025-02-03 10:33:00.014881,248.0
2025-02-03 10:34:00.090540,81.0
2025-02-03 10:35:00.091283,165.0
2025-02-03 10:36:00.028746,166.0
2025-02-03 10:37:00.030454,250.0
2025-02-03 10:38:00.166174,246.0
2025-02-03 10:39:00.033325,84.0
2025-02-03 10:40:00.094663,164.0
2025-02-03 10:41:00.039422,248.0
2025-02-03 10:42:00.106912,248.0
2025-02-03 10:43:00.111633,245.0
2025-02-03 10:44:00.040799,247.0
2025-02-03 10:45:00.039596,1.0
2025-02-03 10:46:00.056752,165.0
2025-02-03 10:47:00.074682,248.0
2025-02-03 10:48:00.041333,245.0
2025-02-03 10:49:00.156040,246.0
2025-02-03 10:50:00.015011,165.0
2025-02-03 10:51:00.009247,246.0
2025-02-03 10:52:00.137131,168.0
2025-02-03 10:53:00.025155,248.0
2025-02-03 10:54:00.062350,167.0
2025-02-03 10:55:00.157810,81.0
2025-02-03 10:56:00.055507,165.0
2025-02-03 10:57:00.097190,247.0
2025-02-03 10:58:00.149859,246.0
2025-02-03 10:59:00.167453,248.0
2025-02-03 11:00:00.043304,83.0
2025-02-03 11:01:00.040249,250.0
2025-02-03 11:02:00.135504,248.0
2025-02-03 11:03:00.090332,166.0
2025-02-03 11:04:00.050460,250.0
2025-02-03 11:05:00.141880,166.0
2025-02-03 11:06:00.063509,82.0
2025-02-03 11:07:00.020119,248.0
2025-02-03 11:08:00.020170,249.0
2025-02-03 11:09:00.012075,247.0
2025-02-03 11:10:00.085657,166.0
2025-02-03 11:11:00.074797,83.0
2025-02-03 11:12:00.129422,248.0
2025-02-03 11:13:00.174828,248.0
2025-02-03 11:14:00.032406,248.0
2025-02-03 11:15:00.080725,165.0
2025-02-03 11:16:00.171629,165.0
2025-02-03 11:17:00.016204,163.0
2025-02-03 11:18:00.004450,250.0
2025-02-03 11:19:00.080765,246.0
2025-02-03 11:20:00.052515,247.0
2025-02-03 11:21:00.152292,164.0
2025-02-03 11:22:00.096140,0.0
2025-02-03 11:23:00.099449,167.0
2025-02-03 11:24:00.059808,165.0
2025-02-03 11:25:00.064151,249.0
2025-02-03 11:26:00.126098,248.0
2025-02-03 11:27:00.022064,167.0
2025-02-03 11:28:00.053539,246.0
2025-02-03 11:29:00.078316,248.0
2025-02-03 11:30:00.050019,168.0
2025-02-03 11:31:00.060342,248.0
2025-02-03 11:32:00.171927,166.0
2025-02-03 11:33:00.173898,82.0
2025-02-03 11:34:00.155619,250.0
2025-02-03 11:35:00.070088,248.0
2025-02-03 11:36:00.139484,246.0
2025-02-03 11:37:00.138919,246.0
2025-02-03 11:38:00.029042,84.0
2025-02-03 11:39:00.101306,244.0
2025-02-03 11:40:00.031595,247.0
2025-02-03 11:41:00.023130,165.0
2025-02-03 11:42:00.093469,246.0
2025-02-03 11:43:00.057395,163.0
2025-02-03 11:44:00.074075,248.0
2025-02-03 11:45:00.112371,248.0
2025-02-03 11:46:00.178310,248.0
2025-02-03 11:47:00.089834,165.0
2025-02-03 11:48:00.097996,82.0
2025-02-03 11:49:00.184437,0.0
2025-02-03 11:50:00.038068,248.0
2025-02-03 11:51:00.136561,248.0
2025-02-03 11:52:00.087138,248.0
2025-02-03 11:53:00.031448,83.0
2025-02-03 11:54:00.169203,246.0
2025-02-03 11:55:00.153399,250.0
2025-02-03 11:56:00.056773,245.0
2025-02-03 11:57:00.091476,248.0
2025-02-03 11:58:00.019775,83.0
2025-02-03 11:59:00.127091,165.0
2025-02-03 12:00:00.072469,246.0
2025-02-03 12:01:00.053670,166.0
2025-02-03 12:02:00.009164,0.0
2025-02-03 12:03:00.046144,0.0
2025-02-03 12:04:00.078055,0.0
2025-02-03 12:05:00.126420,0.0
2025-02-03 12:06:00.068958,0.0
2025-02-03 12:07:00.039253,0.0
2025-02-03 12:08:00.168840,0.0
2025-02-03 12:09:00.144707,0.0
2025-02-03 12:10:00.040960,0.0
2025-02-03 12:11:00.028884,0.0
2025-02-03 12:12:00.134177,0.0
2025-02-03 12:13:00.110457,0.0
2025-02-03 12:14:00.091398,0.0
2025-02-03 12:15:00.107366,0.0
2025-02-03 12:16:00.093268,0.0
2025-02-03 12:17:00.066265,245.0
2025-02-03 12:18:00.131972,248.0
2025-02-03 12:19:00.028534,245.0
2025-02-03 12:20:00.071195,83.0
2025-02-03 12:21:00.110771,248.0
2025-02-03 12:22:00.175319,245.0
2025-02-03 12:23:00.043426,245.0
2025-02-03 12:24:00.008067,165.0
2025-02-03 12:25:00.068517,0.0
2025-02-03 12:26:00.110523,249.0
2025-02-03 12:27:00.070884,247.0
2025-02-03 12:28:00.136296,248.0
2025-02-03 12:29:00.085844,248.0
2025-02-03 12:30:00.176400,248.0
2025-02-03 12:31:00.173167,164.0
2025-02-03 12:32:00.123330,247.0
2025-02-03 12:33:00.023982,248.0
2025-02-03 12:34:00.179076,0.0
2025-02-03 12:35:00.124582,248.0
2025-02-03 12:36:00.010496,248.0
2025-02-03 12:37:00.044170,246.0
2025-02-03 12:38:00.065784,248.0
2025-02-03 12:39:00.036357,167.0
2025-02-03 12:40:00.156656,0.0
2025-02-03 12:41:00.137349,246.0
2025-02-03 12:42:00.073076,248.0
2025-02-03 12:43:00.156804,248.0
2025-02-03 12:44:00.034069,251.0
2025-02-03 12:45:00.154120,248.0
2025-02-03 12:46:00.122379,248.0
2025-02-03 12:47:00.143717,83.0
2025-02-03 12:48:00.164191,247.0
2025-02-03 12:49:00.010678,248.0
2025-02-03 12:50:00.030524,165.0
2025-02-03 12:51:00.048062,0.0
2025-02-03 12:52:00.080979,248.0
2025-02-03 12:53:00.246332,248.0
2025-02-03 12:54:00.122589,246.0
2025-02-03 12:55:00.159567,250.0
2025-02-03 12:56:00.073723,166.0
2025-02-03 12:57:00.011860,246.0
2025-02-03 12:58:00.034872,248.0
2025-02-03 12:59:00.140,250.0
2025-02-03 13:00:00.042612,165.0
2025-02-03 13:01:00.123252,0.0
2025-02-03 13:02:00.098130,248.0
2025-02-03 13:03:00.149401,246.0
2025-02-03 13:04:00.039505,167.0
2025-02-03 13:05:00.126377,246.0
2025-02-03 13:06:00.151122,246.0
2025-02-03 13:07:00.151207,168.0
2025-02-03 13:08:00.124809,248.0
2025-02-03 13:09:00.160726,247.0
2025-02-03 13:10:00.085962,83.0
2025-02-03 13:11:00.087815,165.0
2025-02-03 13:12:00.170618,165.0
2025-02-03 13:13:00.136003,249.0
2025-02-03 13:14:00.055147,248.0
2025-02-03 13:15:00.024016,247.0
2025-02-03 13:16:00.106590,249.0
2025-02-03 13:17:00.038723,167.0
2025-02-03 13:18:00.151760,164.0
2025-02-03 13:19:00.101043,248.0
2025-02-03 13:20:00.169479,167.0
2025-02-03 13:21:00.031866,83.0
2025-02-03 13:22:00.022309,82.0
2025-02-03 13:23:00.075436,248.0
2025-02-03 13:24:00.129648,248.0
2025-02-03 13:25:00.073272,248.0
2025-02-03 13:26:00.015683,248.0
2025-02-03 13:27:00.074623,166.0
2025-02-03 13:28:00.134425,248.0
2025-02-03 13:29:00.087665,248.0
2025-02-03 13:30:00.119847,248.0
2025-02-03 13:31:00.080681,82.0
2025-02-03 13:32:00.006345,81.0
2025-02-03 13:33:00.013851,165.0
2025-02-03 13:34:00.160900,246.0
2025-02-03 13:35:00.044431,247.0
2025-02-03 13:36:00.066427,249.0
2025-02-03 13:37:00.056679,247.0
2025-02-03 13:38:00.120049,163.0
2025-02-04 07:16:00.359280,15895667.0
2025-02-04 07:17:00.072252,250.0
2025-02-04 07:18:00.093449,333.0
2025-02-04 07:19:00.038282,334.0
2025-02-04 07:20:00.122454,251.0
2025-02-04 07:21:00.028055,333.0
2025-02-04 07:22:00.095154,251.0
2025-02-04 07:23:00.031383,336.0
2025-02-04 07:24:00.076392,251.0
2025-02-04 07:25:00.133416,336.0
2025-02-04 07:26:00.112585,253.0
2025-02-04 07:27:00.043933,82.0
2025-02-04 07:28:00.083514,249.0
2025-02-04 07:29:00.052848,336.0
2025-02-04 07:30:00.013379,328.0
2025-02-04 07:31:00.124067,252.0
2025-02-04 07:32:00.058834,166.0
2025-02-04 07:33:00.071952,245.0
2025-02-04 07:34:00.049159,329.0
2025-02-04 07:35:00.069412,248.0
2025-02-04 07:36:00.035204,84.0
2025-02-04 07:37:00.080470,248.0
2025-02-04 07:38:00.023081,334.0
2025-02-04 07:39:00.043510,251.0
2025-02-04 07:40:00.027448,82.0
2025-02-04 07:41:00.102367,249.0
2025-02-04 07:42:00.138377,335.0
2025-02-04 07:43:00.094294,249.0
2025-02-04 07:44:00.054135,250.0
2025-02-04 07:45:00.022973,0.0
2025-02-04 07:46:00.130344,251.0
2025-02-04 07:47:00.025539,253.0
2025-02-04 07:48:00.113584,333.0
2025-02-04 07:49:00.092809,248.0
2025-02-04 07:50:00.074746,0.0
2025-02-04 07:51:00.086929,333.0
2025-02-04 07:52:00.060644,249.0
2025-02-04 07:53:00.022086,336.0
2025-02-04 07:54:00.053166,250.0
2025-02-04 07:55:00.130386,85.0
2025-02-04 07:56:00.003541,0.0
2025-02-04 07:57:00.008941,332.0
2025-02-04 07:58:00.007030,168.0
2025-02-04 07:59:00.048745,332.0
2025-02-04 08:00:00.115777,83.0
2025-02-04 08:01:00.143445,248.0
2025-02-04 08:02:00.140870,333.0
2025-02-04 08:03:00.122918,251.0
2025-02-04 08:04:00.011690,83.0
2025-02-04 08:05:00.012614,253.0
2025-02-04 08:06:00.165918,249.0
2025-02-04 08:07:00.003060,0.0
2025-02-04 08:08:00.102786,167.0
2025-02-04 08:09:00.147734,334.0
2025-02-04 08:10:00.132966,251.0
2025-02-04 08:11:00.095316,82.0
2025-02-04 08:12:00.165277,251.0
2025-02-04 08:13:00.027028,333.0
2025-02-04 08:14:00.061913,166.0
2025-02-04 08:15:00.016537,167.0
2025-02-04 08:16:00.044504,333.0
2025-02-04 08:17:00.157599,249.0
2025-02-04 08:18:00.039991,82.0
2025-02-04 08:19:00.018987,249.0
2025-02-04 08:20:00.118259,0.0
2025-02-04 08:21:00.069846,250.0
2025-02-04 08:22:00.128554,333.0
2025-02-04 08:23:00.076655,83.0
2025-02-04 08:24:00.007027,168.0
2025-02-04 08:25:00.044048,333.0
2025-02-04 08:26:00.050229,249.0
2025-02-04 08:27:00.092589,165.0
2025-02-04 08:28:00.119967,167.0
2025-02-04 08:29:00.074587,331.0
2025-02-04 08:30:00.150240,251.0
2025-02-04 08:31:00.004607,250.0
2025-02-04 08:32:00.087542,166.0
2025-02-04 08:33:00.133747,0.0
2025-02-04 08:34:00.093574,168.0
2025-02-04 08:35:00.025308,250.0
2025-02-04 08:36:00.050842,332.0
2025-02-04 08:37:00.038034,84.0
2025-02-04 08:38:00.171747,168.0
2025-02-04 08:39:00.129118,334.0
2025-02-04 08:40:00.181057,251.0
2025-02-04 08:41:00.039140,250.0
2025-02-04 08:42:00.188726,83.0
2025-02-04 08:43:00.049808,333.0
2025-02-04 08:44:00.159387,249.0
2025-02-04 08:45:00.008204,335.0
2025-02-04 08:46:00.029659,0.0
2025-02-04 08:47:00.161534,83.0
2025-02-04 08:48:00.118647,251.0
2025-02-04 08:49:00.098341,250.0
2025-02-04 08:50:00.123601,168.0
2025-02-04 08:51:00.003027,248.0
2025-02-04 08:52:00.066278,331.0
2025-02-04 08:53:00.066556,0.0
2025-02-04 08:54:00.158921,333.0
2025-02-04 08:55:00.114738,253.0
2025-02-04 08:56:00.160316,251.0
2025-02-04 08:57:00.170539,0.0
2025-02-04 08:58:00.076065,83.0
2025-02-04 08:59:00.008689,333.0
2025-02-04 09:00:00.107379,85.0
2025-02-04 09:01:00.099250,246.0
2025-02-04 09:02:00.101958,334.0
2025-02-04 09:03:00.043787,252.0
2025-02-04 09:04:00.159096,83.0
2025-02-04 09:05:00.111329,251.0
2025-02-04 09:06:00.062879,333.0
2025-02-04 09:07:00.115072,166.0
2025-02-04 09:08:00.005951,167.0
2025-02-04 09:09:00.056135,331.0
2025-02-04 09:10:00.155923,85.0
2025-02-04 09:11:00.014209,0.0
2025-02-04 09:12:00.112969,249.0
2025-02-04 09:13:00.083830,253.0
2025-02-04 09:14:00.125850,251.0
2025-02-04 09:15:00.121701,83.0
2025-02-04 09:16:00.202958,336.0
2025-02-04 09:17:00.080977,250.0
2025-02-04 09:18:00.012427,168.0
2025-02-04 09:19:00.042443,250.0
2025-02-04 09:20:00.147624,249.0
2025-02-04 09:21:00.022868,333.0
2025-02-04 09:22:00.025082,168.0
2025-02-04 09:23:00.141935,0.0
2025-02-04 09:24:00.126864,82.0
2025-02-04 09:25:00.085670,334.0
2025-02-04 09:26:00.126211,251.0
2025-02-04 09:27:00.111297,83.0
2025-02-04 09:28:00.077014,253.0
2025-02-04 09:29:00.118733,335.0
2025-02-04 09:30:00.027337,251.0
2025-02-04 09:31:00.047666,0.0
2025-02-04 09:32:00.029384,336.0
2025-02-04 09:33:00.061263,251.0
2025-02-04 09:34:00.054552,338.0
2025-02-04 09:35:00.132124,168.0
2025-02-04 09:36:00.173302,0.0
2025-02-04 09:37:00.026258,83.0
2025-02-04 09:38:00.046640,253.0
2025-02-04 09:39:00.104105,334.0
2025-02-04 09:40:00.036869,0.0
2025-02-04 09:41:00.083967,331.0
2025-02-04 09:42:00.118503,253.0
2025-02-04 09:43:00.066659,250.0
2025-02-04 09:44:00.100452,164.0
2025-02-04 09:45:00.139179,250.0
2025-02-04 09:46:00.081595,330.0
2025-02-04 09:47:00.048329,164.0
2025-02-04 09:48:00.043745,0.0
2025-02-04 09:49:00.064572,84.0
2025-02-04 09:50:00.031193,251.0
2025-02-04 09:51:00.140979,329.0
2025-02-04 09:52:00.119399,82.0
2025-02-04 09:53:00.107322,251.0
2025-02-04 09:54:00.016891,333.0
2025-02-04 09:55:00.062127,250.0
2025-02-04 09:56:00.138766,84.0
2025-02-04 09:57:00.173083,335.0
2025-02-04 09:58:00.129936,251.0
2025-02-04 09:59:00.111698,83.0
2025-02-04 10:00:00.037176,251.0
2025-02-04 10:01:00.148587,0.0
2025-02-04 10:02:00.066889,168.0
2025-02-04 10:03:00.126017,330.0
2025-02-04 10:04:00.097231,0.0
2025-02-04 10:05:00.123912,246.0
2025-02-04 10:06:00.138814,332.0
2025-02-04 10:07:00.044257,331.0
2025-02-04 10:08:00.112362,83.0
2025-02-04 10:09:00.054361,166.0
2025-02-04 10:10:00.045051,332.0
2025-02-04 10:11:00.165705,248.0
2025-02-04 10:12:00.029164,168.0
2025-02-04 10:13:00.183113,166.0
2025-02-04 10:14:00.052278,166.0
2025-02-04 10:15:00.104406,84.0
2025-02-04 10:16:00.140170,336.0
2025-02-04 10:17:00.054473,251.0
2025-02-04 10:18:00.136374,0.0
2025-02-04 10:19:00.160765,333.0
2025-02-04 10:20:00.045467,251.0
2025-02-04 10:21:00.024919,333.0
2025-02-04 10:22:00.113353,0.0
2025-02-04 10:23:00.137485,336.0
2025-02-04 10:24:00.099970,249.0
2025-02-04 10:25:00.140413,250.0
2025-02-04 10:26:00.010681,83.0
2025-02-04 10:27:00.028255,0.0
2025-02-04 10:28:00.018050,250.0
2025-02-04 10:29:00.181320,331.0
2025-02-04 10:30:00.150939,165.0
2025-02-04 10:31:00.158619,163.0
2025-02-04 10:32:00.008337,249.0
2025-02-04 10:33:00.073881,330.0
2025-02-04 10:34:00.132560,166.0
2025-02-04 10:35:00.104518,85.0
2025-02-04 10:36:00.164762,330.0
2025-02-04 10:37:00.066788,333.0
2025-02-04 10:38:00.161027,166.0
2025-02-04 10:39:00.019003,0.0
2025-02-04 10:40:00.070496,0.0
2025-02-04 10:41:00.142128,250.0
2025-02-04 10:42:00.053093,332.0
2025-02-04 10:43:00.167218,250.0
2025-02-04 10:44:00.031264,166.0
2025-02-04 10:45:00.036523,250.0
2025-02-04 10:46:00.023078,250.0
2025-02-04 10:47:00.083889,83.0
2025-02-04 10:48:00.034463,249.0
2025-02-04 10:49:00.030218,335.0
2025-02-04 10:50:00.149365,333.0
2025-02-04 10:51:00.047305,0.0
2025-02-04 10:52:00.038567,249.0
2025-02-04 10:53:00.027391,2.0
2025-02-04 10:54:00.046522,246.0
2025-02-04 10:55:00.090889,333.0
2025-02-04 10:56:00.161458,168.0
2025-02-04 10:57:00.034468,83.0
2025-02-04 10:58:00.039855,331.0
2025-02-04 10:59:00.009689,253.0
2025-02-04 11:00:00.003190,250.0
2025-02-04 11:01:00.088017,85.0
2025-02-04 11:02:00.108224,332.0
2025-02-04 11:03:00.009654,332.0
2025-02-04 11:04:00.056639,83.0
2025-02-04 11:05:00.147498,248.0
2025-02-04 11:06:00.008048,165.0
2025-02-04 11:07:00.080049,0.0
2025-02-04 11:08:00.023977,248.0
2025-02-04 11:09:00.074819,248.0
2025-02-04 11:10:00.162365,166.0
2025-02-04 11:11:00.075930,250.0
2025-02-04 11:12:00.033716,248.0
2025-02-04 11:13:00.128400,329.0
2025-02-04 11:14:00.108085,83.0
2025-02-04 11:15:00.071608,248.0
2025-02-04 11:16:00.041162,248.0
2025-02-04 11:17:00.101457,332.0
2025-02-04 11:18:00.083646,163.0
2025-02-04 11:19:00.105654,0.0
2025-02-04 11:20:00.102592,0.0
2025-02-04 11:21:00.146289,248.0
2025-02-04 11:22:00.034100,249.0
2025-02-04 11:23:00.028721,332.0
2025-02-04 11:24:00.043238,249.0
2025-02-04 11:25:00.160440,83.0
2025-02-04 11:26:00.136859,335.0
2025-02-04 11:27:00.148244,248.0
2025-02-04 11:28:00.044250,168.0
2025-02-04 11:29:00.130660,249.0
2025-02-04 11:30:00.147476,250.0
2025-02-04 11:31:00.138017,0.0
2025-02-04 11:32:00.130232,0.0
2025-02-04 11:33:00.157584,253.0
2025-02-04 11:34:00.031232,331.0
2025-02-04 11:35:00.064189,166.0
2025-02-04 11:36:00.080392,165.0
2025-02-04 11:37:00.054148,250.0
2025-02-04 11:38:00.022338,333.0
2025-02-04 11:39:00.084092,164.0
2025-02-04 11:40:00.006828,167.0
2025-02-04 11:41:00.143639,248.0
2025-02-04 11:42:00.054088,333.0
2025-02-04 11:43:00.164067,249.0
2025-02-04 11:44:00.167545,0.0
2025-02-04 11:45:00.041432,0.0
2025-02-04 11:46:00.088071,248.0
2025-02-04 11:47:00.042594,331.0
2025-02-04 11:48:00.080755,85.0
2025-02-04 11:49:00.160266,248.0
2025-02-04 11:50:00.110235,250.0
2025-02-04 11:51:00.158630,331.0
2025-02-04 11:52:00.172757,82.0
2025-02-04 11:53:00.043256,249.0
2025-02-04 11:54:00.104245,331.0
2025-02-04 11:55:00.153708,248.0
2025-02-04 11:56:00.060521,84.0
2025-02-04 11:57:00.090307,0.0
2025-02-04 11:58:00.022816,0.0
2025-02-04 11:59:00.008458,249.0
2025-02-04 12:00:00.072081,331.0
2025-02-04 12:01:00.068744,328.0
2025-02-04 12:02:00.049554,248.0
2025-02-04 12:03:00.086555,0.0
2025-02-04 12:04:00.139601,330.0
2025-02-04 12:05:00.158611,166.0
2025-02-04 12:06:00.155448,84.0
2025-02-04 12:07:00.055128,332.0
2025-02-04 12:08:00.097699,168.0
2025-02-04 12:09:00.036494,0.0
2025-02-04 12:10:00.158745,332.0
2025-02-04 12:11:00.035234,248.0
2025-02-04 12:12:00.088536,251.0
2025-02-04 12:13:00.007006,83.0
2025-02-04 12:14:00.160467,248.0
2025-02-04 12:15:00.171049,330.0
2025-02-04 12:16:00.157796,81.0
2025-02-04 12:17:00.093767,85.0
2025-02-04 12:18:00.067219,333.0
2025-02-04 12:19:00.148404,165.0
2025-02-04 12:20:00.069973,81.0
2025-02-04 12:21:00.085758,248.0
2025-02-04 12:22:00.155226,333.0
2025-02-04 12:23:00.050945,166.0
2025-02-04 12:24:00.015485,82.0
2025-02-04 12:25:00.137844,254.0
2025-02-04 12:26:00.134044,167.0
2025-02-04 12:27:00.053078,165.0
2025-02-04 12:28:00.120537,331.0
2025-02-04 12:29:00.049045,0.0
2025-02-04 12:30:00.064309,251.0
2025-02-04 12:31:00.128060,251.0
2025-02-04 12:32:00.104739,168.0
2025-02-04 12:33:00.017985,0.0
2025-02-04 12:34:00.116424,333.0
2025-02-04 12:35:00.099380,250.0
2025-02-04 12:36:00.145010,334.0
2025-02-04 12:37:00.182065,0.0
2025-02-04 12:38:00.080404,168.0
2025-02-04 12:39:00.063936,334.0
2025-02-04 12:40:00.108952,168.0
2025-02-04 12:41:00.101107,0.0
2025-02-04 12:42:00.099512,336.0
2025-02-04 12:43:00.140692,248.0
2025-02-04 12:44:00.068561,0.0
2025-02-04 12:45:00.110401,248.0
2025-02-04 12:46:00.167948,248.0
2025-02-04 12:47:00.034995,332.0
2025-02-04 12:48:00.156160,0.0
2025-02-04 12:49:00.007623,251.0
2025-02-04 12:50:00.010341,251.0
2025-02-04 12:51:00.091104,83.0
2025-02-04 12:52:00.146681,250.0
2025-02-04 12:53:00.145333,249.0
2025-02-04 12:54:00.044586,0.0
2025-02-04 12:55:00.167360,330.0
2025-02-04 12:56:00.144983,330.0
2025-02-04 12:57:00.118192,166.0
2025-02-04 12:58:00.053053,0.0
2025-02-04 12:59:00.070709,250.0
2025-02-04 13:00:00.138964,332.0
2025-02-04 13:01:00.089858,82.0
2025-02-04 13:02:00.089833,82.0
2025-02-04 13:03:00.155296,248.0
2025-02-04 13:04:00.079485,331.0
2025-02-04 13:05:00.091234,0.0
2025-02-04 13:06:00.087277,165.0
2025-02-04 13:07:00.147279,331.0
2025-02-04 13:08:00.085723,248.0
2025-02-04 13:09:00.052598,83.0
2025-02-04 13:10:00.151280,166.0
2025-02-04 13:11:00.150393,332.0
2025-02-04 13:12:00.120242,84.0
2025-02-04 13:13:00.038982,165.0
2025-02-04 13:14:00.103645,251.0
2025-02-04 13:15:00.131118,167.0
2025-02-04 13:16:00.177654,85.0
2025-02-04 13:17:00.171342,249.0
2025-02-04 13:18:00.067900,333.0
2025-02-04 13:19:00.138750,165.0
2025-02-04 13:20:00.128863,0.0
2025-02-04 13:21:00.117752,248.0
2025-02-04 13:22:00.105793,337.0
2025-02-04 13:23:00.039310,84.0
2025-02-04 13:24:00.138177,83.0
2025-02-04 13:25:00.055078,248.0
2025-02-04 13:26:00.079460,334.0
2025-02-04 13:27:00.144790,0.0
2025-02-04 13:28:00.035574,168.0
2025-02-04 13:29:00.004010,335.0
2025-02-04 13:30:00.024217,251.0
2025-02-04 13:31:00.035540,81.0
2025-02-04 13:32:00.086662,167.0
2025-02-04 13:33:00.173016,249.0
2025-02-04 13:34:00.016322,248.0
2025-02-04 13:35:00.115479,0.0
2025-02-04 13:36:00.003539,165.0
2025-02-04 13:37:00.034953,333.0
2025-02-04 13:38:00.119625,170.0
2025-02-04 13:39:00.192066,0.0
2025-02-04 13:40:00.039108,249.0
2025-02-04 13:41:00.033286,248.0
2025-02-04 13:42:00.005890,335.0
2025-02-04 13:43:00.043560,166.0
2025-02-04 13:44:00.123920,0.0
2025-02-04 13:45:00.062043,330.0
2025-02-04 13:46:00.068738,248.0
2025-02-04 13:47:00.055453,83.0
2025-02-04 13:48:00.067113,0.0
2025-02-04 13:49:00.062124,329.0
2025-02-04 13:50:00.108541,253.0
2025-02-04 13:51:00.124300,165.0
2025-02-04 13:52:00.048649,166.0
2025-02-04 13:53:00.078943,332.0
2025-02-04 13:54:00.137017,83.0
2025-02-04 13:55:00.030829,165.0
2025-02-04 13:56:00.069501,248.0
2025-02-04 13:57:00.024273,248.0
2025-02-04 13:58:00.024070,0.0
2025-02-04 13:59:00.071215,328.0
2025-02-04 14:00:00.027466,248.0
2025-02-04 14:01:00.007020,0.0
2025-02-04 14:02:00.133581,332.0
2025-02-04 14:03:00.035208,248.0
2025-02-04 14:04:00.089847,0.0
2025-02-04 14:05:00.020953,250.0
2025-02-04 14:06:00.003376,331.0
2025-02-04 14:07:00.108885,167.0
2025-02-04 14:08:00.156647,83.0
2025-02-04 14:09:00.117955,248.0
2025-02-04 14:10:00.147540,329.0
2025-02-04 14:11:00.150664,332.0
2025-02-04 14:12:00.072505,166.0
2025-02-04 14:13:00.048907,80.0
2025-02-04 14:14:00.139452,2.0
2025-02-04 14:15:00.053303,0.0
2025-02-04 14:16:00.156648,0.0
2025-02-04 14:17:00.091981,0.0
2025-02-04 14:18:00.123775,0.0
2025-02-04 14:19:00.114706,164.0
2025-02-04 14:20:00.076491,248.0
2025-02-04 14:21:00.084206,250.0
2025-02-04 14:22:00.131553,0.0
2025-02-04 14:23:00.111346,333.0
2025-02-04 14:24:00.089315,248.0
2025-02-04 14:25:00.051993,0.0
2025-02-04 14:26:00.107494,248.0
2025-02-04 14:27:00.053650,248.0
2025-02-04 14:28:00.097774,83.0
2025-02-04 14:29:00.013497,166.0
2025-02-04 14:30:00.112931,330.0
2025-02-04 14:31:00.003790,2.0
2025-02-04 14:32:00.046175,248.0
2025-02-04 14:33:00.139019,331.0
2025-02-04 14:34:00.112150,83.0
2025-02-04 14:35:00.058405,82.0
2025-02-04 14:36:00.012904,249.0
2025-02-04 14:37:00.062145,331.0
2025-02-04 14:38:00.006602,0.0
2025-02-04 14:39:00.117210,252.0
2025-02-04 14:40:00.113081,251.0
2025-02-04 14:41:00.090386,83.0
2025-02-04 14:42:00.145997,165.0
2025-02-04 14:43:00.065557,248.0
2025-02-04 14:44:00.129151,329.0
2025-02-04 14:45:00.071089,165.0
2025-02-04 14:46:00.166288,0.0
2025-02-04 14:47:00.082373,250.0
2025-02-04 14:48:00.066439,334.0
2025-02-04 14:49:00.057009,83.0
2025-02-04 14:50:00.010146,84.0
2025-02-04 14:51:00.038352,248.0
2025-02-04 14:52:00.162695,329.0
2025-02-04 14:53:00.007662,82.0
2025-02-04 14:54:00.015310,81.0
2025-02-04 14:55:00.072160,252.0
2025-02-04 14:56:00.119439,331.0
2025-02-04 14:57:00.012981,165.0
2025-02-04 14:58:00.052587,83.0
2025-02-04 14:59:00.139032,248.0
2025-02-04 15:00:00.038101,248.0
2025-02-04 15:01:00.098754,0.0
2025-02-04 15:02:00.158367,331.0
2025-02-04 15:03:00.047394,248.0
2025-02-04 15:04:00.149809,0.0
2025-02-04 15:05:00.119818,250.0
2025-02-04 15:06:00.018724,328.0
2025-02-04 15:07:00.131812,80.0
2025-02-04 15:08:00.060957,252.0
2025-02-04 15:09:00.015716,248.0
2025-02-04 15:10:00.143633,80.0
2025-02-04 15:11:00.177580,168.0
2025-02-04 15:12:00.113832,250.0
2025-02-04 15:13:00.141582,251.0
2025-02-04 15:14:00.139713,0.0
2025-02-04 15:15:00.036557,333.0
2025-02-04 15:16:00.056328,251.0
2025-02-04 15:17:00.099886,0.0
2025-02-04 15:18:00.028664,333.0
2025-02-04 15:19:00.032219,250.0
2025-02-04 15:20:00.019269,0.0
2025-02-04 15:21:00.164616,332.0
2025-02-04 15:22:00.042947,250.0
2025-02-04 15:23:00.143855,82.0
2025-02-04 15:24:00.047660,334.0
2025-02-04 15:25:00.132827,166.0
2025-02-04 15:26:00.130495,0.0
2025-02-04 15:27:00.163816,335.0
2025-02-04 15:28:00.051084,251.0
2025-02-04 15:29:00.151761,83.0
2025-02-04 15:30:00.038616,250.0
2025-02-04 15:31:00.014873,334.0
2025-02-04 15:32:00.097720,0.0
2025-02-04 15:33:00.140446,251.0
2025-02-04 15:34:00.049240,252.0
2025-02-04 15:35:00.083792,83.0
2025-02-04 15:36:00.120785,249.0
2025-02-04 15:37:00.098281,250.0
2025-02-04 15:38:00.051088,83.0
2025-02-04 15:39:00.084338,253.0
2025-02-04 15:40:00.029816,251.0
2025-02-04 15:41:00.114549,85.0
2025-02-04 15:42:00.170533,168.0
2025-02-04 15:43:00.055010,334.0
2025-02-04 15:44:00.085217,84.0
2025-02-04 15:45:00.080713,249.0
2025-02-04 15:46:00.110993,251.0
2025-02-04 15:47:00.167046,85.0
2025-02-04 15:48:00.189277,251.0
2025-02-04 15:49:00.105812,252.0
2025-02-04 15:50:00.006017,83.0
2025-02-04 15:51:00.154028,248.0
2025-02-04 15:52:00.037963,249.0
2025-02-04 15:53:00.080327,84.0
2025-02-04 15:54:00.036548,252.0
2025-02-04 15:55:00.067730,252.0
2025-02-04 15:56:00.098122,168.0
2025-02-04 15:57:00.027835,166.0
2025-02-04 15:58:00.010390,251.0
2025-02-04 15:59:00.027305,83.0
2025-02-04 16:00:00.117008,252.0
2025-02-04 16:01:00.113337,251.0
2025-02-04 16:02:00.178486,168.0
2025-02-04 16:03:00.015501,81.0
2025-02-04 16:04:00.150879,252.0
2025-02-04 16:05:00.112066,336.0
2025-02-04 16:06:00.088932,251.0
2025-02-04 16:07:00.155652,0.0
2025-02-04 16:08:00.073808,166.0
2025-02-04 16:09:00.041109,336.0
2025-02-04 16:10:00.055222,250.0
2025-02-04 16:11:00.129072,0.0
2025-02-04 16:12:00.131862,333.0
2025-02-04 16:13:00.093385,332.0
2025-02-04 16:14:00.061596,253.0
2025-02-04 16:15:00.070016,0.0
2025-02-04 16:16:00.004793,251.0
2025-02-04 16:17:00.125701,335.0
2025-02-04 16:18:00.010757,249.0
2025-02-04 16:19:00.121051,167.0
2025-02-04 16:20:00.117093,0.0
2025-02-04 16:21:00.141726,334.0
2025-02-04 16:22:00.065858,253.0
2025-02-04 16:23:00.150104,333.0
2025-02-04 16:24:00.160658,251.0
2025-02-04 16:25:00.159585,0.0
2025-02-04 16:26:00.132442,251.0
2025-02-04 16:27:00.058371,251.0
2025-02-04 16:28:00.048265,333.0
2025-02-04 16:29:00.021522,250.0
2025-02-04 16:30:00.060562,0.0
2025-02-04 16:31:00.006468,251.0
2025-02-04 16:32:00.089829,334.0
2025-02-04 16:33:00.050265,165.0
2025-02-04 16:34:00.076139,333.0
2025-02-04 16:35:00.130239,83.0
2025-02-04 16:36:00.091825,85.0
2025-02-04 16:37:00.088849,333.0
2025-02-04 16:38:00.168463,253.0
2025-02-04 16:39:00.153950,248.0
2025-02-04 16:40:00.014254,0.0
2025-02-04 16:41:00.091201,332.0
2025-02-04 16:42:00.059018,252.0
2025-02-04 16:43:00.115029,334.0
2025-02-04 16:44:00.100749,83.0
2025-02-04 16:45:00.007975,0.0
2025-02-04 16:46:00.011676,333.0
2025-02-04 16:47:00.047636,250.0
2025-02-04 16:48:00.120019,332.0
2025-02-04 16:49:00.094539,85.0
2025-02-04 16:50:00.058366,251.0
2025-02-04 16:51:00.049379,330.0
2025-02-04 16:52:00.042030,85.0
2025-02-04 16:53:00.110662,251.0
2025-02-04 16:54:00.019018,248.0
2025-02-04 16:55:00.124614,248.0
2025-02-04 16:56:00.011534,85.0
2025-02-04 16:57:00.062255,165.0
2025-02-04 16:58:00.116319,249.0
2025-02-04 16:59:00.084418,336.0
2025-02-04 17:00:00.136651,253.0
2025-02-04 17:01:00.174351,248.0
2025-02-04 17:02:00.098426,0.0
2025-02-04 17:03:00.111539,246.0
2025-02-04 17:04:00.006054,332.0
2025-02-04 17:05:00.072398,251.0
2025-02-04 17:06:00.114808,85.0
2025-02-04 17:07:00.185896,164.0
2025-02-04 17:08:00.088086,250.0
2025-02-04 17:09:00.015595,333.0
2025-02-04 17:10:00.130723,248.0
2025-02-04 17:11:00.147659,251.0
2025-02-04 17:12:00.130350,0.0
2025-02-04 17:13:00.119828,246.0
2025-02-04 17:14:00.143672,332.0
2025-02-04 17:15:00.144225,251.0
2025-02-04 17:16:00.013590,168.0
2025-02-04 17:17:00.007825,83.0
2025-02-04 17:18:00.106031,248.0
2025-02-04 17:19:00.119792,330.0
2025-02-04 17:20:00.052698,251.0
2025-02-04 17:21:00.113649,249.0
2025-02-04 17:22:00.089987,0.0
2025-02-04 17:23:00.042795,252.0
2025-02-04 17:24:00.028610,331.0
2025-02-04 17:25:00.009591,253.0
2025-02-04 17:26:00.021139,83.0
2025-02-04 17:27:00.019353,165.0
2025-02-04 17:28:00.123894,331.0
2025-02-04 17:29:00.124901,249.0
2025-02-04 17:30:00.142509,84.0
2025-02-04 17:31:00.099047,164.0
2025-02-04 17:32:00.034727,333.0
2025-02-04 17:33:00.108185,248.0
2025-02-04 17:34:00.133089,331.0
2025-02-04 17:35:00.132161,82.0
2025-02-04 17:36:00.030805,248.0
2025-02-04 17:37:00.046643,248.0
2025-02-04 17:38:00.046229,248.0
2025-02-04 17:39:00.150442,0.0
2025-02-04 17:40:00.131063,331.0
2025-02-04 17:41:00.163878,250.0
2025-02-04 17:42:00.093371,329.0
2025-02-04 17:43:00.069549,168.0
2025-02-04 17:44:00.142334,82.0
2025-02-04 17:45:00.007760,330.0
2025-02-04 17:46:00.083133,249.0
2025-02-04 17:47:00.160329,167.0
2025-02-04 17:48:00.032314,81.0
2025-02-04 17:49:00.027720,331.0
2025-02-04 17:50:00.153291,250.0
2025-02-04 17:51:00.056259,250.0
2025-02-04 17:52:00.112208,0.0
2025-02-04 17:53:00.034667,331.0
2025-02-04 17:54:00.017408,249.0
2025-02-04 17:55:00.056159,332.0
2025-02-04 17:56:00.131006,166.0
2025-02-04 17:57:00.156289,82.0
2025-02-04 17:58:00.060360,249.0
2025-02-04 17:59:00.029733,330.0
2025-02-04 18:00:00.159830,249.0
2025-02-04 18:01:00.076551,0.0
2025-02-04 18:02:00.128319,248.0
2025-02-04 18:03:00.037539,253.0
2025-02-04 18:04:00.065436,333.0
2025-02-04 18:05:00.135642,251.0
2025-02-04 18:06:00.103877,253.0
2025-02-04 18:07:00.168415,0.0
2025-02-04 18:08:00.139202,250.0
2025-02-04 18:09:00.064226,249.0
2025-02-04 18:10:00.163565,331.0
2025-02-04 18:11:00.157943,85.0
2025-02-04 18:12:00.166570,165.0
2025-02-04 18:13:00.022853,248.0
2025-02-04 18:14:00.089502,331.0
2025-02-04 18:15:00.138995,253.0
2025-02-04 18:16:00.062215,83.0
2025-02-04 18:17:00.132447,165.0
2025-02-04 18:18:00.157643,250.0
2025-02-04 18:19:00.048767,334.0
2025-02-04 18:20:00.034153,168.0
2025-02-04 18:21:00.141161,0.0
2025-02-04 18:22:00.042606,250.0
2025-02-04 18:23:00.068668,334.0
2025-02-04 18:24:00.050834,251.0
2025-02-04 18:25:00.171006,336.0
2025-02-04 18:26:00.111331,83.0
2025-02-04 18:27:00.114206,167.0
2025-02-04 18:28:00.052191,249.0
2025-02-04 18:29:00.150876,252.0
2025-02-04 18:30:00.104372,252.0
2025-02-04 18:31:00.018353,0.0
2025-02-04 18:32:00.033784,248.0
2025-02-04 18:33:00.130107,252.0
2025-02-04 18:34:00.083456,332.0
2025-02-04 18:35:00.054559,250.0
2025-02-04 18:36:00.110709,248.0
2025-02-04 18:37:00.053086,0.0
2025-02-04 18:38:00.015040,333.0
2025-02-04 18:39:00.143708,249.0
2025-02-04 18:40:00.100896,168.0
2025-02-04 18:41:00.051208,84.0
2025-02-04 18:42:00.072748,331.0
2025-02-04 18:43:00.140369,249.0
2025-02-04 18:44:00.118395,332.0
2025-02-04 18:45:00.139631,168.0
2025-02-04 18:46:00.026298,81.0
2025-02-04 18:47:00.103810,250.0
2025-02-04 18:48:00.134981,331.0
2025-02-04 18:49:00.005207,248.0
2025-02-04 18:50:00.102917,0.0
2025-02-04 18:51:00.109152,248.0
2025-02-04 18:52:00.167278,248.0
2025-02-04 18:53:00.069884,331.0
2025-02-04 18:54:00.143428,253.0
2025-02-04 18:55:00.056891,166.0
2025-02-04 18:56:00.005015,82.0
2025-02-04 18:57:00.152140,253.0
2025-02-04 18:58:00.084531,329.0
2025-02-04 18:59:00.107051,165.0
2025-02-04 19:00:00.134785,83.0
2025-02-04 19:01:00.133613,248.0
2025-02-04 19:02:00.161219,333.0
2025-02-04 19:03:00.173433,250.0
2025-02-04 19:04:00.009786,331.0
2025-02-04 19:05:00.082782,0.0
2025-02-04 19:06:00.064461,250.0
2025-02-04 19:07:00.179565,329.0
2025-02-04 19:08:00.051128,165.0
2025-02-04 19:09:00.076331,0.0
2025-02-04 19:10:00.063911,250.0
2025-02-04 19:11:00.161408,329.0
2025-02-04 19:12:00.036500,250.0
2025-02-04 19:13:00.157504,334.0
2025-02-04 19:14:00.020252,167.0
2025-02-04 19:15:00.089600,81.0
2025-02-04 19:16:00.198275,250.0
2025-02-04 19:17:00.065782,331.0
2025-02-04 19:18:00.114035,0.0
2025-02-04 19:19:00.042416,83.0
2025-02-04 19:20:00.133687,331.0
2025-02-04 19:21:00.005921,250.0
2025-02-04 19:22:00.053898,250.0
2025-02-04 19:23:00.169688,166.0
2025-02-04 19:24:00.067067,168.0
2025-02-04 19:25:00.082879,251.0
2025-02-04 19:26:00.023074,250.0
2025-02-04 19:27:00.071742,0.0
2025-02-04 19:28:00.146429,165.0
2025-02-04 19:29:00.057765,334.0
2025-02-04 19:30:00.110449,336.0
2025-02-04 19:31:00.013756,2.0
2025-02-04 19:32:00.090694,246.0
2025-02-04 19:33:00.175584,253.0
2025-02-04 19:34:00.063882,336.0
2025-02-04 19:35:00.150128,0.0
2025-02-04 19:36:00.077283,251.0
2025-02-04 19:37:00.052988,334.0
2025-02-04 19:38:00.013898,2.0
2025-02-04 19:39:00.149020,253.0
2025-02-04 19:40:00.112693,334.0
2025-02-04 19:41:00.144970,168.0
2025-02-04 19:42:00.179925,83.0
2025-02-04 19:43:00.022561,250.0
2025-02-04 19:44:00.054611,334.0
2025-02-04 19:45:00.029942,168.0
2025-02-04 19:46:00.112187,0.0
2025-02-04 19:47:00.124138,164.0
2025-02-04 19:48:00.142375,334.0
2025-02-04 19:49:00.134949,250.0
2025-02-04 19:50:00.169960,249.0
2025-02-04 19:51:00.089395,0.0
2025-02-04 19:52:00.135597,330.0
2025-02-04 19:53:00.166806,249.0
2025-02-04 19:54:00.017704,248.0
2025-02-04 20:26:00.241184,16050318.0
2025-02-04 20:27:00.014253,0.0
2025-02-04 20:28:00.014966,0.0
2025-02-04 20:29:00.119486,0.0
2025-02-04 20:30:00.099672,0.0
2025-02-04 20:31:00.124039,0.0
2025-02-04 20:32:00.100735,0.0
2025-02-04 20:33:00.095774,0.0
2025-02-04 20:34:00.056416,0.0
2025-02-04 20:35:00.051806,0.0
2025-02-04 20:36:00.057627,0.0
2025-02-04 20:37:00.107344,0.0
2025-02-04 20:38:00.030787,0.0
2025-02-04 20:39:00.100514,0.0
2025-02-04 20:40:00.071049,0.0
2025-02-04 20:41:00.129104,0.0
2025-02-04 20:42:00.146062,0.0
2025-02-04 20:43:00.084785,0.0
2025-02-04 20:44:00.046703,0.0
2025-02-04 20:45:00.068651,0.0
2025-02-04 20:46:00.186521,0.0
2025-02-04 20:47:00.035016,0.0
2025-02-04 20:48:00.088891,0.0
2025-02-04 20:49:00.090340,0.0
2025-02-04 20:50:00.157292,0.0
2025-02-04 20:51:00.126647,0.0
2025-02-04 20:52:00.122665,0.0
2025-02-04 20:53:00.119748,0.0
2025-02-04 20:54:00.054708,0.0
2025-02-04 20:55:00.161803,0.0
2025-02-04 20:56:00.098041,0.0
2025-02-04 20:57:00.065467,0.0
2025-02-04 20:58:00.077543,0.0
2025-02-04 20:59:00.153763,0.0
2025-02-04 21:00:00.175074,0.0
2025-02-04 21:01:00.071624,0.0
2025-02-04 21:02:00.098892,0.0
2025-02-04 21:03:00.081913,0.0
2025-02-04 21:04:00.040907,0.0
2025-02-04 21:05:00.046441,0.0
2025-02-04 21:06:00.094592,0.0
2025-02-04 21:07:00.107165,0.0
2025-02-04 21:08:00.182656,0.0
2025-02-04 21:09:00.061235,0.0
2025-02-04 21:10:00.070699,0.0
2025-02-04 21:11:00.076987,0.0
2025-02-04 21:12:00.135571,191.0
2025-02-04 21:13:00.063337,248.0
2025-02-04 21:14:00.098934,331.0
2025-02-04 21:15:00.029608,250.0
2025-02-04 21:16:00.034113,336.0
2025-02-04 21:17:00.157688,248.0
2025-02-04 21:18:00.174289,332.0
2025-02-04 21:19:00.177390,248.0
2025-02-04 21:20:00.070960,333.0
2025-02-04 21:21:00.124405,163.0
2025-02-04 21:22:00.037681,0.0
2025-02-04 21:23:00.119335,252.0
2025-02-04 21:24:00.059274,332.0
2025-02-04 21:25:00.149786,0.0
2025-02-04 21:26:00.150286,85.0
2025-02-04 21:27:00.071424,330.0
2025-02-04 21:28:00.014808,83.0
2025-02-04 21:29:00.017359,82.0
2025-02-04 21:30:00.047133,331.0
2025-02-04 21:31:00.096161,83.0
2025-02-04 21:32:00.146900,0.0
2025-02-04 21:33:00.161308,248.0
2025-02-04 21:34:00.088682,250.0
2025-02-04 21:35:00.125284,0.0
2025-02-04 21:36:00.169183,251.0
2025-02-04 21:37:00.115865,249.0
2025-02-04 21:38:00.062553,0.0
2025-02-04 21:39:00.059656,250.0
2025-02-04 21:40:00.185989,165.0
2025-02-04 21:41:00.077917,81.0
2025-02-04 21:42:00.173941,332.0
2025-02-04 21:43:00.099033,251.0
2025-02-04 21:44:00.115850,85.0
2025-02-04 21:45:00.097567,249.0
2025-02-04 21:46:00.157133,251.0
2025-02-04 21:47:00.046473,252.0
2025-02-04 21:48:00.178327,83.0
2025-02-04 21:49:00.011874,251.0
2025-02-04 21:50:00.165815,333.0
2025-02-04 21:51:00.084539,85.0
2025-02-04 21:52:00.084621,168.0
2025-02-04 21:53:00.051029,332.0
2025-02-04 21:54:00.078325,252.0
2025-02-04 21:55:00.045376,0.0
2025-02-04 21:56:00.024774,168.0
2025-02-04 21:57:00.185626,331.0
2025-02-04 21:58:00.133424,249.0
2025-02-04 21:59:00.074734,247.0
2025-02-04 22:00:00.028577,0.0
2025-02-04 22:01:00.090065,334.0
2025-02-04 22:02:00.125859,248.0
2025-02-04 22:03:00.138396,331.0
2025-02-04 22:04:00.122434,0.0
2025-02-04 22:05:00.048845,250.0
2025-02-04 22:06:00.083256,248.0
2025-02-04 22:07:00.008837,330.0
2025-02-04 22:08:00.093912,0.0
2025-02-04 22:09:00.020154,166.0
2025-02-04 22:10:00.172582,331.0
2025-02-04 22:11:00.031391,248.0
2025-02-04 22:12:00.084908,163.0
2025-02-04 22:13:00.165496,84.0
2025-02-04 22:14:00.115093,331.0
2025-02-04 22:15:00.006769,249.0
2025-02-04 22:16:00.087771,248.0
2025-02-04 22:17:00.015037,85.0
2025-02-04 22:18:00.167453,248.0
2025-02-04 22:19:00.085838,328.0
2025-02-04 22:20:00.082196,250.0
2025-02-04 22:21:00.079121,0.0
2025-02-04 22:22:00.059565,168.0
2025-02-04 22:23:00.126459,331.0
2025-02-04 22:24:00.021664,246.0
2025-02-04 22:25:00.101528,335.0
2025-02-04 22:26:00.042560,0.0
2025-02-04 22:27:00.168614,249.0
2025-02-04 22:28:00.126401,330.0
2025-02-04 22:29:00.102701,165.0
2025-02-04 22:30:00.161910,163.0
2025-02-04 22:31:00.011818,248.0
2025-02-04 22:32:00.181195,326.0
2025-02-04 22:33:00.122883,2.0
2025-02-04 22:34:00.064310,246.0
2025-02-04 22:35:00.086997,252.0
2025-02-04 22:36:00.141082,246.0
2025-02-04 22:37:00.135811,163.0
2025-02-04 22:38:00.130559,251.0
2025-02-04 22:39:00.018589,333.0
2025-02-04 22:40:00.078808,0.0
2025-02-04 22:41:00.142040,250.0
2025-02-04 22:42:00.118774,331.0
2025-02-04 22:43:00.131376,166.0
2025-02-04 22:44:00.157223,82.0
2025-02-04 22:45:00.141799,246.0
2025-02-04 22:46:00.143173,332.0
2025-02-04 22:47:00.137455,249.0
2025-02-04 22:48:00.100225,0.0
2025-02-04 22:49:00.132085,331.0
2025-02-04 22:50:00.089459,250.0
2025-02-04 22:51:00.182575,166.0
2025-02-04 22:52:00.033955,167.0
2025-02-04 22:53:00.153967,328.0
2025-02-04 22:54:00.021263,83.0
2025-02-04 22:55:00.073902,165.0
2025-02-04 22:56:00.128719,333.0
2025-02-04 22:57:00.119475,249.0
2025-02-04 22:58:00.043297,165.0
2025-02-04 22:59:00.148109,83.0
2025-02-04 23:00:00.065162,333.0
2025-02-04 23:01:00.008216,246.0
2025-02-04 23:02:00.084757,165.0
2025-02-04 23:03:00.063300,167.0
2025-02-04 23:04:00.090889,334.0
2025-02-04 23:05:00.145214,82.0
2025-02-04 23:06:00.060286,248.0
2025-02-04 23:07:00.068773,331.0
2025-02-04 23:08:00.189638,0.0
2025-02-04 23:09:00.003404,336.0
2025-02-04 23:10:00.114166,248.0
2025-02-04 23:11:00.018028,166.0
2025-02-04 23:12:00.130324,250.0
2025-02-04 23:13:00.164027,165.0
2025-02-04 23:14:00.134441,166.0
2025-02-04 23:15:00.148748,248.0
2025-02-04 23:16:00.066521,331.0
2025-02-04 23:17:00.013162,165.0
2025-02-04 23:18:00.057154,0.0
2025-02-04 23:19:00.154472,331.0
2025-02-04 23:20:00.101946,251.0
2025-02-04 23:21:00.020608,167.0
2025-02-04 23:22:00.066121,251.0
2025-02-04 23:23:00.093506,248.0
2025-02-04 23:24:00.089306,331.0
2025-02-04 23:25:00.046837,0.0
2025-02-04 23:26:00.044664,168.0
2025-02-04 23:27:00.062475,330.0
2025-02-04 23:28:00.160533,248.0
2025-02-04 23:29:00.158574,165.0
2025-02-04 23:30:00.158783,83.0
2025-02-04 23:31:00.068284,331.0
2025-02-04 23:32:00.069108,330.0
2025-02-04 23:33:00.003640,164.0
2025-02-04 23:34:00.146443,0.0
2025-02-04 23:35:00.159872,333.0
2025-02-04 23:36:00.136467,248.0
2025-02-04 23:37:00.126746,248.0
2025-02-04 23:38:00.049907,83.0
2025-02-04 23:39:00.120980,332.0
2025-02-04 23:40:00.108763,248.0
2025-02-04 23:41:00.055503,248.0
2025-02-04 23:42:00.039889,0.0
2025-02-04 23:43:00.150413,331.0
2025-02-04 23:44:00.215126,248.0
2025-02-04 23:45:00.079433,166.0
2025-02-04 23:46:00.144149,82.0
2025-02-04 23:47:00.138959,331.0
2025-02-04 23:48:00.020103,250.0
2025-02-04 23:49:00.086810,331.0
2025-02-04 23:50:00.172543,0.0
2025-02-04 23:51:00.165591,168.0
2025-02-04 23:52:00.041667,331.0
2025-02-04 23:53:00.169390,250.0
2025-02-04 23:54:00.173583,83.0
2025-02-04 23:55:00.011943,251.0
2025-02-04 23:56:00.003694,250.0
2025-02-04 23:57:00.047601,331.0
2025-02-04 23:58:00.030276,85.0
2025-02-04 23:59:00.040952,84.0
2025-02-05 00:00:00.175043,332.0
2025-02-05 00:01:00.119621,249.0
2025-02-05 00:02:00.170966,331.0
2025-02-05 00:03:00.082400,82.0
2025-02-05 00:04:00.165116,166.0
2025-02-05 00:05:00.107665,248.0
2025-02-05 00:06:00.079295,332.0
2025-02-05 00:07:00.094086,84.0
2025-02-05 00:08:00.176857,84.0
2025-02-05 00:09:00.137467,329.0
2025-02-05 00:10:00.141803,250.0
2025-02-05 00:11:00.179224,85.0
2025-02-05 00:12:00.142899,166.0
2025-02-05 00:13:00.087081,331.0
2025-02-05 00:14:00.068633,253.0
2025-02-05 00:15:00.075672,334.0
2025-02-05 00:16:00.165252,0.0
2025-02-05 00:17:00.030762,250.0
2025-02-05 00:18:00.165620,250.0
2025-02-05 00:19:00.189632,251.0
2025-02-05 00:20:00.060223,85.0
2025-02-05 00:21:00.166695,84.0
2025-02-05 00:22:00.140152,330.0
2025-02-05 00:23:00.063763,251.0
2025-02-05 00:24:00.142944,331.0
2025-02-05 00:25:00.034955,248.0
2025-02-05 00:26:00.167669,84.0
2025-02-05 00:27:00.169454,168.0
2025-02-05 00:28:00.106773,246.0
2025-02-05 00:29:00.166287,333.0
2025-02-05 00:30:00.138233,83.0
2025-02-05 00:31:00.041968,170.0
2025-02-05 00:32:00.025419,251.0
2025-02-05 00:33:00.106707,248.0
2025-02-05 00:34:00.154922,83.0
2025-02-05 00:35:00.040793,250.0
2025-02-05 00:36:00.088400,334.0
2025-02-05 00:37:00.142362,246.0
2025-02-05 00:38:00.084025,167.0
2025-02-05 00:39:00.046121,163.0
2025-02-05 00:40:00.177110,250.0
2025-02-05 00:41:00.122506,329.0
2025-02-05 00:42:00.143662,0.0
2025-02-05 00:43:00.040092,167.0
2025-02-05 00:44:00.139508,332.0
2025-02-05 00:45:00.069714,250.0
2025-02-05 00:46:00.099359,165.0
2025-02-05 00:47:00.046744,0.0
2025-02-05 00:48:00.050947,248.0
2025-02-05 00:49:00.060297,333.0
2025-02-05 00:50:00.062932,249.0
2025-02-05 00:51:00.089521,331.0
2025-02-05 00:52:00.111932,84.0
2025-02-05 00:53:00.075973,166.0
2025-02-05 00:54:00.095298,334.0
2025-02-05 00:55:00.044711,250.0
2025-02-05 00:56:00.082776,83.0
2025-02-05 00:57:00.174741,167.0
2025-02-05 00:58:00.033312,249.0
2025-02-05 00:59:00.093900,331.0
2025-02-05 01:00:00.180600,0.0
2025-02-05 01:01:00.073365,335.0
2025-02-05 01:02:00.115512,251.0
2025-02-05 01:03:00.159104,333.0
2025-02-05 01:04:00.015973,0.0
2025-02-05 01:05:00.122308,251.0
2025-02-05 01:06:00.077749,333.0
2025-02-05 01:07:00.048150,168.0
2025-02-05 01:08:00.017466,83.0
2025-02-05 01:09:00.104198,250.0
2025-02-05 01:10:00.125277,334.0
2025-02-05 01:11:00.069495,85.0
2025-02-05 01:12:00.085687,165.0
2025-02-05 01:13:00.154707,252.0
2025-02-05 01:14:00.087852,333.0
2025-02-05 01:15:00.176422,250.0
2025-02-05 01:16:00.145407,165.0
2025-02-05 01:17:00.030784,84.0
2025-02-05 01:18:00.060383,253.0
2025-02-05 01:19:00.183218,333.0
2025-02-05 01:20:00.099598,166.0
2025-02-05 01:21:00.098115,84.0
2025-02-05 01:22:00.017729,249.0
2025-02-05 01:23:00.003936,331.0
2025-02-05 01:24:00.008803,167.0
2025-02-05 01:25:00.104314,85.0
2025-02-05 01:26:00.077759,248.0
2025-02-05 01:27:00.087909,332.0
2025-02-05 01:28:00.046946,84.0
2025-02-05 01:29:00.092704,166.0
2025-02-05 01:30:00.070622,333.0
2025-02-05 01:31:00.094291,248.0
2025-02-05 01:32:00.061257,331.0
2025-02-05 01:33:00.082640,0.0
2025-02-05 01:34:00.120851,251.0
2025-02-05 01:35:00.051193,333.0
2025-02-05 01:36:00.080294,166.0
2025-02-05 01:37:00.129704,84.0
2025-02-05 01:38:00.103823,249.0
2025-02-05 01:39:00.100500,333.0
2025-02-05 01:40:00.105789,168.0
2025-02-05 01:41:00.028648,82.0
2025-02-05 01:42:00.072692,249.0
2025-02-05 01:43:00.065463,333.0
2025-02-05 01:44:00.013538,83.0
2025-02-05 01:45:00.160110,170.0
2025-02-05 01:46:00.039722,249.0
2025-02-05 01:47:00.113160,333.0
2025-02-05 01:48:00.022535,83.0
2025-02-05 01:49:00.083546,84.0
2025-02-05 01:50:00.027066,331.0
2025-02-05 01:51:00.087573,249.0
2025-02-05 01:52:00.104847,167.0
2025-02-05 01:53:00.131886,165.0
2025-02-05 01:54:00.122130,331.0
2025-02-05 01:55:00.129031,165.0
2025-02-05 01:56:00.143949,83.0
2025-02-05 01:57:00.003538,251.0
2025-02-05 01:58:00.157476,331.0
2025-02-05 01:59:00.142608,250.0
2025-02-05 02:00:00.010146,0.0
2025-02-05 02:01:00.045628,249.0
2025-02-05 02:02:00.043405,332.0
2025-02-05 02:03:00.018957,248.0
2025-02-05 02:04:00.079046,0.0
2025-02-05 02:05:00.061626,334.0
2025-02-05 02:06:00.181587,250.0
2025-02-05 02:07:00.112437,166.0
2025-02-05 02:08:00.152777,246.0
2025-02-05 02:09:00.075122,167.0
2025-02-05 02:10:00.037729,83.0
2025-02-05 02:11:00.121269,330.0
2025-02-05 02:12:00.044164,249.0
2025-02-05 02:13:00.088215,330.0
2025-02-05 02:14:00.053240,0.0
2025-02-05 02:15:00.066055,85.0
2025-02-05 02:16:00.158812,332.0
2025-02-05 02:17:00.097088,247.0
2025-02-05 02:18:00.119832,329.0
2025-02-05 02:19:00.162012,167.0
2025-02-05 02:20:00.005299,0.0
2025-02-05 02:21:00.028325,249.0
2025-02-05 02:22:00.094505,330.0
2025-02-05 02:23:00.152457,248.0
2025-02-05 02:24:00.194659,248.0
2025-02-05 02:25:00.077100,0.0
2025-02-05 02:26:00.174454,250.0
2025-02-05 02:27:00.052265,248.0
2025-02-05 02:28:00.177537,329.0
2025-02-05 02:29:00.033289,250.0
2025-02-05 02:30:00.141633,0.0
2025-02-05 02:31:00.085629,166.0
2025-02-05 02:32:00.091916,333.0
2025-02-05 02:33:00.066761,248.0
2025-02-05 02:34:00.069476,331.0
2025-02-05 02:35:00.149723,0.0
2025-02-05 02:36:00.033965,333.0
2025-02-05 02:37:00.096142,248.0
2025-02-05 02:38:00.161361,248.0
2025-02-05 02:39:00.054343,0.0
2025-02-05 02:40:00.091152,250.0
2025-02-05 02:41:00.055078,332.0
2025-02-05 02:42:00.055821,250.0
2025-02-05 02:43:00.045466,0.0
2025-02-05 02:44:00.091279,250.0
2025-02-05 02:45:00.149615,331.0
2025-02-05 02:46:00.103430,333.0
2025-02-05 02:47:00.098920,83.0
2025-02-05 02:48:00.055645,81.0
2025-02-05 02:49:00.048025,250.0
2025-02-05 02:50:00.023212,333.0
2025-02-05 02:51:00.034252,249.0
2025-02-05 02:52:00.099308,0.0
2025-02-05 02:53:00.004787,168.0
2025-02-05 02:54:00.072434,332.0
2025-02-05 02:55:00.090255,249.0
2025-02-05 02:56:00.092704,331.0
2025-02-05 02:57:00.133699,80.0
2025-02-05 02:58:00.111196,0.0
2025-02-05 02:59:00.115839,332.0
2025-02-05 03:00:00.117457,331.0
2025-02-05 03:01:00.142481,249.0
2025-02-05 03:02:00.033515,167.0
2025-02-05 03:03:00.134363,0.0
2025-02-05 03:04:00.090714,333.0
2025-02-05 03:05:00.157729,248.0
2025-02-05 03:06:00.122417,331.0
2025-02-05 03:07:00.106245,166.0
2025-02-05 03:08:00.137581,82.0
2025-02-05 03:09:00.033499,331.0
2025-02-05 03:10:00.073680,250.0
2025-02-05 03:11:00.081516,163.0
2025-02-05 03:12:00.118070,81.0
2025-02-05 03:13:00.054847,250.0
2025-02-05 03:14:00.109287,331.0
2025-02-05 03:15:00.026691,248.0
2025-02-05 03:16:00.106216,83.0
2025-02-05 03:17:00.089537,167.0
2025-02-05 03:18:00.047793,329.0
2025-02-05 03:19:00.139317,248.0
2025-02-05 03:20:00.046087,84.0
2025-02-05 03:21:00.064087,248.0
2025-02-05 03:22:00.150813,248.0
2025-02-05 03:23:00.166678,168.0
2025-02-05 03:24:00.169899,166.0
2025-02-05 03:25:00.074749,331.0
2025-02-05 03:26:00.131665,248.0
2025-02-05 03:27:00.012392,167.0
2025-02-05 03:28:00.144505,0.0
2025-02-05 03:29:00.015818,332.0
2025-02-05 03:30:00.184549,252.0
2025-02-05 03:31:00.084176,332.0
2025-02-05 03:32:00.129071,0.0
2025-02-05 03:33:00.082142,250.0
2025-02-05 03:34:00.112387,248.0
2025-02-05 03:35:00.144417,333.0
2025-02-05 03:36:00.122459,81.0
2025-02-05 03:37:00.073968,168.0
2025-02-05 03:38:00.178768,248.0
2025-02-05 03:39:00.128533,330.0
2025-02-05 03:40:00.181627,165.0
2025-02-05 03:41:00.081016,0.0
2025-02-05 03:42:00.071089,249.0
2025-02-05 03:43:00.136427,330.0
2025-02-05 03:44:00.165932,250.0
2025-02-05 03:45:00.157341,331.0
2025-02-05 03:46:00.131524,0.0
2025-02-05 03:47:00.100060,249.0
2025-02-05 03:48:00.169206,247.0
2025-02-05 03:49:00.133481,248.0
2025-02-05 03:50:00.143198,83.0
2025-02-05 03:51:00.173700,333.0
2025-02-05 03:52:00.097742,248.0
2025-02-05 03:53:00.010275,0.0
2025-02-05 03:54:00.061784,331.0
2025-02-05 03:55:00.038326,248.0
2025-02-05 03:56:00.171059,253.0
2025-02-05 03:57:00.045437,248.0
2025-02-05 03:58:00.085893,0.0
2025-02-05 03:59:00.133335,248.0
2025-02-05 04:00:00.088682,331.0
2025-02-05 04:01:00.143624,248.0
2025-02-05 04:02:00.041236,0.0
2025-02-05 04:03:00.027435,250.0
2025-02-05 04:04:00.079674,331.0
2025-02-05 04:05:00.151493,248.0
2025-02-05 04:06:00.128175,83.0
2025-02-05 04:07:00.127547,166.0
2025-02-05 04:08:00.159222,332.0
2025-02-05 04:09:00.077410,332.0
2025-02-05 04:10:00.053694,0.0
2025-02-05 04:11:00.174517,84.0
2025-02-05 04:12:00.047247,332.0
2025-02-05 04:13:00.096917,248.0
2025-02-05 04:14:00.139656,332.0
2025-02-05 04:15:00.085199,164.0
2025-02-05 04:16:00.098178,85.0
2025-02-05 04:17:00.145063,333.0
2025-02-05 04:18:00.031730,248.0
2025-02-05 04:19:00.104532,166.0
2025-02-05 04:20:00.127595,84.0
2025-02-05 04:21:00.094927,249.0
2025-02-05 04:22:00.095707,331.0
2025-02-05 04:23:00.144996,170.0
2025-02-05 04:24:00.191874,331.0
2025-02-05 04:25:00.074063,0.0
2025-02-05 04:26:00.047246,170.0
2025-02-05 04:27:00.150291,333.0
2025-02-05 04:28:00.012651,251.0
2025-02-05 04:29:00.153869,168.0
2025-02-05 04:30:00.003451,83.0
2025-02-05 04:31:00.059765,334.0
2025-02-05 04:32:00.149144,250.0
2025-02-05 04:33:00.021904,168.0
2025-02-05 04:34:00.107131,82.0
2025-02-05 04:35:00.190088,334.0
2025-02-05 04:36:00.068469,250.0
2025-02-05 04:37:00.061694,83.0
2025-02-05 04:38:00.108608,251.0
2025-02-05 04:39:00.064217,248.0
2025-02-05 04:40:00.122415,331.0
2025-02-05 04:41:00.006395,85.0
2025-02-05 04:42:00.042828,82.0
2025-02-05 04:43:00.044323,331.0
2025-02-05 04:44:00.172025,249.0
2025-02-05 04:45:00.182345,165.0
2025-02-05 04:46:00.092666,82.0
2025-02-05 04:47:00.163719,249.0
2025-02-05 04:48:00.013004,333.0
2025-02-05 04:49:00.160142,250.0
2025-02-05 04:50:00.146982,0.0
2025-02-05 04:51:00.095314,249.0
2025-02-05 04:52:00.092004,335.0
2025-02-05 04:53:00.148375,251.0
2025-02-05 04:54:00.166479,0.0
2025-02-05 04:55:00.028060,334.0
2025-02-05 04:56:00.061571,252.0
2025-02-05 04:57:00.092803,83.0
2025-02-05 04:58:00.093020,253.0
2025-02-05 04:59:00.117336,331.0
2025-02-05 05:00:00.034173,0.0
2025-02-05 05:01:00.136503,334.0
2025-02-05 05:02:00.005389,250.0
2025-02-05 05:03:00.175642,83.0
2025-02-05 05:04:00.048396,166.0
2025-02-05 05:05:00.021560,332.0
2025-02-05 05:06:00.011031,251.0
2025-02-05 05:07:00.063311,83.0
2025-02-05 05:08:00.117268,166.0
2025-02-05 05:09:00.140030,252.0
2025-02-05 05:10:00.120533,336.0
2025-02-05 05:11:00.185545,0.0
2025-02-05 05:12:00.060189,252.0
2025-02-05 05:13:00.060737,330.0
2025-02-05 05:14:00.046547,166.0
2025-02-05 05:15:00.164526,84.0
2025-02-05 05:16:00.076196,332.0
2025-02-05 05:17:00.059933,248.0
2025-02-05 05:18:00.030355,164.0
2025-02-05 05:19:00.126822,0.0
2025-02-05 05:20:00.113002,249.0
2025-02-05 05:21:00.106394,333.0
2025-02-05 05:22:00.092639,248.0
2025-02-05 05:23:00.077341,166.0
2025-02-05 05:24:00.076619,85.0
2025-02-05 05:25:00.049145,335.0
2025-02-05 05:26:00.088065,248.0
2025-02-05 05:27:00.171933,166.0
2025-02-05 05:28:00.050539,82.0
2025-02-05 05:29:00.114465,248.0
2025-02-05 05:30:00.006778,329.0
2025-02-05 05:31:00.062106,250.0
2025-02-05 05:32:00.132435,0.0
2025-02-05 05:33:00.009280,251.0
2025-02-05 05:34:00.065910,334.0
2025-02-05 05:35:00.059431,167.0
2025-02-05 05:36:00.106304,83.0
2025-02-05 05:37:00.129202,251.0
2025-02-05 05:38:00.060786,333.0
2025-02-05 05:39:00.080789,333.0
2025-02-05 05:40:00.021936,1.0
2025-02-05 05:41:00.141033,165.0
2025-02-05 05:42:00.083092,331.0
2025-02-05 05:43:00.099448,165.0
2025-02-05 05:44:00.099060,82.0
2025-02-05 05:45:00.162379,331.0
2025-02-05 05:46:00.058094,251.0
2025-02-05 05:47:00.131547,0.0
2025-02-05 05:48:00.112461,248.0
2025-02-05 05:49:00.036225,331.0
2025-02-05 05:50:00.056327,250.0
2025-02-05 05:51:00.119804,251.0
2025-02-05 05:52:00.003516,0.0
2025-02-05 05:53:00.048007,333.0
2025-02-05 05:54:00.134769,168.0
2025-02-05 05:55:00.011176,0.0
2025-02-05 05:56:00.053383,83.0
2025-02-05 05:57:00.125348,250.0
2025-02-05 05:58:00.143331,0.0
2025-02-05 05:59:00.143657,85.0
2025-02-05 06:00:00.141732,332.0
2025-02-05 06:01:00.150464,248.0
2025-02-05 06:02:00.114209,165.0
2025-02-05 06:03:00.119949,0.0
2025-02-05 06:04:00.151169,335.0
2025-02-05 06:05:00.138873,252.0
2025-02-05 06:06:00.075712,0.0
2025-02-05 06:07:00.135519,165.0
2025-02-05 06:08:00.158730,331.0
2025-02-05 06:09:00.117145,85.0
2025-02-05 06:10:00.102583,83.0
2025-02-05 06:11:00.123456,333.0
2025-02-05 06:12:00.126379,248.0
2025-02-05 06:13:00.069927,0.0
2025-02-05 06:14:00.056317,251.0
2025-02-05 06:15:00.117178,248.0
2025-02-05 06:16:00.164589,0.0
2025-02-05 06:17:00.030923,250.0
2025-02-05 06:18:00.145092,250.0
2025-02-05 06:19:00.055696,81.0
2025-02-05 06:20:00.107147,83.0
2025-02-05 06:21:00.152447,252.0
2025-02-05 06:22:00.057415,248.0
2025-02-05 06:23:00.091662,0.0
2025-02-05 06:24:00.048439,0.0
2025-02-05 06:25:00.094062,0.0
2025-02-05 06:26:00.128171,0.0
2025-02-05 06:27:00.023771,0.0
2025-02-05 06:28:00.043353,331.0
2025-02-05 06:29:00.091507,248.0
2025-02-05 06:30:00.119426,333.0
2025-02-05 06:31:00.039918,331.0
2025-02-05 06:32:00.169513,249.0
2025-02-05 06:33:00.129410,332.0
2025-02-05 06:34:00.094005,0.0
2025-02-05 06:35:00.135836,0.0
2025-02-05 06:36:00.136159,81.0
2025-02-05 06:37:00.084685,0.0
2025-02-05 06:38:00.110080,0.0
2025-02-05 06:39:00.138901,165.0
2025-02-05 06:40:00.135500,0.0
2025-02-05 06:41:00.108057,83.0
2025-02-05 06:42:00.148164,250.0
2025-02-05 06:43:00.024595,331.0
2025-02-05 06:44:00.084007,250.0
2025-02-05 06:45:00.124352,334.0
2025-02-05 06:46:00.056115,248.0
2025-02-05 06:47:00.102766,331.0
2025-02-05 06:48:00.146125,250.0
2025-02-05 06:49:00.169379,329.0
2025-02-05 06:50:00.122119,252.0
2025-02-05 06:51:00.134762,249.0
2025-02-05 06:52:00.198769,0.0
2025-02-05 06:53:00.118092,248.0
2025-02-05 06:54:00.112393,250.0
2025-02-05 06:55:00.054753,83.0
2025-02-05 06:56:00.097583,165.0
2025-02-05 06:57:00.058366,333.0
2025-02-05 06:58:00.167299,83.0
2025-02-05 06:59:00.120554,81.0
2025-02-05 07:00:00.061494,330.0
2025-02-05 07:01:00.034511,83.0
2025-02-05 07:02:00.034845,168.0
2025-02-05 07:03:00.004970,331.0
2025-02-05 07:04:00.060428,84.0
2025-02-05 07:05:00.079892,81.0
2025-02-05 07:06:00.168999,335.0
2025-02-05 07:07:00.010356,166.0
2025-02-05 07:08:00.085603,0.0
2025-02-05 07:09:00.153766,251.0
2025-02-05 07:10:00.017360,250.0
2025-02-05 07:11:00.111528,83.0
2025-02-05 07:12:00.003153,248.0
2025-02-05 07:13:00.011679,165.0
2025-02-05 07:14:00.151593,83.0
2025-02-05 07:15:00.113570,331.0
2025-02-05 07:16:00.164787,85.0
2025-02-05 07:17:00.078661,166.0
2025-02-05 07:18:00.148805,332.0
2025-02-05 07:19:00.037441,0.0
2025-02-05 07:20:00.120390,84.0
2025-02-05 07:21:00.027203,252.0
2025-02-05 07:22:00.082455,331.0
2025-02-05 07:23:00.038140,0.0
2025-02-05 07:24:00.156073,166.0
2025-02-05 07:25:00.042825,331.0
2025-02-05 07:26:00.139789,0.0
2025-02-05 07:27:00.090326,250.0
2025-02-05 07:28:00.105284,248.0
2025-02-05 07:29:00.076119,83.0
2025-02-05 07:30:00.011016,331.0
2025-02-05 07:31:00.085008,85.0
2025-02-05 07:32:00.120667,0.0
2025-02-05 07:33:00.186323,331.0
2025-02-05 07:34:00.010932,250.0
2025-02-05 07:35:00.108282,0.0
2025-02-05 07:36:00.022703,248.0
2025-02-05 07:37:00.057557,253.0
2025-02-05 07:38:00.068337,83.0
2025-02-05 07:39:00.118836,166.0
2025-02-05 07:40:00.016327,250.0
2025-02-05 07:41:00.183300,330.0
2025-02-05 07:42:00.165723,83.0
2025-02-05 07:43:00.026382,166.0
2025-02-05 07:44:00.064850,251.0
2025-02-05 07:45:00.163990,335.0
2025-02-05 07:46:00.164766,83.0
2025-02-05 07:47:00.148418,165.0
2025-02-05 07:48:00.062962,248.0
2025-02-05 07:49:00.069432,329.0
2025-02-05 07:50:00.043055,248.0
2025-02-05 07:51:00.027705,0.0
2025-02-05 07:52:00.141902,332.0
2025-02-05 07:53:00.038260,249.0
2025-02-05 07:54:00.079359,167.0
2025-02-05 07:55:00.036683,83.0
2025-02-05 07:56:00.037305,331.0
2025-02-05 07:57:00.039920,250.0
2025-02-05 07:58:00.058274,168.0
2025-02-05 07:59:00.080002,81.0
2025-02-05 08:00:00.105987,331.0
2025-02-05 08:01:00.071107,248.0
2025-02-05 08:02:00.036995,167.0
2025-02-05 08:03:00.065002,83.0
2025-02-05 08:04:00.044762,250.0
2025-02-05 08:05:00.093872,331.0
2025-02-05 08:06:00.014528,83.0
2025-02-05 08:07:00.021695,83.0
2025-02-05 08:08:00.046703,0.0
2025-02-05 08:09:00.068365,0.0
2025-02-05 08:10:00.029669,331.0
2025-02-05 08:11:00.139189,332.0
2025-02-05 08:12:00.102247,251.0
2025-02-05 08:13:00.134556,249.0
2025-02-05 08:14:00.130317,330.0
2025-02-05 08:15:00.055521,331.0
2025-02-05 08:16:00.154138,247.0
2025-02-05 08:17:00.168155,334.0
2025-02-05 08:18:00.137233,248.0
2025-02-05 08:19:00.065504,82.0
2025-02-05 08:20:00.099607,166.0
2025-02-05 08:21:00.152807,246.0
2025-02-05 08:22:00.006775,328.0
2025-02-05 08:23:00.159232,165.0
2025-02-05 08:24:00.065037,82.0
2025-02-05 08:25:00.005825,246.0
2025-02-05 08:26:00.163,328.0
2025-02-05 08:27:00.066922,248.0
2025-02-05 08:28:00.099507,0.0
2025-02-05 08:29:00.007020,248.0
2025-02-05 08:30:00.163417,248.0
2025-02-05 08:31:00.043089,331.0
2025-02-05 08:32:00.116319,85.0
2025-02-05 08:33:00.104583,165.0
2025-02-05 08:34:00.061921,334.0
2025-02-05 08:35:00.115683,252.0
2025-02-05 08:36:00.073474,169.0
2025-02-05 08:37:00.049592,82.0
2025-02-05 08:38:00.161135,251.0
2025-02-05 08:39:00.170662,334.0
2025-02-05 08:40:00.091361,252.0
2025-02-05 08:41:00.049796,83.0
2025-02-05 08:42:00.052221,166.0
2025-02-05 08:43:00.039385,251.0
2025-02-05 08:44:00.113823,333.0
2025-02-05 08:45:00.115367,250.0
2025-02-05 08:46:00.106185,166.0
2025-02-05 08:47:00.103228,85.0
2025-02-05 08:48:00.109651,250.0
2025-02-05 08:49:00.115689,331.0
2025-02-05 08:50:00.180157,249.0
2025-02-05 08:51:00.099092,0.0
2025-02-05 08:52:00.107536,250.0
2025-02-05 08:53:00.129996,330.0
2025-02-05 08:54:00.041893,249.0
2025-02-05 08:55:00.010544,330.0
2025-02-05 08:56:00.039447,0.0
2025-02-05 08:57:00.148914,166.0
2025-02-05 08:58:00.191870,248.0
2025-02-05 08:59:00.154042,0.0
2025-02-05 09:00:00.112355,0.0
2025-02-05 09:01:00.091312,331.0
2025-02-05 09:02:00.152599,0.0
2025-02-05 09:03:00.170361,84.0
2025-02-05 09:04:00.093481,336.0
2025-02-05 09:05:00.181317,246.0
2025-02-05 09:06:00.141264,251.0
2025-02-05 09:07:00.024608,0.0
2025-02-05 09:08:00.058902,248.0
2025-02-05 09:09:00.128136,247.0
2025-02-05 09:10:00.083887,166.0
2025-02-05 09:11:00.154532,85.0
2025-02-05 09:12:00.147286,245.0
2025-02-05 09:13:00.084115,331.0
2025-02-05 09:14:00.057602,83.0
2025-02-05 09:15:00.008967,246.0
2025-02-05 09:16:00.040524,252.0
2025-02-05 09:17:00.033965,0.0
2025-02-05 09:18:00.105927,251.0
2025-02-05 09:19:00.143898,249.0
2025-02-05 09:20:00.034942,0.0
2025-02-05 09:21:00.100068,0.0
2025-02-05 09:22:00.035712,330.0
2025-02-05 09:23:00.047467,0.0
2025-02-05 09:24:00.154406,82.0
2025-02-05 09:25:00.154026,248.0
2025-02-05 09:26:00.061732,0.0
2025-02-05 09:27:00.162647,164.0
2025-02-05 09:28:00.053223,168.0
2025-02-05 09:29:00.165204,0.0
2025-02-05 09:30:00.042872,0.0
2025-02-05 09:31:00.129419,165.0
2025-02-05 09:32:00.003666,251.0
2025-02-05 09:33:00.111537,0.0
2025-02-05 09:34:00.175804,165.0
2025-02-05 09:35:00.028331,168.0
2025-02-05 09:36:00.133054,0.0
2025-02-05 09:37:00.023967,247.0
2025-02-05 09:38:00.070783,81.0
2025-02-05 09:39:00.143957,0.0
2025-02-05 09:40:00.050294,248.0
2025-02-05 09:41:00.147625,85.0
2025-02-05 09:42:00.119175,0.0
2025-02-05 09:43:00.031221,251.0
2025-02-05 09:44:00.134050,83.0
2025-02-05 09:45:00.073954,250.0
2025-02-05 09:46:00.123204,248.0
2025-02-05 09:47:00.131121,80.0
2025-02-05 09:48:00.069644,165.0
2025-02-05 09:49:00.141340,248.0
2025-02-05 09:50:00.119137,168.0
2025-02-05 09:51:00.074301,166.0
2025-02-05 09:52:00.047180,82.0
2025-02-05 09:53:00.118565,251.0
2025-02-05 09:54:00.147535,246.0
2025-02-05 09:55:00.024673,165.0
2025-02-05 09:56:00.107559,165.0
2025-02-05 09:57:00.131778,83.0
2025-02-05 09:58:00.098867,247.0
2025-02-05 09:59:00.060584,249.0
2025-02-05 10:00:00.103437,85.0
2025-02-05 10:01:00.090773,248.0
2025-02-05 10:02:00.194129,166.0
2025-02-05 10:03:00.052576,167.0
2025-02-05 10:04:00.091189,166.0
2025-02-05 10:05:00.150424,253.0
2025-02-05 10:06:00.076888,82.0
2025-02-05 10:07:00.089072,166.0
2025-02-05 10:08:00.022365,333.0
2025-02-05 10:09:00.026692,0.0
2025-02-05 10:10:00.066755,248.0
2025-02-05 10:11:00.114198,248.0
2025-02-05 10:12:00.132807,83.0
2025-02-05 10:13:00.055079,250.0
2025-02-05 10:14:00.077359,164.0
2025-02-05 10:15:00.176987,85.0
2025-02-05 10:16:00.062906,250.0
2025-02-05 10:17:00.052877,165.0
2025-02-05 10:18:00.068208,164.0
2025-02-05 10:19:00.058626,330.0
2025-02-05 10:20:00.027597,0.0
2025-02-05 10:21:00.049776,248.0
2025-02-05 10:22:00.117675,250.0
2025-02-05 10:23:00.036306,164.0
2025-02-05 10:24:00.025876,0.0
2025-02-05 10:25:00.053387,250.0
2025-02-05 10:26:00.047840,334.0
2025-02-05 10:27:00.068857,82.0
2025-02-05 10:28:00.079467,83.0
2025-02-05 10:29:00.158856,331.0
2025-02-05 10:30:00.018176,167.0
2025-02-05 10:31:00.145342,81.0
2025-02-05 10:32:00.041403,248.0
2025-02-05 10:33:00.003453,165.0
2025-02-05 10:34:00.192434,168.0
2025-02-05 10:35:00.013982,250.0
2025-02-05 10:36:00.067223,81.0
2025-02-05 10:37:00.156149,167.0
2025-02-05 10:38:00.186667,251.0
2025-02-05 10:39:00.057420,248.0
2025-02-05 10:40:00.151356,0.0
2025-02-05 10:41:00.125367,248.0
2025-02-05 10:42:00.083711,251.0
2025-02-05 10:43:00.124562,248.0
2025-02-05 10:44:00.123729,83.0
2025-02-05 10:45:00.054228,82.0
2025-02-05 10:46:00.109976,248.0
2025-02-05 10:47:00.151973,331.0
2025-02-05 10:48:00.108029,0.0
2025-02-05 10:49:00.138395,83.0
2025-02-05 10:50:00.179180,332.0
2025-02-05 10:51:00.145791,248.0
2025-02-05 10:52:00.140949,166.0
2025-02-05 10:53:00.103626,0.0
2025-02-05 10:54:00.076063,331.0
2025-02-05 10:55:00.142416,248.0
2025-02-05 10:56:00.010317,168.0
2025-02-05 10:57:00.055675,0.0
2025-02-05 10:58:00.096618,330.0
2025-02-05 10:59:00.033346,166.0
2025-02-05 11:00:00.057117,163.0
2025-02-05 11:01:00.135834,167.0
2025-02-05 11:02:00.114101,248.0
2025-02-05 11:03:00.084098,83.0
2025-02-05 11:04:00.021470,165.0
2025-02-05 11:05:00.083572,329.0
2025-02-05 11:06:00.011170,0.0
2025-02-05 11:07:00.164685,248.0
2025-02-05 11:08:00.175952,248.0
2025-02-05 11:09:00.040738,84.0
2025-02-05 11:10:00.104318,166.0
2025-02-05 11:11:00.147700,251.0
2025-02-05 11:12:00.055110,247.0
2025-02-05 11:13:00.016309,0.0
2025-02-05 11:14:00.084669,251.0
2025-02-05 11:15:00.012907,251.0
2025-02-05 11:16:00.100384,0.0
2025-02-05 11:17:00.180519,333.0
2025-02-05 11:18:00.066193,166.0
2025-02-05 11:19:00.012729,167.0
2025-02-05 11:20:00.073868,248.0
2025-02-05 11:21:00.010644,81.0
2025-02-05 11:22:00.090184,167.0
2025-02-05 11:23:00.116031,248.0
2025-02-05 11:24:00.087069,248.0
2025-02-05 11:25:00.008004,0.0
2025-02-05 11:26:00.020714,248.0
2025-02-05 11:27:00.085753,248.0
2025-02-05 11:28:00.171381,84.0
2025-02-05 11:29:00.076802,250.0
2025-02-05 11:30:00.068738,166.0
2025-02-05 11:31:00.075227,165.0
2025-02-05 11:32:00.197459,251.0
2025-02-05 11:33:00.052434,82.0
2025-02-05 11:34:00.075690,165.0
2025-02-05 11:35:00.014883,334.0
2025-02-05 11:36:00.047764,0.0
2025-02-05 11:37:00.127317,250.0
2025-02-05 11:38:00.102784,251.0
2025-02-05 11:39:00.135926,165.0
2025-02-05 11:40:00.081054,0.0
2025-02-05 11:41:00.016229,248.0
2025-02-05 11:42:00.034502,329.0
2025-02-05 11:43:00.066625,248.0
2025-02-05 11:44:00.007143,0.0
2025-02-05 11:45:00.135204,84.0
2025-02-05 11:46:00.131881,331.0
2025-02-05 11:47:00.064856,248.0
2025-02-05 11:48:00.055910,83.0
2025-02-05 11:49:00.097698,166.0
2025-02-05 11:50:00.165610,248.0
2025-02-05 11:51:00.069882,168.0
2025-02-05 11:52:00.089036,84.0
2025-02-05 11:53:00.124143,251.0
2025-02-05 11:54:00.139913,249.0
2025-02-05 11:55:00.082409,0.0
2025-02-05 11:56:00.131443,250.0
2025-02-05 11:57:00.079853,248.0
2025-02-05 11:58:00.152219,250.0
2025-02-05 11:59:00.131342,0.0
2025-02-05 12:00:00.028295,166.0
2025-02-05 12:01:00.078507,251.0
2025-02-05 12:02:00.118390,333.0
2025-02-05 12:03:00.033756,83.0
2025-02-05 12:04:00.026769,83.0
2025-02-05 12:05:00.006557,250.0
2025-02-05 12:06:00.017458,336.0
2025-02-05 12:07:00.057853,0.0
2025-02-05 12:08:00.135445,83.0
2025-02-05 12:09:00.179988,331.0
2025-02-05 12:10:00.175184,165.0
2025-02-05 12:11:00.098618,165.0
2025-02-05 12:12:00.033598,166.0
2025-02-05 12:13:00.017996,252.0
2025-02-05 12:14:00.046969,166.0
2025-02-05 12:15:00.061650,85.0
2025-02-05 12:16:00.068011,249.0
2025-02-05 12:17:00.090147,248.0
2025-02-05 12:18:00.120211,82.0
2025-02-05 12:19:00.025704,83.0
2025-02-05 12:20:00.070204,251.0
2025-02-05 12:21:00.184142,333.0
2025-02-05 12:22:00.049882,85.0
2025-02-05 12:23:00.149543,82.0
2025-02-05 12:24:00.057334,249.0
2025-02-05 12:25:00.044424,250.0
2025-02-05 12:26:00.131115,81.0
2025-02-05 12:27:00.011124,164.0
2025-02-05 12:28:00.040849,252.0
2025-02-05 12:29:00.108189,250.0
2025-02-05 12:30:00.011892,0.0
2025-02-05 12:31:00.183765,251.0
2025-02-05 12:32:00.020507,251.0
2025-02-05 12:33:00.124913,84.0
2025-02-05 12:34:00.048861,164.0
2025-02-05 12:35:00.131229,252.0
2025-02-05 12:36:00.074038,249.0
2025-02-05 12:37:00.137700,0.0
2025-02-05 12:38:00.069705,251.0
2025-02-05 12:39:00.145380,252.0
2025-02-05 12:40:00.146060,83.0
2025-02-05 12:41:00.151331,168.0
2025-02-05 12:42:00.051322,329.0
2025-02-05 12:43:00.111206,84.0
2025-02-05 12:44:00.122787,83.0
2025-02-05 12:45:00.008736,249.0
2025-02-05 12:46:00.035140,248.0
2025-02-05 12:47:00.029777,167.0
2025-02-05 12:48:00.104176,0.0
2025-02-05 12:49:00.184279,249.0
2025-02-05 12:50:00.159324,248.0
2025-02-05 12:51:00.109048,165.0
2025-02-05 12:52:00.085893,83.0
2025-02-05 12:53:00.083393,332.0
2025-02-05 12:54:00.003965,249.0
2025-02-05 12:55:00.072644,0.0
2025-02-05 12:56:00.157552,250.0
2025-02-05 12:57:00.118879,248.0
2025-02-05 12:58:00.075748,0.0
2025-02-05 12:59:00.138651,246.0
2025-02-05 13:00:00.154518,248.0
2025-02-05 13:01:00.039222,85.0
2025-02-05 13:02:00.018987,250.0
2025-02-05 13:03:00.105264,164.0
2025-02-05 13:04:00.171111,0.0
2025-02-05 13:05:00.005110,330.0
2025-02-05 13:06:00.087179,251.0
2025-02-05 13:07:00.159707,165.0
2025-02-05 13:08:00.021577,0.0
2025-02-05 13:09:00.009161,330.0
2025-02-05 13:10:00.021231,168.0
2025-02-05 13:11:00.079712,84.0
2025-02-05 13:12:00.049273,248.0
2025-02-05 13:13:00.166468,167.0
2025-02-05 13:14:00.152102,166.0
2025-02-05 13:15:00.118455,248.0
2025-02-05 13:16:00.115134,83.0
2025-02-05 13:17:00.045818,84.0
2025-02-05 13:18:00.009527,331.0
2025-02-05 13:19:00.070586,249.0
2025-02-05 13:20:00.170092,0.0
2025-02-05 13:21:00.152132,167.0
2025-02-05 13:22:00.152709,333.0
2025-02-05 13:23:00.170214,83.0
2025-02-05 13:24:00.080382,83.0
2025-02-05 13:25:00.075267,331.0
2025-02-05 13:26:00.098643,167.0
2025-02-05 13:27:00.083989,0.0
2025-02-05 13:28:00.159791,331.0
2025-02-05 13:29:00.069102,251.0
2025-02-05 13:30:00.180382,83.0
2025-02-05 13:31:00.087110,83.0
2025-02-05 13:32:00.156884,330.0
2025-02-05 13:33:00.095805,83.0
2025-02-05 13:34:00.007036,85.0
2025-02-05 13:35:00.130993,331.0
2025-02-05 13:36:00.117308,247.0
2025-02-05 13:37:00.117438,0.0
2025-02-05 13:38:00.082761,166.0
2025-02-05 13:39:00.173291,253.0
2025-02-05 13:40:00.079671,248.0
2025-02-05 13:41:00.034956,0.0
2025-02-05 13:42:00.051985,249.0
2025-02-05 13:43:00.030689,335.0
2025-02-05 13:44:00.003954,0.0
2025-02-05 13:45:00.124570,166.0
2025-02-05 13:46:00.125435,250.0
2025-02-05 13:47:00.076457,331.0
2025-02-05 13:48:00.152010,2.0
2025-02-05 13:49:00.016425,164.0
2025-02-05 13:50:00.030782,248.0
2025-02-05 13:51:00.073102,165.0
2025-02-05 13:52:00.161127,0.0
2025-02-05 13:53:00.102319,250.0
2025-02-05 13:54:00.174100,251.0
2025-02-05 13:55:00.052475,166.0
2025-02-05 13:56:00.140041,167.0
2025-02-05 13:57:00.128961,251.0
2025-02-05 13:58:00.175007,165.0
2025-02-05 13:59:00.157506,83.0
2025-02-05 14:00:00.030013,334.0
2025-02-05 14:01:00.022283,250.0
2025-02-05 14:02:00.024350,251.0
2025-02-05 14:03:00.121069,0.0
2025-02-05 14:04:00.116812,165.0
2025-02-05 14:05:00.010625,334.0
2025-02-05 14:06:00.211415,248.0
2025-02-05 14:07:00.063321,333.0
2025-02-05 14:08:00.061336,167.0
2025-02-05 14:09:00.155402,0.0
2025-02-05 14:10:00.144266,251.0
2025-02-05 14:11:00.053213,336.0
2025-02-05 14:12:00.175637,249.0
2025-02-05 14:13:00.129906,82.0
2025-02-05 14:14:00.119407,165.0
2025-02-05 14:15:00.170900,331.0
2025-02-05 14:16:00.092735,248.0
2025-02-05 14:17:00.112661,82.0
2025-02-05 14:18:00.117316,168.0
2025-02-05 14:19:00.150721,248.0
2025-02-05 14:20:00.052264,249.0
2025-02-05 14:21:00.089654,0.0
2025-02-05 14:22:00.177690,0.0
2025-02-05 14:23:00.018890,163.0
2025-02-05 14:24:00.059056,252.0
2025-02-05 14:25:00.152371,249.0
2025-02-05 14:26:00.132438,331.0
2025-02-05 14:27:00.159400,250.0
2025-02-05 14:28:00.167106,248.0
2025-02-05 14:29:00.081822,248.0
2025-02-05 14:30:00.178218,334.0
2025-02-05 14:31:00.202124,250.0
2025-02-05 14:32:00.057737,0.0
2025-02-05 14:33:00.176539,250.0
2025-02-05 14:34:00.145421,332.0
2025-02-05 14:35:00.080873,250.0
2025-02-05 14:36:00.181316,0.0
2025-02-05 14:37:00.164528,248.0
2025-02-05 14:38:00.134675,250.0
2025-02-05 14:39:00.009047,332.0
2025-02-05 14:40:00.177004,84.0
2025-02-05 14:41:00.004602,166.0
2025-02-05 14:42:00.132460,250.0
2025-02-05 14:43:00.164989,248.0
2025-02-05 14:44:00.129419,84.0
2025-02-05 14:45:00.169397,252.0
2025-02-05 14:46:00.175316,248.0
2025-02-05 14:47:00.103059,331.0
2025-02-05 14:48:00.075316,83.0
2025-02-05 14:49:00.078575,85.0
2025-02-05 14:50:00.081231,249.0
2025-02-05 14:51:00.054679,250.0
2025-02-05 14:52:00.050564,331.0
2025-02-05 14:53:00.143471,248.0
2025-02-05 14:54:00.182228,83.0
2025-02-05 14:55:00.164178,84.0
2025-02-05 14:56:00.106841,246.0
2025-02-05 14:57:00.010837,330.0
2025-02-05 14:58:00.190716,248.0
2025-02-05 14:59:00.079234,251.0
2025-02-05 15:00:00.177464,165.0
2025-02-05 15:01:00.134057,84.0
2025-02-05 15:02:00.044760,248.0
2025-02-05 15:03:00.042390,328.0
2025-02-05 15:04:00.179303,252.0
2025-02-05 15:05:00.046817,81.0
2025-02-05 15:06:00.013265,83.0
2025-02-05 15:07:00.094376,333.0
2025-02-05 15:08:00.015708,250.0
2025-02-05 15:09:00.048088,246.0
2025-02-05 15:10:00.053990,0.0
2025-02-05 15:11:00.169800,331.0
2025-02-05 15:12:00.154728,250.0
2025-02-05 15:13:00.007082,250.0
2025-02-05 15:14:00.049780,332.0
2025-02-05 15:15:00.133451,167.0
2025-02-05 15:16:00.012041,0.0
2025-02-05 15:17:00.051075,248.0
2025-02-05 15:18:00.114971,249.0
2025-02-05 15:19:00.182601,247.0
2025-02-05 15:20:00.144714,163.0
2025-02-05 15:21:00.114288,83.0
2025-02-05 15:22:00.031575,330.0
2025-02-05 15:23:00.019822,251.0
2025-02-05 15:24:00.125671,250.0
2025-02-05 15:25:00.076849,329.0
2025-02-05 15:26:00.034975,83.0
2025-02-05 15:27:00.143970,0.0
2025-02-05 15:28:00.167737,248.0
2025-02-05 15:29:00.089852,248.0
2025-02-05 15:30:00.136878,165.0
2025-02-05 15:31:00.080735,248.0
2025-02-05 15:32:00.030847,247.0
2025-02-05 15:33:00.150291,248.0
2025-02-05 15:34:00.031425,0.0
2025-02-05 15:35:00.044124,249.0
2025-02-05 15:36:00.089983,250.0
2025-02-05 15:37:00.164295,246.0
2025-02-05 15:38:00.153262,330.0
2025-02-05 15:39:00.058658,83.0
2025-02-05 15:40:00.193130,83.0
2025-02-05 15:41:00.061858,251.0
2025-02-05 15:42:00.025025,248.0
2025-02-05 15:43:00.152267,248.0
2025-02-05 15:44:00.019648,245.0
2025-02-05 15:45:00.102996,250.0
2025-02-05 15:46:00.030352,249.0
2025-02-05 15:47:00.045094,247.0
2025-02-05 15:48:00.067533,0.0
2025-02-05 15:49:00.017397,249.0
2025-02-05 15:50:00.118062,247.0
2025-02-05 15:51:00.122271,246.0
2025-02-05 15:52:00.200381,250.0
2025-02-05 15:53:00.067541,246.0
2025-02-05 15:54:00.180050,0.0
2025-02-05 15:55:00.038758,250.0
2025-02-05 15:56:00.085047,246.0
2025-02-05 15:57:00.134851,250.0
2025-02-05 15:58:00.003880,165.0
2025-02-05 15:59:00.129985,0.0
2025-02-05 16:00:00.142612,248.0
2025-02-05 16:01:00.013872,329.0
2025-02-05 16:02:00.031681,247.0
2025-02-05 16:03:00.158871,0.0
2025-02-05 16:04:00.140320,166.0
2025-02-05 16:05:00.125804,330.0
2025-02-05 16:06:00.042631,249.0
2025-02-05 16:07:00.077790,250.0
2025-02-05 16:08:00.037464,81.0
2025-02-05 16:09:00.127107,165.0
2025-02-05 16:10:00.171533,335.0
2025-02-05 16:11:00.123948,249.0
2025-02-05 16:12:00.014572,0.0
2025-02-05 16:13:00.079133,163.0
2025-02-05 16:14:00.043623,250.0
2025-02-05 16:15:00.031423,0.0
2025-02-05 16:16:00.017716,0.0
2025-02-05 16:17:00.026422,248.0
2025-02-05 16:18:00.022847,250.0
2025-02-05 16:19:00.010695,251.0
2025-02-05 16:20:00.046986,329.0
2025-02-05 16:21:00.088262,167.0
2025-02-05 16:22:00.135256,0.0
2025-02-05 16:23:00.033078,246.0
2025-02-05 16:24:00.085,250.0
2025-02-05 16:25:00.171171,329.0
2025-02-05 16:26:00.048732,84.0
2025-02-05 16:27:00.113799,166.0
2025-02-05 16:28:00.169467,333.0
2025-02-05 16:29:00.080409,251.0
2025-02-05 16:30:00.114621,2.0
2025-02-05 16:31:00.021741,81.0
2025-02-05 16:32:00.017177,330.0
2025-02-05 16:33:00.124476,251.0
2025-02-05 16:34:00.151051,246.0
2025-02-05 16:35:00.033062,248.0
2025-02-05 16:36:00.012961,0.0
2025-02-05 16:37:00.111467,248.0
2025-02-05 16:38:00.156095,250.0
2025-02-05 16:39:00.135048,251.0
2025-02-05 16:40:00.072371,82.0
2025-02-05 16:41:00.193259,83.0
2025-02-05 16:42:00.184559,248.0
2025-02-05 16:43:00.058115,331.0
2025-02-05 16:44:00.038975,248.0
2025-02-05 16:45:00.082770,250.0
2025-02-05 16:46:00.100590,0.0
2025-02-05 16:47:00.040078,165.0
2025-02-05 16:48:00.090324,248.0
2025-02-05 16:49:00.128834,329.0
2025-02-05 16:50:00.133596,0.0
2025-02-05 16:51:00.059330,167.0
2025-02-05 16:52:00.141703,249.0
2025-02-05 16:53:00.030762,331.0
2025-02-05 16:54:00.082702,248.0
2025-02-05 16:55:00.129543,84.0
2025-02-05 16:56:00.003969,83.0
2025-02-05 16:57:00.155127,248.0
2025-02-05 16:58:00.162322,249.0
2025-02-05 16:59:00.031279,248.0
2025-02-05 17:00:00.075453,165.0
2025-02-05 17:01:00.126549,83.0
2025-02-05 17:02:00.191694,252.0
2025-02-05 17:03:00.115764,248.0
2025-02-05 17:04:00.109266,164.0
2025-02-05 17:05:00.011899,0.0
2025-02-05 17:06:00.087667,330.0
2025-02-05 17:07:00.151910,248.0
2025-02-05 17:08:00.157339,250.0
2025-02-05 17:09:00.090481,248.0
2025-02-05 17:10:00.149842,0.0
2025-02-05 17:11:00.184308,166.0
2025-02-05 17:12:00.153594,250.0
2025-02-05 17:13:00.082874,251.0
2025-02-05 17:14:00.161568,81.0
2025-02-05 17:15:00.122602,167.0
2025-02-05 17:16:00.047800,246.0
2025-02-05 17:17:00.170015,330.0
2025-02-05 17:18:00.168516,168.0
2025-02-05 17:19:00.152196,0.0
2025-02-05 17:20:00.118834,249.0
2025-02-05 17:21:00.028438,335.0
2025-02-05 17:22:00.027910,163.0
2025-02-05 17:23:00.132235,0.0
2025-02-05 17:24:00.023071,166.0
2025-02-05 17:25:00.119755,248.0
2025-02-05 17:26:00.065619,333.0
2025-02-05 17:27:00.026564,250.0
2025-02-05 17:28:00.027912,166.0
2025-02-05 17:29:00.172152,0.0
2025-02-05 17:30:00.179162,250.0
2025-02-05 17:31:00.143897,333.0
2025-02-05 17:32:00.146150,168.0
2025-02-05 17:33:00.052235,81.0
2025-02-05 17:34:00.052494,251.0
2025-02-05 17:35:00.120230,248.0
2025-02-05 17:36:00.165494,332.0
2025-02-05 17:37:00.168503,0.0
2025-02-05 17:38:00.054576,83.0
2025-02-05 17:39:00.155474,334.0
2025-02-05 17:40:00.144904,251.0
2025-02-05 17:41:00.117681,0.0
2025-02-05 17:42:00.106436,250.0
2025-02-05 17:43:00.157814,251.0
2025-02-05 17:44:00.109274,335.0
2025-02-05 17:45:00.063248,166.0
2025-02-05 17:46:00.069523,0.0
2025-02-05 17:47:00.173985,246.0
2025-02-05 17:48:00.165946,250.0
2025-02-05 17:49:00.049075,166.0
2025-02-05 17:50:00.081930,82.0
2025-02-05 17:51:00.016345,330.0
2025-02-05 17:52:00.015329,246.0
2025-02-05 17:53:00.044595,248.0
2025-02-05 17:54:00.031454,82.0
2025-02-05 17:55:00.006886,83.0
2025-02-05 17:56:00.129651,331.0
2025-02-05 17:57:00.038948,248.0
2025-02-05 17:58:00.051675,82.0
2025-02-05 17:59:00.066837,0.0
2025-02-05 18:00:00.152236,0.0
2025-02-05 18:01:00.056507,0.0
2025-02-05 18:02:00.005896,0.0
2025-02-05 18:03:00.128562,0.0
2025-02-05 18:04:00.163440,0.0
2025-02-05 18:05:00.073795,0.0
2025-02-05 18:06:00.010738,0.0
2025-02-05 18:07:00.084504,0.0
2025-02-05 18:08:00.123439,0.0
2025-02-05 18:09:00.123028,0.0
2025-02-05 18:10:00.144350,0.0
2025-02-05 18:11:00.043528,102.0
2025-02-05 18:12:00.074590,248.0
2025-02-05 18:13:00.078063,250.0
2025-02-05 18:14:00.130517,249.0
2025-02-05 18:15:00.148559,250.0
2025-02-05 18:16:00.007179,249.0
2025-02-05 18:17:00.169591,250.0
2025-02-05 18:18:00.103226,246.0
2025-02-05 18:19:00.022985,82.0
2025-02-05 18:20:00.066541,0.0
2025-02-05 18:21:00.119995,163.0
2025-02-05 18:22:00.066749,251.0
2025-02-05 18:23:00.018594,0.0
2025-02-05 18:24:00.173108,84.0
2025-02-05 18:25:00.141279,249.0
2025-02-05 18:26:00.165966,251.0
2025-02-05 18:27:00.038037,247.0
2025-02-05 18:28:00.094226,333.0
2025-02-05 18:29:00.156539,0.0
2025-02-05 18:30:00.170425,168.0
2025-02-05 18:31:00.182004,329.0
2025-02-05 18:32:00.065820,248.0
2025-02-05 18:33:00.071860,83.0
2025-02-05 18:34:00.104901,250.0
2025-02-05 18:35:00.072671,246.0
2025-02-05 18:36:00.006130,0.0
2025-02-05 18:37:00.041278,247.0
2025-02-05 18:38:00.098473,248.0
2025-02-05 18:39:00.043716,329.0
2025-02-05 18:40:00.141948,0.0
2025-02-05 18:41:00.156684,84.0
2025-02-05 18:42:00.009563,329.0
2025-02-05 18:43:00.170701,248.0
2025-02-05 18:44:00.049321,83.0
2025-02-05 18:45:00.103453,248.0
2025-02-05 18:46:00.163981,248.0
2025-02-05 18:47:00.051288,167.0
2025-02-05 18:48:00.132634,83.0
2025-02-05 18:49:00.017773,250.0
2025-02-05 18:50:00.060029,334.0
2025-02-05 18:51:00.092311,248.0
2025-02-05 18:52:00.111580,83.0
2025-02-05 18:53:00.087567,165.0
2025-02-05 18:54:00.063622,250.0
2025-02-05 18:55:00.112291,246.0
2025-02-05 18:56:00.072393,248.0
2025-02-05 18:57:00.023362,166.0
2025-02-05 18:58:00.085730,247.0
2025-02-05 18:59:00.089120,248.0
2025-02-05 19:00:00.117984,83.0
2025-02-05 19:01:00.163286,168.0
2025-02-05 19:02:00.170901,246.0
2025-02-05 19:03:00.125478,333.0
2025-02-05 19:04:00.159108,165.0
2025-02-05 19:05:00.112710,85.0
2025-02-05 19:06:00.126322,333.0
2025-02-05 19:07:00.149808,248.0
2025-02-05 19:08:00.020745,81.0
2025-02-05 19:09:00.129085,250.0
2025-02-05 19:10:00.114747,248.0
2025-02-05 19:11:00.097137,248.0
2025-02-05 19:12:00.116990,0.0
2025-02-05 19:13:00.040404,248.0
2025-02-05 19:14:00.078049,249.0
2025-02-05 19:15:00.119787,332.0
2025-02-05 19:16:00.056724,81.0
2025-02-05 19:17:00.146344,165.0
2025-02-05 19:18:00.074839,250.0
2025-02-05 19:19:00.007925,246.0
2025-02-05 19:20:00.045698,166.0
2025-02-05 19:21:00.133398,168.0
2025-02-05 19:22:00.166278,250.0
2025-02-05 19:23:00.029129,248.0
2025-02-05 19:24:00.118361,166.0
2025-02-05 19:25:00.153852,84.0
2025-02-05 19:26:00.021031,248.0
2025-02-05 19:27:00.079172,334.0
2025-02-05 19:28:00.019456,165.0
2025-02-05 19:29:00.041411,81.0
2025-02-05 19:30:00.084613,250.0
2025-02-05 19:31:00.107485,246.0
2025-02-05 19:32:00.058991,248.0
2025-02-05 19:33:00.013118,84.0
2025-02-05 19:34:00.036105,248.0
2025-02-05 19:35:00.101289,248.0
2025-02-05 19:36:00.067077,164.0
2025-02-05 19:37:00.049032,85.0
2025-02-05 19:38:00.082031,248.0
2025-02-05 19:39:00.146840,333.0
2025-02-05 19:40:00.138575,246.0
2025-02-05 19:41:00.092744,84.0
2025-02-05 19:42:00.072065,83.0
2025-02-05 19:43:00.075727,248.0
2025-02-05 19:44:00.110237,249.0
2025-02-05 19:45:00.103428,248.0
2025-02-05 19:46:00.039452,250.0
2025-02-05 19:47:00.058487,165.0
2025-02-05 19:48:00.200102,83.0
2025-02-05 19:49:00.036693,246.0
2025-02-05 19:50:00.117489,247.0
2025-02-05 19:51:00.205288,246.0
2025-02-05 19:52:00.028441,331.0
2025-02-05 19:53:00.063875,0.0
2025-02-05 19:54:00.021482,167.0
2025-02-05 19:55:00.036169,331.0
2025-02-05 19:56:00.155646,246.0
2025-02-05 19:57:00.154093,0.0
2025-02-05 19:58:00.015229,250.0
2025-02-05 19:59:00.171626,246.0
2025-02-05 20:00:00.007339,250.0
2025-02-05 20:01:00.008422,328.0
2025-02-05 20:02:00.097994,0.0
2025-02-05 20:03:00.083096,83.0
2025-02-05 20:04:00.034288,248.0
2025-02-05 20:05:00.103240,331.0
2025-02-05 20:06:00.100840,247.0
2025-02-05 20:07:00.118728,249.0
2025-02-05 20:08:00.041717,248.0
2025-02-05 20:09:00.125202,332.0
2025-02-05 20:10:00.008492,1.0
2025-02-05 20:11:00.010364,163.0
2025-02-05 20:12:00.140450,252.0
2025-02-05 20:13:00.104626,249.0
2025-02-05 20:14:00.111503,163.0
2025-02-05 20:15:00.141129,0.0
2025-02-05 20:16:00.140928,250.0
2025-02-05 20:17:00.073474,248.0
2025-02-05 20:18:00.127363,248.0
2025-02-05 20:19:00.173083,246.0
2025-02-05 20:20:00.061929,252.0
2025-02-05 20:21:00.115295,81.0
2025-02-05 20:22:00.011924,165.0
2025-02-05 20:23:00.110048,250.0
2025-02-05 20:24:00.115499,249.0
2025-02-05 20:25:00.093737,250.0
2025-02-05 20:26:00.136257,83.0
2025-02-05 20:27:00.040203,165.0
2025-02-05 20:28:00.152610,248.0
2025-02-05 20:29:00.039162,328.0
2025-02-05 20:30:00.161905,0.0
2025-02-05 20:31:00.160078,166.0
2025-02-05 20:32:00.184185,251.0
2025-02-05 20:33:00.097891,250.0
2025-02-05 20:34:00.166966,334.0
2025-02-05 20:35:00.004597,0.0
2025-02-05 20:36:00.023292,248.0
2025-02-05 20:37:00.110182,250.0
2025-02-05 20:38:00.072451,251.0
2025-02-05 20:39:00.116596,80.0
2025-02-05 20:40:00.146190,85.0
2025-02-05 20:41:00.103400,246.0
2025-02-05 20:42:00.154222,248.0
2025-02-05 20:43:00.039458,250.0
2025-02-05 20:44:00.177821,248.0
2025-02-05 20:45:00.042675,82.0
2025-02-05 20:46:00.022652,83.0
2025-02-05 20:47:00.182809,329.0
2025-02-05 20:48:00.075976,247.0
2025-02-05 20:49:00.142299,83.0
2025-02-05 20:50:00.167336,166.0
2025-02-05 20:51:00.169516,248.0
2025-02-05 20:52:00.095853,248.0
2025-02-05 20:53:00.125924,250.0
2025-02-05 20:54:00.035382,80.0
2025-02-05 20:55:00.086119,166.0
2025-02-05 20:56:00.176216,248.0
2025-02-05 20:57:00.188627,84.0
2025-02-05 20:58:00.043644,166.0
2025-02-05 20:59:00.153097,246.0
2025-02-05 21:00:00.018656,248.0
2025-02-05 21:01:00.093948,167.0
2025-02-05 21:02:00.108853,83.0
2025-02-05 21:03:00.149632,250.0
2025-02-05 21:04:00.136369,249.0
2025-02-05 21:05:00.100434,248.0
2025-02-05 21:06:00.100751,85.0
2025-02-05 21:07:00.131290,166.0
2025-02-05 21:08:00.105662,248.0
2025-02-05 21:09:00.134325,250.0
2025-02-05 21:10:00.020857,83.0
2025-02-05 21:11:00.142816,167.0
2025-02-05 21:12:00.093631,248.0
2025-02-05 21:13:00.056891,248.0
2025-02-05 21:14:00.120658,251.0
2025-02-05 21:15:00.158290,166.0
2025-02-05 21:16:00.042476,82.0
2025-02-05 21:17:00.103212,251.0
2025-02-05 21:18:00.149303,246.0
2025-02-05 21:19:00.163023,165.0
2025-02-05 21:20:00.045435,82.0
2025-02-05 21:21:00.045363,249.0
2025-02-05 21:22:00.110271,250.0
2025-02-05 21:23:00.112891,250.0
2025-02-05 21:24:00.139302,164.0
2025-02-05 21:25:00.171047,167.0
2025-02-05 21:26:00.101977,249.0
2025-02-05 21:27:00.089527,0.0
2025-02-05 21:28:00.025575,248.0
2025-02-05 21:29:00.079400,250.0
2025-02-05 21:30:00.129980,248.0
2025-02-05 21:31:00.103505,166.0
2025-02-05 21:32:00.176538,250.0
2025-02-05 21:33:00.068669,250.0
2025-02-05 21:34:00.111437,83.0
2025-02-05 21:35:00.125034,83.0
2025-02-05 21:36:00.056495,250.0
2025-02-05 21:37:00.131481,248.0
2025-02-05 21:38:00.029488,246.0
2025-02-05 21:39:00.114232,166.0
2025-02-05 21:40:00.109857,0.0
2025-02-05 21:41:00.174816,248.0
2025-02-05 21:42:00.056140,248.0
2025-02-05 21:43:00.131684,332.0
2025-02-05 21:44:00.155367,0.0
2025-02-05 21:45:00.075589,248.0
2025-02-05 21:46:00.084716,249.0
2025-02-05 21:47:00.175170,165.0
2025-02-05 21:48:00.044102,166.0
2025-02-05 21:49:00.136638,332.0
2025-02-05 21:50:00.170007,248.0
2025-02-05 21:51:00.107224,81.0
2025-02-05 21:52:00.167210,0.0
2025-02-05 21:53:00.120217,331.0
2025-02-05 21:54:00.011880,247.0
2025-02-05 21:55:00.105903,168.0
2025-02-05 21:56:00.024770,81.0
2025-02-05 21:57:00.169276,248.0
2025-02-05 21:58:00.022811,248.0
2025-02-05 21:59:00.070069,247.0
2025-02-05 22:00:00.061725,165.0
2025-02-05 22:01:00.163767,0.0
2025-02-05 22:02:00.125381,331.0
2025-02-05 22:03:00.006997,249.0
2025-02-05 22:04:00.060825,167.0
2025-02-05 22:05:00.094830,0.0
2025-02-05 22:06:00.167367,331.0
2025-02-05 22:07:00.145655,250.0
2025-02-05 22:08:00.038645,249.0
2025-02-05 22:09:00.174706,85.0
2025-02-05 22:10:00.164745,246.0
2025-02-05 22:11:00.161774,252.0
2025-02-05 22:12:00.140290,166.0
2025-02-05 22:13:00.056520,0.0
2025-02-05 22:14:00.177342,250.0
2025-02-05 22:15:00.062793,331.0
2025-02-05 22:16:00.021852,251.0
2025-02-05 22:17:00.151007,248.0
2025-02-05 22:18:00.154077,83.0
2025-02-05 22:19:00.124536,167.0
2025-02-05 22:20:00.089998,246.0
2025-02-05 22:21:00.046645,166.0
2025-02-05 22:22:00.156621,0.0
2025-02-05 22:23:00.045562,252.0
2025-02-05 22:24:00.095078,329.0
2025-02-05 22:25:00.112518,250.0
2025-02-05 22:26:00.004844,166.0
2025-02-05 22:27:00.116581,0.0
2025-02-05 22:28:00.057444,250.0
2025-02-05 22:29:00.049627,248.0
2025-02-05 22:30:00.081801,245.0
2025-02-05 22:31:00.094068,0.0
2025-02-05 22:32:00.022304,246.0
2025-02-05 22:33:00.085865,246.0
2025-02-05 22:34:00.114096,245.0
2025-02-05 22:35:00.071720,245.0
2025-02-05 22:36:00.020795,0.0
2025-02-05 22:37:00.174324,248.0
2025-02-05 22:38:00.040050,246.0
2025-02-05 22:39:00.148632,164.0
2025-02-05 22:40:00.006601,0.0
2025-02-05 22:41:00.066852,246.0
2025-02-05 22:42:00.012962,245.0
2025-02-05 22:43:00.008409,241.0
2025-02-05 22:44:00.066022,245.0
2025-02-05 22:45:00.009645,0.0
2025-02-05 22:46:00.142752,247.0
2025-02-05 22:47:00.107134,238.0
2025-02-05 22:48:00.071423,157.0
2025-02-05 22:49:00.149997,85.0
2025-02-05 22:50:00.083149,236.0
2025-02-05 22:51:00.058239,239.0
2025-02-05 22:52:00.169488,77.0
2025-02-05 22:53:00.174493,243.0
2025-02-05 22:54:00.022726,235.0
2025-02-05 22:55:00.177221,152.0
2025-02-05 22:56:00.112554,83.0
2025-02-05 22:57:00.070724,232.0
2025-02-05 22:58:00.053981,237.0
2025-02-05 22:59:00.034081,77.0
2025-02-05 23:00:00.096317,160.0
2025-02-05 23:01:00.106247,312.0
2025-02-05 23:02:00.079525,232.0
2025-02-05 23:03:00.108909,-7.0
2025-02-05 23:04:00.007527,240.0
2025-02-05 23:05:00.043282,237.0
2025-02-05 23:06:00.161607,314.0
2025-02-05 23:07:00.068949,75.0
2025-02-05 23:08:00.078794,165.0
2025-02-05 23:09:00.160325,237.0
2025-02-05 23:10:00.146664,320.0
2025-02-05 23:11:00.040512,232.0
2025-02-05 23:12:00.054601,156.0
2025-02-05 23:13:00.150305,82.0
2025-02-05 23:14:00.058466,245.0
2025-02-05 23:15:00.103764,237.0
2025-02-05 23:16:00.079908,236.0
2025-02-05 23:17:00.004372,325.0
2025-02-05 23:18:00.033564,-5.0
2025-02-05 23:19:00.014141,84.0
2025-02-05 23:20:00.071791,241.0
2025-02-05 23:21:00.087817,0.0
2025-02-05 23:22:00.058282,245.0
2025-02-05 23:23:00.083483,326.0
2025-02-05 23:24:00.034063,-3.0
2025-02-05 23:25:00.103082,248.0
2025-02-05 23:26:00.062502,247.0
2025-02-05 23:27:00.102405,161.0
2025-02-05 23:28:00.054244,0.0
2025-02-05 23:29:00.157769,247.0
2025-02-05 23:30:00.105824,326.0
2025-02-05 23:31:00.031520,82.0
2025-02-05 23:32:00.093995,81.0
2025-02-05 23:33:00.010587,248.0
2025-02-05 23:34:00.089474,250.0
2025-02-05 23:35:00.084950,163.0
2025-02-05 23:36:00.176130,85.0
2025-02-05 23:37:00.158353,248.0
2025-02-05 23:38:00.044255,329.0
2025-02-05 23:39:00.015318,82.0
2025-02-05 23:40:00.007054,165.0
2025-02-05 23:41:00.133478,246.0
2025-02-05 23:42:00.123325,247.0
2025-02-05 23:43:00.172046,164.0
2025-02-05 23:44:00.058312,85.0
2025-02-05 23:45:00.134341,330.0
2025-02-05 23:46:00.176295,83.0
2025-02-05 23:47:00.055284,166.0
2025-02-05 23:48:00.120427,248.0
2025-02-05 23:49:00.135598,327.0
2025-02-05 23:50:00.165762,81.0
2025-02-05 23:51:00.137678,85.0
2025-02-05 23:52:00.143729,245.0
2025-02-05 23:53:00.081423,245.0
2025-02-05 23:54:00.110044,237.0
2025-02-05 23:55:00.065840,155.0
2025-02-05 23:56:00.046325,161.0
2025-02-05 23:57:00.121164,320.0
2025-02-05 23:58:00.062540,-4.0
2025-02-05 23:59:00.167,161.0
2025-02-06 00:00:00.093216,235.0
2025-02-06 00:01:00.161178,322.0
2025-02-06 00:02:00.035365,235.0
2025-02-06 00:03:00.134648,-5.0
2025-02-06 00:04:00.161728,162.0
2025-02-06 00:05:00.033761,238.0
2025-02-06 00:06:00.066018,80.0
2025-02-06 00:07:00.020987,239.0
2025-02-06 00:08:00.014174,158.0
2025-02-06 00:09:00.097355,0.0
2025-02-06 00:10:00.055620,248.0
2025-02-06 00:11:00.027761,248.0
2025-02-06 00:12:00.092163,247.0
2025-02-06 00:13:00.094353,248.0
2025-02-06 00:14:00.123932,249.0
2025-02-06 00:15:00.173264,251.0
2025-02-06 00:16:00.036691,164.0
2025-02-06 00:17:00.016875,81.0
2025-02-06 00:18:00.020553,250.0
2025-02-06 00:19:00.003696,81.0
2025-02-06 00:20:00.029659,247.0
2025-02-06 00:21:00.011182,248.0
2025-02-06 00:22:00.015315,83.0
2025-02-06 00:23:00.014222,248.0
2025-02-06 00:24:00.117588,250.0
2025-02-06 00:25:00.120656,248.0
2025-02-06 00:26:00.097953,80.0
2025-02-06 00:27:00.174411,166.0
2025-02-06 00:28:00.157112,248.0
2025-02-06 00:29:00.097081,328.0
2025-02-06 00:30:00.151299,248.0
2025-02-06 00:31:00.070040,82.0
2025-02-06 00:32:00.150200,166.0
2025-02-06 00:33:00.020838,331.0
2025-02-06 00:34:00.005904,336.0
2025-02-06 00:35:00.095639,325.0
2025-02-06 00:36:00.057285,-10.0
2025-02-06 00:37:00.029085,0.0
2025-02-06 00:38:00.132159,332.0
2025-02-06 00:39:00.011844,334.0
2025-02-06 00:40:00.053924,245.0
2025-02-06 00:41:00.146393,245.0
2025-02-06 00:42:00.032333,80.0
2025-02-06 00:43:00.103617,0.0
2025-02-06 00:44:00.159927,249.0
2025-02-06 00:45:00.098296,335.0
2025-02-06 00:46:00.124088,334.0
2025-02-06 00:47:00.121333,259.0
2025-02-06 00:48:00.137746,277.0
2025-02-06 00:49:00.030447,69.0
2025-02-06 00:50:00.087414,0.0
2025-02-06 00:51:00.037933,329.0
2025-02-06 00:52:00.051860,332.0
2025-02-06 00:53:00.122092,166.0
2025-02-06 00:54:00.111047,165.0
2025-02-06 00:55:00.045109,329.0
2025-02-06 00:56:00.040624,165.0
2025-02-06 00:57:00.180161,171.0
2025-02-06 00:58:00.043372,332.0
2025-02-06 00:59:00.008925,248.0
2025-02-06 01:00:00.007432,168.0
2025-02-06 01:01:00.120572,328.0
2025-02-06 01:02:00.117344,83.0
2025-02-06 01:03:00.176911,257.0
2025-02-06 01:04:00.088240,330.0
2025-02-06 01:05:00.032026,82.0
2025-02-06 01:06:00.142840,331.0
2025-02-06 01:07:00.036149,329.0
2025-02-06 01:08:00.139534,82.0
2025-02-06 01:09:00.127384,250.0
2025-02-06 01:10:00.064408,328.0
2025-02-06 01:11:00.106157,248.0
2025-02-06 01:12:00.031487,0.0
2025-02-06 01:13:00.034344,340.0
2025-02-06 01:14:00.128768,328.0
2025-02-06 01:15:00.112963,82.0
2025-02-06 01:16:00.158130,331.0
2025-02-06 01:17:00.063231,327.0
2025-02-06 01:18:00.123914,83.0
2025-02-06 01:19:00.190579,333.0
2025-02-06 01:20:00.046515,163.0
2025-02-06 01:21:00.043761,168.0
2025-02-06 01:22:00.065164,333.0
2025-02-06 01:23:00.079583,168.0
2025-02-06 01:24:00.031977,252.0
2025-02-06 01:25:00.147047,328.0
2025-02-06 01:26:00.149371,82.0
2025-02-06 01:27:00.083546,250.0
2025-02-06 01:28:00.158860,329.0
2025-02-06 01:29:00.151154,162.0
2025-02-06 01:30:00.041452,169.0
2025-02-06 01:31:00.086995,332.0
2025-02-06 01:32:00.090156,331.0
2025-02-06 01:33:00.061548,0.0
2025-02-06 01:34:00.168713,251.0
2025-02-06 01:35:00.123847,334.0
2025-02-06 01:36:00.012146,164.0
2025-02-06 01:37:00.129760,251.0
2025-02-06 01:38:00.046034,329.0
2025-02-06 01:39:00.076809,0.0
2025-02-06 01:40:00.077118,330.0
2025-02-06 01:41:00.149382,253.0
2025-02-06 01:42:00.173337,166.0
2025-02-06 01:43:00.180230,331.0
2025-02-06 01:44:00.094421,0.0
2025-02-06 01:45:00.145388,335.0
2025-02-06 01:46:00.052685,328.0
2025-02-06 01:47:00.095067,81.0
2025-02-06 01:48:00.141747,332.0
2025-02-06 01:49:00.036906,331.0
2025-02-06 01:50:00.061112,331.0
2025-02-06 01:51:00.196384,0.0
2025-02-06 01:52:00.143087,338.0
2025-02-06 01:53:00.071801,164.0
2025-02-06 01:54:00.083395,172.0
2025-02-06 01:55:00.145757,332.0
2025-02-06 01:56:00.017023,167.0
2025-02-06 01:57:00.068812,85.0
2025-02-06 01:58:00.188707,334.0
2025-02-06 01:59:00.012743,165.0
2025-02-06 02:00:00.128548,171.0
2025-02-06 02:01:00.155822,334.0
2025-02-06 02:02:00.046328,335.0
2025-02-06 02:03:00.131274,0.0
2025-02-06 02:04:00.040003,254.0
2025-02-06 02:05:00.027298,330.0
2025-02-06 02:06:00.130855,85.0
2025-02-06 02:07:00.114518,254.0
2025-02-06 02:08:00.087397,331.0
2025-02-06 02:09:00.146214,82.0
2025-02-06 02:10:00.056148,83.0
2025-02-06 02:11:00.056410,331.0
2025-02-06 02:12:00.123387,330.0
2025-02-06 02:13:00.043204,325.0
2025-02-06 02:14:00.039285,345.0
2025-02-06 02:15:00.152344,160.0
2025-02-06 02:16:00.044575,82.0
2025-02-06 02:17:00.050255,0.0
2025-02-06 02:18:00.026318,165.0
2025-02-06 02:19:00.019401,331.0
2025-02-06 02:20:00.071390,329.0
2025-02-06 02:21:00.062334,0.0
2025-02-06 02:22:00.157746,252.0
2025-02-06 02:23:00.055638,412.0
2025-02-06 02:24:00.087446,84.0
2025-02-06 02:25:00.151400,172.0
2025-02-06 02:26:00.074486,335.0
2025-02-06 02:27:00.120174,0.0
2025-02-06 02:28:00.190670,414.0
2025-02-06 02:29:00.137254,80.0
2025-02-06 02:30:00.167136,165.0
2025-02-06 02:31:00.049637,334.0
2025-02-06 02:32:00.105046,338.0
2025-02-06 02:33:00.090597,339.0
2025-02-06 02:34:00.148263,277.0
2025-02-06 02:35:00.183045,286.0
2025-02-06 02:36:00.074481,0.0
2025-02-06 02:37:00.172820,0.0
2025-02-06 02:38:00.086525,168.0
2025-02-06 02:39:00.057170,338.0
2025-02-06 02:40:00.142288,80.0
2025-02-06 02:41:00.069999,171.0
2025-02-06 02:42:00.188387,335.0
2025-02-06 02:43:00.152416,337.0
2025-02-06 02:44:00.167411,328.0
2025-02-06 02:45:00.189128,275.0
2025-02-06 02:46:00.119503,386.0
2025-02-06 02:47:00.082821,-6.0
2025-02-06 02:48:00.160843,0.0
2025-02-06 02:49:00.166333,0.0
2025-02-06 02:50:00.029196,0.0
2025-02-06 02:51:00.123139,337.0
2025-02-06 02:52:00.139582,331.0
2025-02-06 02:53:00.043781,0.0
2025-02-06 02:54:00.140172,332.0
2025-02-06 02:55:00.150327,331.0
2025-02-06 02:56:00.085757,163.0
2025-02-06 02:57:00.147466,0.0
2025-02-06 02:58:00.131153,250.0
2025-02-06 02:59:00.179040,331.0
2025-02-06 03:00:00.049578,336.0
2025-02-06 03:01:00.130582,329.0
2025-02-06 03:02:00.087017,253.0
2025-02-06 03:03:00.049128,0.0
2025-02-06 03:04:00.092265,0.0
2025-02-06 03:05:00.165198,165.0
2025-02-06 03:06:00.056324,168.0
2025-02-06 03:07:00.104807,82.0
2025-02-06 03:08:00.146100,331.0
2025-02-06 03:09:00.028538,83.0
2025-02-06 03:10:00.094064,168.0
2025-02-06 03:11:00.165628,333.0
2025-02-06 03:12:00.066237,248.0
2025-02-06 03:13:00.131495,0.0
2025-02-06 03:14:00.021675,168.0
2025-02-06 03:15:00.051020,248.0
2025-02-06 03:16:00.115158,85.0
2025-02-06 03:17:00.197788,339.0
2025-02-06 03:18:00.047850,81.0
2025-02-06 03:19:00.094476,343.0
2025-02-06 03:20:00.158602,169.0
2025-02-06 03:21:00.051480,170.0
2025-02-06 03:22:00.120026,339.0
2025-02-06 03:23:00.042765,85.0
2025-02-06 03:24:00.071527,168.0
2025-02-06 03:25:00.168623,342.0
2025-02-06 03:26:00.004048,85.0
2025-02-06 03:27:00.094794,85.0
2025-02-06 03:28:00.120490,342.0
2025-02-06 03:29:00.164075,165.0
2025-02-06 03:30:00.054992,83.0
2025-02-06 03:31:00.009117,341.0
2025-02-06 03:32:00.054644,167.0
2025-02-06 03:33:00.172167,0.0
2025-02-06 03:34:00.090991,344.0
2025-02-06 03:35:00.057860,248.0
2025-02-06 03:36:00.136806,0.0
2025-02-06 03:37:00.014345,249.0
2025-02-06 03:38:00.115308,335.0
2025-02-06 03:39:00.037984,339.0
2025-02-06 03:40:00.089295,333.0
2025-02-06 03:41:00.080733,264.0
2025-02-06 03:42:00.142970,0.0
2025-02-06 03:43:00.019238,0.0
2025-02-06 03:44:00.131730,172.0
2025-02-06 03:45:00.171754,168.0
2025-02-06 03:46:00.131319,332.0
2025-02-06 03:47:00.019152,81.0
2025-02-06 03:48:00.021858,163.0
2025-02-06 03:49:00.109220,247.0
2025-02-06 03:50:00.014543,249.0
2025-02-06 03:51:00.038688,84.0
2025-02-06 03:52:00.141220,164.0
2025-02-06 03:53:00.015594,330.0
2025-02-06 03:54:00.039549,166.0
2025-02-06 03:55:00.133075,82.0
2025-02-06 03:56:00.021461,250.0
2025-02-06 03:57:00.152070,246.0
2025-02-06 03:58:00.114240,83.0
2025-02-06 03:59:00.151001,248.0
2025-02-06 04:00:00.044789,250.0
2025-02-06 04:01:00.094063,166.0
2025-02-06 04:02:00.132546,82.0
2025-02-06 04:03:00.081969,248.0
2025-02-06 04:04:00.126102,163.0
2025-02-06 04:05:00.171124,330.0
2025-02-06 04:06:00.124445,166.0
2025-02-06 04:07:00.049748,0.0
2025-02-06 04:08:00.085634,330.0
2025-02-06 04:09:00.080355,248.0
2025-02-06 04:10:00.131479,164.0
2025-02-06 04:11:00.147839,167.0
2025-02-06 04:12:00.155258,85.0
2025-02-06 04:13:00.163745,251.0
2025-02-06 04:14:00.069830,333.0
2025-02-06 04:15:00.018410,166.0
2025-02-06 04:16:00.077592,166.0
2025-02-06 04:17:00.161002,250.0
2025-02-06 04:18:00.156798,82.0
2025-02-06 04:19:00.093137,332.0
2025-02-06 04:20:00.030999,167.0
2025-02-06 04:21:00.165241,85.0
2025-02-06 04:22:00.155338,332.0
2025-02-06 04:23:00.020971,82.0
2025-02-06 04:24:00.104373,250.0
2025-02-06 04:25:00.160028,329.0
2025-02-06 04:26:00.050044,0.0
2025-02-06 04:27:00.018746,251.0
2025-02-06 04:28:00.014211,250.0
2025-02-06 04:29:00.139641,0.0
2025-02-06 04:30:00.039248,83.0
2025-02-06 04:31:00.146830,331.0
2025-02-06 04:32:00.036559,248.0
2025-02-06 04:33:00.108067,165.0
2025-02-06 04:34:00.065552,0.0
2025-02-06 04:35:00.096357,83.0
2025-02-06 04:36:00.129389,250.0
2025-02-06 04:37:00.192660,328.0
2025-02-06 04:38:00.073651,83.0
2025-02-06 04:39:00.160534,167.0
2025-02-06 04:40:00.033887,248.0
2025-02-06 04:41:00.113685,331.0
2025-02-06 04:42:00.181938,0.0
2025-02-06 04:43:00.056268,85.0
2025-02-06 04:44:00.018162,329.0
2025-02-06 04:45:00.137322,0.0
2025-02-06 04:46:00.040686,83.0
2025-02-06 04:47:00.036799,248.0
2025-02-06 04:48:00.023713,164.0
2025-02-06 04:49:00.046846,83.0
2025-02-06 04:50:00.119083,334.0
2025-02-06 04:51:00.061720,83.0
2025-02-06 04:52:00.152836,165.0
2025-02-06 04:53:00.124659,248.0
2025-02-06 04:54:00.018490,248.0
2025-02-06 04:55:00.111148,165.0
2025-02-06 04:56:00.011081,0.0
2025-02-06 04:57:00.019177,0.0
2025-02-06 04:58:00.067110,0.0
2025-02-06 04:59:00.154983,0.0
2025-02-06 05:00:00.016946,0.0
2025-02-06 05:01:00.073773,0.0
2025-02-06 05:02:00.015934,0.0
2025-02-06 05:03:00.075400,0.0
2025-02-06 05:04:00.046535,0.0
2025-02-06 05:05:00.040759,0.0
2025-02-06 05:06:00.115008,0.0
2025-02-06 05:07:00.154539,0.0
2025-02-06 05:08:00.103760,0.0
2025-02-06 05:09:00.108717,0.0
2025-02-06 05:10:00.157026,0.0
2025-02-06 05:11:00.046413,0.0
2025-02-06 05:12:00.192907,0.0
2025-02-06 05:13:00.004073,0.0
2025-02-06 05:14:00.149754,0.0
2025-02-06 05:15:00.078906,0.0
2025-02-06 05:16:00.077660,0.0
2025-02-06 05:17:00.124838,0.0
2025-02-06 05:18:00.165389,0.0
2025-02-06 05:19:00.109544,0.0
2025-02-06 05:20:00.134717,0.0
2025-02-06 05:21:00.136099,0.0
2025-02-06 05:22:00.078914,0.0
2025-02-06 05:23:00.056715,0.0
2025-02-06 05:24:00.023195,0.0
2025-02-06 05:25:00.115343,0.0
2025-02-06 05:26:00.150010,0.0
2025-02-06 05:27:00.152326,0.0
2025-02-06 05:28:00.043591,0.0
2025-02-06 05:29:00.090378,0.0
2025-02-06 05:30:00.055831,0.0
2025-02-06 05:31:00.072453,0.0
2025-02-06 05:32:00.045453,0.0
2025-02-06 05:33:00.084238,0.0
2025-02-06 05:34:00.112473,0.0
2025-02-06 05:35:00.126444,0.0
2025-02-06 05:36:00.131998,0.0
2025-02-06 05:37:00.136416,0.0
2025-02-06 05:38:00.117324,0.0
2025-02-06 05:39:00.032274,0.0
2025-02-06 05:40:00.133456,0.0
2025-02-06 05:41:00.085670,0.0
2025-02-06 05:42:00.046464,0.0
2025-02-06 05:43:00.093304,0.0
2025-02-06 05:44:00.062751,0.0
2025-02-06 05:45:00.055002,0.0
2025-02-06 05:46:00.036166,0.0
2025-02-06 05:47:00.132987,0.0
2025-02-06 05:48:00.066677,0.0
2025-02-06 05:49:00.124869,0.0
2025-02-06 05:50:00.092953,333.0
2025-02-06 05:51:00.119510,81.0
2025-02-06 05:52:00.121332,84.0
2025-02-06 05:53:00.092379,246.0
2025-02-06 05:54:00.028774,165.0
2025-02-06 05:55:00.088374,85.0
2025-02-06 05:56:00.129413,248.0
2025-02-06 05:57:00.157787,83.0
2025-02-06 05:58:00.102333,166.0
2025-02-06 05:59:00.158643,250.0
2025-02-06 06:00:00.064299,0.0
2025-02-06 06:01:00.062832,333.0
2025-02-06 06:02:00.134655,248.0
2025-02-06 06:03:00.157382,166.0
2025-02-06 06:04:00.103752,166.0
2025-02-06 06:05:00.121532,0.0
2025-02-06 06:06:00.064617,0.0
2025-02-06 06:07:00.013976,0.0
2025-02-06 06:08:00.115090,0.0
2025-02-06 06:09:00.058641,0.0
2025-02-06 06:10:00.156715,0.0
2025-02-06 06:11:00.063281,0.0
2025-02-06 06:12:00.049609,0.0
2025-02-06 06:13:00.033313,0.0
2025-02-06 06:14:00.161614,0.0
2025-02-06 06:15:00.097141,0.0
2025-02-06 06:16:00.078143,0.0
2025-02-06 06:17:00.156358,0.0
2025-02-06 06:18:00.163416,0.0
2025-02-06 06:19:00.006478,0.0
2025-02-06 06:20:00.075290,0.0
2025-02-06 06:21:00.031485,0.0
2025-02-06 06:22:00.148029,0.0
2025-02-06 06:23:00.102447,0.0
2025-02-06 06:24:00.161203,0.0
2025-02-06 06:25:00.164997,0.0
2025-02-06 06:26:00.168411,0.0
2025-02-06 06:27:00.176789,0.0
2025-02-06 06:28:00.129432,0.0
2025-02-06 06:29:00.163357,0.0
2025-02-06 06:30:00.044970,0.0
2025-02-06 06:31:00.050995,0.0
2025-02-06 06:32:00.030691,0.0
2025-02-06 06:33:00.022124,0.0
2025-02-06 06:34:00.076518,0.0
2025-02-06 06:35:00.010023,0.0
2025-02-06 06:36:00.035531,165.0
2025-02-06 06:37:00.120807,167.0
2025-02-06 06:38:00.192320,0.0
2025-02-06 06:39:00.093993,248.0
2025-02-06 06:40:00.119010,0.0
2025-02-06 06:41:00.058055,0.0
2025-02-06 06:42:00.107589,332.0
2025-02-06 06:43:00.164767,82.0
2025-02-06 06:44:00.024929,0.0
2025-02-06 06:45:00.056156,250.0
2025-02-06 06:46:00.158077,248.0
2025-02-06 06:47:00.116118,0.0
2025-02-06 06:48:00.120447,0.0
2025-02-06 06:49:00.010863,83.0
2025-02-06 06:50:00.138843,249.0
2025-02-06 06:51:00.030480,332.0
2025-02-06 06:52:00.076054,0.0
2025-02-06 06:53:00.015860,83.0
2025-02-06 06:54:00.008775,251.0
2025-02-06 06:55:00.049486,248.0
2025-02-06 06:56:00.160027,0.0
2025-02-06 06:57:00.068246,165.0
2025-02-06 06:58:00.077578,334.0
2025-02-06 06:59:00.141926,167.0
2025-02-06 07:00:00.023181,0.0
2025-02-06 07:01:00.059823,166.0
2025-02-06 07:02:00.119320,250.0
2025-02-06 07:03:00.021984,249.0
2025-02-06 07:04:00.058556,82.0
2025-02-06 07:05:00.016734,83.0
2025-02-06 07:06:00.005145,246.0
2025-02-06 07:07:00.041324,248.0
2025-02-06 07:08:00.130182,0.0
2025-02-06 07:09:00.033376,84.0
2025-02-06 07:10:00.151656,329.0
2025-02-06 07:11:00.029812,247.0
2025-02-06 07:12:00.018968,166.0
2025-02-06 07:13:00.063336,0.0
2025-02-06 07:14:00.140272,83.0
2025-02-06 07:15:00.027144,247.0
2025-02-06 07:16:00.044107,0.0
2025-02-06 07:17:00.084944,83.0
2025-02-06 07:18:00.030036,246.0
2025-02-06 07:19:00.139334,335.0
2025-02-06 07:20:00.119216,163.0
2025-02-06 07:21:00.154089,0.0
2025-02-06 07:22:00.095069,165.0
2025-02-06 07:23:00.146755,248.0
2025-02-06 07:24:00.009027,331.0
2025-02-06 07:25:00.079523,83.0
2025-02-06 07:26:00.133091,0.0
2025-02-06 07:27:00.132575,246.0
2025-02-06 07:28:00.089891,328.0
2025-02-06 07:29:00.119154,0.0
2025-02-06 07:30:00.013083,167.0
2025-02-06 07:31:00.147715,251.0
2025-02-06 07:32:00.125562,250.0
2025-02-06 07:33:00.004826,81.0
2025-02-06 07:34:00.093600,0.0
2025-02-06 07:35:00.125893,248.0
2025-02-06 07:36:00.021188,330.0
2025-02-06 07:37:00.104103,248.0
2025-02-06 07:38:00.107418,81.0
2025-02-06 07:39:00.158815,0.0
2025-02-06 07:40:00.059972,250.0
2025-02-06 07:41:00.120188,248.0
2025-02-06 07:42:00.122305,166.0
2025-02-06 07:43:00.033037,0.0
2025-02-06 07:44:00.043024,333.0
2025-02-06 07:45:00.134408,248.0
2025-02-06 07:46:00.133145,247.0
2025-02-06 07:47:00.144900,0.0
2025-02-06 07:48:00.011930,81.0
2025-02-06 07:49:00.090859,335.0
2025-02-06 07:50:00.029598,248.0
2025-02-06 07:51:00.108954,248.0
2025-02-06 07:52:00.049704,0.0
2025-02-06 07:53:00.119114,83.0
2025-02-06 07:54:00.104239,331.0
2025-02-06 07:55:00.023470,166.0
2025-02-06 07:56:00.023494,0.0
2025-02-06 07:57:00.051439,250.0
2025-02-06 07:58:00.080346,246.0
2025-02-06 07:59:00.087907,248.0
2025-02-06 08:00:00.168859,0.0
2025-02-06 08:01:00.138087,250.0
2025-02-06 08:02:00.101379,250.0
2025-02-06 08:03:00.152715,83.0
2025-02-06 08:04:00.030528,163.0
2025-02-06 08:05:00.161744,250.0
2025-02-06 08:06:00.140331,248.0
2025-02-06 08:07:00.124623,163.0
2025-02-06 08:08:00.053496,0.0
2025-02-06 08:09:00.131926,165.0
2025-02-06 08:10:00.164245,249.0
2025-02-06 08:11:00.122227,330.0
2025-02-06 08:12:00.179978,165.0
2025-02-06 08:13:00.051870,0.0
2025-02-06 08:14:00.033513,166.0
2025-02-06 08:15:00.107546,246.0
2025-02-06 08:16:00.110817,247.0
2025-02-06 08:17:00.094909,0.0
2025-02-06 08:18:00.027734,334.0
2025-02-06 08:19:00.036180,250.0
2025-02-06 08:20:00.148373,165.0
2025-02-06 08:21:00.045883,0.0
2025-02-06 08:22:00.027048,248.0
2025-02-06 08:23:00.070901,249.0
2025-02-06 08:24:00.127719,333.0
2025-02-06 08:25:00.179204,0.0
2025-02-06 08:26:00.157599,85.0
2025-02-06 08:27:00.003528,249.0
2025-02-06 08:28:00.014264,248.0
2025-02-06 08:29:00.068802,0.0
2025-02-06 08:30:00.151613,250.0
2025-02-06 08:31:00.180472,248.0
2025-02-06 08:32:00.053826,328.0
2025-02-06 08:33:00.011062,0.0
2025-02-06 08:34:00.179591,83.0
2025-02-06 08:35:00.172360,333.0
2025-02-06 08:36:00.047699,168.0
2025-02-06 08:37:00.139469,83.0
2025-02-06 08:38:00.174762,248.0
2025-02-06 08:39:00.069777,248.0
2025-02-06 08:40:00.113540,83.0
2025-02-06 08:41:00.126117,82.0
2025-02-06 08:42:00.107460,248.0
2025-02-06 08:43:00.160128,330.0
2025-02-06 08:44:00.057569,0.0
2025-02-06 08:45:00.033313,246.0
2025-02-06 08:46:00.140117,250.0
2025-02-06 08:47:00.141570,83.0
2025-02-06 08:48:00.116805,83.0
2025-02-06 08:49:00.167395,330.0
2025-02-06 08:50:00.031683,249.0
2025-02-06 08:51:00.088042,0.0
2025-02-06 08:52:00.019783,251.0
2025-02-06 08:53:00.029248,248.0
2025-02-06 08:54:00.162182,85.0
2025-02-06 08:55:00.059522,0.0
2025-02-06 08:56:00.133575,248.0
2025-02-06 08:57:00.030817,333.0
2025-02-06 08:58:00.025977,251.0
2025-02-06 08:59:00.020011,83.0
2025-02-06 09:00:00.055354,82.0
2025-02-06 09:01:00.012124,250.0
2025-02-06 09:02:00.128898,248.0
2025-02-06 09:03:00.097431,0.0
2025-02-06 09:04:00.078689,164.0
2025-02-06 09:05:00.033711,332.0
2025-02-06 09:06:00.038781,248.0
2025-02-06 09:07:00.094253,0.0
2025-02-06 09:08:00.169932,249.0
2025-02-06 09:09:00.164222,251.0
2025-02-06 09:10:00.109119,82.0
2025-02-06 09:11:00.072857,85.0
2025-02-06 09:12:00.158860,249.0
2025-02-06 09:13:00.169953,250.0
2025-02-06 09:14:00.081310,83.0
2025-02-06 09:15:00.158816,248.0
2025-02-06 09:16:00.051360,250.0
2025-02-06 09:17:00.027249,83.0
2025-02-06 09:18:00.178745,0.0
2025-02-06 09:19:00.048863,333.0
2025-02-06 09:20:00.080770,249.0
2025-02-06 09:21:00.163895,84.0
2025-02-06 09:22:00.062611,246.0
2025-02-06 09:23:00.112416,248.0
2025-02-06 09:24:00.014490,83.0
2025-02-06 09:25:00.077140,82.0
2025-02-06 09:26:00.114559,249.0
2025-02-06 09:27:00.012847,167.0
2025-02-06 09:28:00.050642,83.0
2025-02-06 09:29:00.063581,250.0
2025-02-06 09:30:00.150779,332.0
2025-02-06 09:31:00.105682,165.0
2025-02-06 09:32:00.068094,0.0
2025-02-06 09:33:00.103745,250.0
2025-02-06 09:34:00.016713,249.0
2025-02-06 09:35:00.089866,84.0
2025-02-06 09:36:00.145529,0.0
2025-02-06 09:37:00.033464,334.0
2025-02-06 09:38:00.077318,250.0
2025-02-06 09:39:00.160533,251.0
2025-02-06 09:40:00.144064,0.0
2025-02-06 09:41:00.149147,166.0
2025-02-06 09:42:00.068396,333.0
2025-02-06 09:43:00.090421,0.0
2025-02-06 09:44:00.091522,250.0
2025-02-06 09:45:00.118839,249.0
2025-02-06 09:46:00.149749,251.0
2025-02-06 09:47:00.068617,0.0
2025-02-06 09:48:00.034279,250.0
2025-02-06 09:49:00.174818,253.0
2025-02-06 09:50:00.048917,83.0
2025-02-06 09:51:00.029604,0.0
2025-02-06 09:52:00.161367,250.0
2025-02-06 09:53:00.095097,331.0
2025-02-06 09:54:00.023369,249.0
2025-02-06 09:55:00.111740,84.0
2025-02-06 09:56:00.124161,81.0
2025-02-06 09:57:00.009260,250.0
2025-02-06 09:58:00.093784,251.0
2025-02-06 09:59:00.107118,0.0
2025-02-06 10:00:00.100856,168.0
2025-02-06 10:01:00.056731,333.0
2025-02-06 10:02:00.072416,249.0
2025-02-06 10:03:00.037471,85.0
2025-02-06 10:04:00.112100,0.0
2025-02-06 10:05:00.079426,330.0
2025-02-06 10:06:00.085185,249.0
2025-02-06 10:07:00.108549,84.0
2025-02-06 10:08:00.049764,0.0
2025-02-06 10:09:00.136792,334.0
2025-02-06 10:10:00.046695,251.0
2025-02-06 10:11:00.053349,248.0
2025-02-06 10:12:00.011704,83.0
2025-02-06 10:13:00.008856,0.0
2025-02-06 10:14:00.136474,332.0
2025-02-06 10:15:00.072127,249.0
2025-02-06 10:16:00.049602,83.0
2025-02-06 10:17:00.083622,165.0
2025-02-06 10:18:00.023134,335.0
2025-02-06 10:19:00.038148,83.0
2025-02-06 10:20:00.080729,0.0
2025-02-06 10:21:00.132451,334.0
2025-02-06 10:22:00.031897,250.0
2025-02-06 10:23:00.060726,0.0
2025-02-06 10:24:00.150582,165.0
2025-02-06 10:25:00.113142,249.0
2025-02-06 10:26:00.048283,331.0
2025-02-06 10:27:00.011618,2.0
2025-02-06 10:28:00.010134,168.0
2025-02-06 10:29:00.158954,248.0
2025-02-06 10:30:00.131465,165.0
2025-02-06 10:31:00.010580,0.0
2025-02-06 10:32:00.102056,331.0
2025-02-06 10:33:00.051101,248.0
2025-02-06 10:34:00.019827,248.0
2025-02-06 10:35:00.068995,0.0
2025-02-06 10:36:00.116734,83.0
2025-02-06 10:37:00.050158,331.0
2025-02-06 10:38:00.115656,245.0
2025-02-06 10:39:00.095333,0.0
2025-02-06 10:40:00.117362,168.0
2025-02-06 10:41:00.105613,247.0
2025-02-06 10:42:00.116831,249.0
2025-02-06 10:43:00.133774,82.0
2025-02-06 10:44:00.054605,83.0
2025-02-06 10:45:00.113761,250.0
2025-02-06 10:46:00.166964,246.0
2025-02-06 10:47:00.103109,0.0
2025-02-06 10:48:00.035375,248.0
2025-02-06 10:49:00.031666,246.0
2025-02-06 10:50:00.021932,0.0
2025-02-06 10:51:00.073010,165.0
2025-02-06 10:52:00.158383,250.0
2025-02-06 10:53:00.046973,0.0
2025-02-06 10:54:00.081291,83.0
2025-02-06 10:55:00.034327,331.0
2025-02-06 10:56:00.101434,167.0
2025-02-06 10:57:00.152221,80.0
2025-02-06 10:58:00.177125,0.0
2025-02-06 10:59:00.066773,329.0
2025-02-06 11:00:00.140326,251.0
2025-02-06 11:01:00.028155,165.0
2025-02-06 11:02:00.108476,0.0
2025-02-06 11:03:00.123802,168.0
2025-02-06 11:04:00.153680,250.0
2025-02-06 11:05:00.008529,248.0
2025-02-06 11:06:00.133449,165.0
2025-02-06 11:07:00.114082,0.0
2025-02-06 11:08:00.170553,83.0
2025-02-06 11:09:00.130446,0.0
2025-02-06 11:10:00.132009,0.0
2025-02-06 11:11:00.116739,166.0
2025-02-06 11:12:00.132648,331.0
2025-02-06 11:13:00.008967,84.0
2025-02-06 11:14:00.029788,251.0
2025-02-06 11:15:00.162622,248.0
2025-02-06 11:16:00.167163,329.0
2025-02-06 11:17:00.046784,250.0
2025-02-06 11:18:00.136664,330.0
2025-02-06 11:19:00.148457,246.0
2025-02-06 11:20:00.092581,0.0
2025-02-06 11:21:00.044065,250.0
2025-02-06 11:22:00.074092,328.0
2025-02-06 11:23:00.131498,84.0
2025-02-06 11:24:00.099077,84.0
2025-02-06 11:25:00.134423,331.0
2025-02-06 11:26:00.039079,248.0
2025-02-06 11:27:00.084060,0.0
2025-02-06 11:28:00.116862,249.0
2025-02-06 11:29:00.077829,332.0
2025-02-06 11:30:00.144818,84.0
2025-02-06 11:31:00.171792,165.0
2025-02-06 11:32:00.121282,250.0
2025-02-06 11:33:00.067334,83.0
2025-02-06 11:34:00.032387,334.0
2025-02-06 11:35:00.036295,168.0
2025-02-06 11:36:00.083599,85.0
2025-02-06 11:37:00.058518,333.0
2025-02-06 11:38:00.129669,168.0
2025-02-06 11:39:00.076783,82.0
2025-02-06 11:40:00.077774,251.0
2025-02-06 11:41:00.068487,334.0
2025-02-06 11:42:00.043706,85.0
2025-02-06 11:43:00.085760,82.0
2025-02-06 11:44:00.027140,249.0
2025-02-06 11:45:00.083305,335.0
2025-02-06 11:46:00.154180,168.0
2025-02-06 11:47:00.038785,0.0
2025-02-06 11:48:00.115136,251.0
2025-02-06 11:49:00.013167,334.0
2025-02-06 11:50:00.020540,167.0
2025-02-06 11:51:00.081737,0.0
2025-02-06 11:52:00.130692,168.0
2025-02-06 11:53:00.018010,332.0
2025-02-06 11:54:00.074295,336.0
2025-02-06 11:55:00.124744,0.0
2025-02-06 11:56:00.188321,167.0
2025-02-06 11:57:00.059119,334.0
2025-02-06 11:58:00.131611,83.0
2025-02-06 11:59:00.156147,250.0
2025-02-06 12:00:00.120080,251.0
2025-02-06 12:01:00.097867,0.0
2025-02-06 12:02:00.182347,333.0
2025-02-06 12:03:00.059935,251.0
2025-02-06 12:04:00.154390,82.0
2025-02-06 12:05:00.137519,251.0
2025-02-06 12:06:00.081840,165.0
2025-02-06 12:07:00.092513,168.0
2025-02-06 12:08:00.070667,329.0
2025-02-06 12:09:00.063265,84.0
2025-02-06 12:10:00.093453,83.0
2025-02-06 12:11:00.035258,331.0
2025-02-06 12:12:00.122721,168.0
2025-02-06 12:13:00.147438,0.0
2025-02-06 12:14:00.043712,336.0
2025-02-06 12:15:00.061476,250.0
2025-02-06 12:16:00.086015,81.0
2025-02-06 12:17:00.139209,250.0
2025-02-06 12:18:00.117308,249.0
2025-02-06 12:19:00.082490,0.0
2025-02-06 12:20:00.136343,333.0
2025-02-06 12:21:00.161427,248.0
2025-02-06 12:22:00.101626,0.0
2025-02-06 12:23:00.194890,167.0
2025-02-06 12:24:00.012991,331.0
2025-02-06 12:25:00.127052,166.0
2025-02-06 12:26:00.017516,83.0
2025-02-06 12:27:00.103623,250.0
2025-02-06 12:28:00.114234,250.0
2025-02-06 12:29:00.052257,0.0
2025-02-06 12:30:00.158235,332.0
2025-02-06 12:31:00.044597,250.0
2025-02-06 12:32:00.164320,83.0
2025-02-06 12:33:00.144587,83.0
2025-02-06 12:34:00.087048,332.0
2025-02-06 12:35:00.012967,251.0
2025-02-06 12:36:00.058998,166.0
2025-02-06 12:37:00.034825,0.0
2025-02-06 12:38:00.096330,250.0
2025-02-06 12:39:00.033735,333.0
2025-02-06 12:40:00.086568,84.0
2025-02-06 12:41:00.122877,168.0
2025-02-06 12:42:00.018940,252.0
2025-02-06 12:43:00.025626,83.0
2025-02-06 12:44:00.090020,331.0
2025-02-06 12:45:00.165969,168.0
2025-02-06 12:46:00.098127,85.0
2025-02-06 12:47:00.121316,251.0
2025-02-06 12:48:00.045769,251.0
2025-02-06 12:49:00.041423,0.0
2025-02-06 12:50:00.150797,331.0
2025-02-06 12:51:00.056774,250.0
2025-02-06 12:52:00.157418,82.0
2025-02-06 12:53:00.151483,166.0
2025-02-06 12:54:00.117872,251.0
2025-02-06 12:55:00.076689,250.0
2025-02-06 12:56:00.076851,0.0
2025-02-06 12:57:00.135064,248.0
2025-02-06 12:58:00.021605,249.0
2025-02-06 12:59:00.042426,252.0
2025-02-06 13:00:00.144148,0.0
2025-02-06 13:01:00.174733,249.0
2025-02-06 13:02:00.006486,333.0
2025-02-06 13:03:00.086119,85.0
2025-02-06 13:04:00.137504,165.0
2025-02-06 13:05:00.162996,249.0
2025-02-06 13:06:00.156870,167.0
2025-02-06 13:07:00.097042,84.0
2025-02-06 13:08:00.146876,335.0
2025-02-06 13:09:00.015641,249.0
2025-02-06 13:10:00.067488,0.0
2025-02-06 13:11:00.104290,84.0
2025-02-06 13:12:00.151188,251.0
2025-02-06 13:13:00.098460,334.0
2025-02-06 13:14:00.143079,0.0
2025-02-06 13:15:00.011086,83.0
2025-02-06 13:16:00.077528,252.0
2025-02-06 13:17:00.146703,0.0
2025-02-06 13:18:00.017751,0.0
2025-02-06 13:19:00.089468,0.0
2025-02-06 13:20:00.076283,0.0
2025-02-06 13:21:00.026575,0.0
2025-02-06 13:22:00.065891,0.0
2025-02-06 13:23:00.163559,0.0
2025-02-06 13:24:00.038210,0.0
2025-02-06 13:25:00.101837,0.0
2025-02-06 13:26:00.149263,0.0
2025-02-06 13:27:00.023617,0.0
2025-02-06 13:28:00.007798,0.0
2025-02-06 13:29:00.172210,0.0
2025-02-06 13:30:00.110034,0.0
2025-02-06 13:31:00.066498,0.0
2025-02-06 13:32:00.054103,0.0
2025-02-06 13:33:00.046994,0.0
2025-02-06 13:34:00.028987,0.0
2025-02-06 13:35:00.082610,0.0
2025-02-06 13:36:00.171630,0.0
2025-02-06 13:37:00.169070,0.0
2025-02-06 13:38:00.041062,0.0
2025-02-06 13:39:00.086255,0.0
2025-02-06 13:40:00.014098,0.0
2025-02-06 13:41:00.084394,0.0
2025-02-06 13:42:00.142136,0.0
2025-02-06 13:43:00.140561,0.0
2025-02-06 13:44:00.016311,0.0
2025-02-06 13:45:00.072792,0.0
2025-02-06 13:46:00.159763,0.0
2025-02-06 13:47:00.051244,0.0
2025-02-06 13:48:00.131989,0.0
2025-02-06 13:49:00.147296,0.0
2025-02-06 13:50:00.025376,0.0
2025-02-06 13:51:00.081899,0.0
2025-02-06 13:52:00.106498,0.0
2025-02-06 13:53:00.184954,0.0
2025-02-06 13:54:00.069841,0.0
2025-02-06 13:55:00.080111,0.0
2025-02-06 13:56:00.160584,0.0
2025-02-06 13:57:00.131824,0.0
2025-02-06 13:58:00.096059,0.0
2025-02-06 13:59:00.169877,0.0
2025-02-06 14:00:00.069481,0.0
2025-02-06 14:01:00.143484,0.0
2025-02-06 14:02:00.031038,0.0
2025-02-06 14:03:00.022234,0.0
2025-02-06 14:04:00.154564,0.0
2025-02-06 14:05:00.111960,0.0
2025-02-06 14:06:00.142705,0.0
2025-02-06 14:07:00.068710,0.0
2025-02-06 14:08:00.113446,0.0
2025-02-06 14:09:00.139763,0.0
2025-02-06 14:10:00.110123,0.0
2025-02-06 14:11:00.008782,0.0
2025-02-06 14:12:00.184781,0.0
2025-02-06 14:13:00.040937,0.0
2025-02-06 14:14:00.120039,0.0
2025-02-06 14:15:00.184650,0.0
2025-02-06 14:16:00.040672,0.0
2025-02-06 14:17:00.023784,0.0
2025-02-06 14:18:00.174463,0.0
2025-02-06 14:19:00.115017,0.0
2025-02-06 14:20:00.085094,0.0
2025-02-06 14:21:00.078219,0.0
2025-02-06 14:22:00.155484,0.0
2025-02-06 14:23:00.041359,0.0
2025-02-06 14:24:00.051106,0.0
2025-02-06 14:25:00.122036,0.0
2025-02-06 14:26:00.158245,0.0
2025-02-06 14:27:00.092949,0.0
2025-02-06 14:28:00.145761,0.0
2025-02-06 14:29:00.153072,0.0
2025-02-06 14:30:00.114332,0.0
2025-02-06 14:31:00.105988,0.0
2025-02-06 14:32:00.037133,0.0
2025-02-06 14:33:00.051130,0.0
2025-02-06 14:34:00.146208,0.0
2025-02-06 14:35:00.068375,0.0
2025-02-06 14:36:00.156473,0.0
2025-02-06 14:37:00.074598,0.0
2025-02-06 14:38:00.129481,0.0
2025-02-06 14:39:00.065953,0.0
2025-02-06 14:40:00.138895,0.0
2025-02-06 14:41:00.159952,0.0
2025-02-06 14:42:00.099104,0.0
2025-02-06 14:43:00.167006,0.0
2025-02-06 14:44:00.010715,0.0
2025-02-06 14:45:00.080994,0.0
2025-02-06 14:46:00.005576,0.0
2025-02-06 14:47:00.078253,0.0
2025-02-06 14:48:00.005434,0.0
2025-02-06 14:49:00.143777,0.0
2025-02-06 14:50:00.067714,0.0
2025-02-06 14:51:00.023309,0.0
2025-02-06 14:52:00.078556,0.0
2025-02-06 14:53:00.097824,0.0
2025-02-06 14:54:00.050987,0.0
2025-02-06 14:55:00.159007,0.0
2025-02-06 14:56:00.038138,0.0
2025-02-06 14:57:00.142101,0.0
2025-02-06 14:58:00.151108,0.0
2025-02-06 14:59:00.113587,81.0
2025-02-06 15:00:00.099032,82.0
2025-02-06 15:01:00.117554,83.0
2025-02-06 15:02:00.140936,165.0
2025-02-06 15:03:00.031602,88.0
2025-02-06 15:04:00.063435,246.0
2025-02-06 15:05:00.140365,83.0
2025-02-06 15:06:00.140315,0.0
2025-02-06 15:07:00.086515,0.0
2025-02-06 15:08:00.127855,0.0
2025-02-06 15:09:00.173814,253.0
2025-02-06 15:10:00.068692,163.0
2025-02-06 15:11:00.111196,248.0
2025-02-06 15:12:00.024827,250.0
2025-02-06 15:13:00.042764,250.0
2025-02-06 15:14:00.040061,329.0
2025-02-06 15:15:00.033327,251.0
2025-02-06 15:16:00.139318,250.0
2025-02-06 15:17:00.003711,251.0
2025-02-06 15:18:00.096787,248.0
2025-02-06 15:19:00.087361,248.0
2025-02-06 15:20:00.160221,330.0
2025-02-06 15:21:00.045278,249.0
2025-02-06 15:22:00.119341,252.0
2025-02-06 15:23:00.148387,248.0
2025-02-06 15:24:00.174915,249.0
2025-02-06 15:25:00.038748,330.0
2025-02-06 15:26:00.089776,249.0
2025-02-06 15:27:00.082204,0.0
2025-02-06 15:28:00.050289,84.0
2025-02-06 15:29:00.123570,249.0
2025-02-06 15:30:00.053224,250.0
2025-02-06 15:31:00.032747,248.0
2025-02-06 15:32:00.088718,251.0
2025-02-06 15:33:00.102388,333.0
2025-02-06 15:34:00.006853,248.0
2025-02-06 15:35:00.106604,249.0
2025-02-06 15:36:00.032851,250.0
2025-02-06 15:37:00.088848,250.0
2025-02-06 15:38:00.096928,249.0
2025-02-06 15:39:00.058440,333.0
2025-02-06 15:40:00.155548,248.0
2025-02-06 15:41:00.181155,250.0
2025-02-06 15:42:00.014683,246.0
2025-02-06 15:43:00.123587,83.0
2025-02-06 15:44:00.127515,163.0
2025-02-06 15:45:00.014064,248.0
2025-02-06 15:46:00.037438,248.0
2025-02-06 15:47:00.114720,332.0
2025-02-06 15:48:00.095633,246.0
2025-02-06 15:49:00.033436,245.0
2025-02-06 15:50:00.091341,0.0
2025-02-06 15:51:00.015691,166.0
2025-02-06 15:52:00.010045,248.0
2025-02-06 15:53:00.100787,250.0
2025-02-06 15:54:00.020635,248.0
2025-02-06 15:55:00.053758,331.0
2025-02-06 15:56:00.116146,246.0
2025-02-06 15:57:00.008802,248.0
2025-02-06 15:58:00.083517,167.0
2025-02-06 15:59:00.121946,248.0
2025-02-06 16:00:00.136520,246.0
2025-02-06 16:01:00.159087,80.0
2025-02-06 16:02:00.088244,248.0
2025-02-06 16:03:00.171904,248.0
2025-02-06 16:04:00.118685,247.0
2025-02-06 16:05:00.086579,248.0
2025-02-06 16:06:00.140765,246.0
2025-02-06 16:07:00.162293,0.0
2025-02-06 16:08:00.094337,248.0
2025-02-06 16:09:00.070954,248.0
2025-02-06 16:10:00.012814,250.0
2025-02-06 16:11:00.077938,246.0
2025-02-06 16:12:00.120501,246.0
2025-02-06 16:13:00.164313,82.0
2025-02-06 16:14:00.048422,0.0
2025-02-06 16:15:00.140458,0.0
2025-02-06 16:16:00.131860,0.0
2025-02-06 16:17:00.101552,0.0
2025-02-06 16:18:00.085691,0.0
2025-02-06 16:19:00.060103,165.0
2025-02-06 16:20:00.097082,249.0
2025-02-06 16:21:00.101594,248.0
2025-02-06 16:22:00.122074,245.0
2025-02-06 16:23:00.052331,83.0
2025-02-06 16:24:00.151818,247.0
2025-02-06 16:25:00.087301,329.0
2025-02-06 16:26:00.164724,82.0
2025-02-06 16:27:00.027288,83.0
2025-02-06 16:28:00.066009,248.0
2025-02-06 16:29:00.106243,330.0
2025-02-06 16:30:00.075124,246.0
2025-02-06 16:31:00.003618,165.0
2025-02-06 16:32:00.019336,83.0
2025-02-06 16:33:00.104348,248.0
2025-02-06 16:34:00.117388,248.0
2025-02-06 16:35:00.061030,248.0
2025-02-06 16:36:00.144782,248.0
2025-02-06 16:37:00.174626,83.0
2025-02-06 16:38:00.101324,165.0
2025-02-06 16:39:00.017585,330.0
2025-02-06 16:40:00.026706,81.0
2025-02-06 16:41:00.076811,250.0
2025-02-06 16:42:00.135382,246.0
2025-02-06 16:43:00.149143,247.0
2025-02-06 16:44:00.025953,83.0
2025-02-06 16:45:00.069049,248.0
2025-02-06 16:46:00.088497,248.0
2025-02-06 16:47:00.026703,246.0
2025-02-06 16:48:00.124813,165.0
2025-02-06 16:49:00.166987,247.0
2025-02-06 16:50:00.057938,164.0
2025-02-06 16:51:00.108375,164.0
2025-02-06 16:52:00.167909,249.0
2025-02-06 16:53:00.165705,248.0
2025-02-06 16:54:00.063781,167.0
2025-02-06 16:55:00.113056,81.0
2025-02-06 16:56:00.066644,248.0
2025-02-06 16:57:00.006514,247.0
2025-02-06 16:58:00.017926,249.0
2025-02-06 16:59:00.153155,245.0
2025-02-06 17:00:00.054045,166.0
2025-02-06 17:01:00.151142,248.0
2025-02-06 17:02:00.038694,247.0
2025-02-06 17:03:00.072161,83.0
2025-02-06 17:04:00.155296,165.0
2025-02-06 17:05:00.006416,248.0
2025-02-06 17:06:00.078222,326.0
2025-02-06 17:07:00.011621,248.0
2025-02-06 17:08:00.058592,163.0
2025-02-06 17:09:00.040978,85.0
2025-02-06 17:10:00.143614,248.0
2025-02-06 17:11:00.134082,163.0
2025-02-06 17:12:00.034249,84.0
2025-02-06 17:13:00.098930,248.0
2025-02-06 17:14:00.126924,246.0
2025-02-06 17:15:00.116166,248.0
2025-02-06 17:16:00.163096,330.0
2025-02-06 17:17:00.057647,83.0
2025-02-06 17:18:00.084430,165.0
2025-02-06 17:19:00.111256,248.0
2025-02-06 17:20:00.041853,244.0
2025-02-06 17:21:00.081737,248.0
2025-02-06 17:22:00.104123,82.0
2025-02-06 17:23:00.012071,166.0
2025-02-06 17:24:00.158882,247.0
2025-02-06 17:25:00.011127,249.0
2025-02-06 17:26:00.018299,248.0
2025-02-06 17:27:00.132976,82.0
2025-02-06 17:28:00.112466,245.0
2025-02-06 17:29:00.012770,248.0
2025-02-06 17:30:00.027665,249.0
2025-02-06 17:31:00.096242,247.0
2025-02-06 17:32:00.094589,248.0
2025-02-06 17:33:00.044244,161.0
2025-02-06 17:34:00.023469,333.0
2025-02-06 17:35:00.119865,247.0
2025-02-06 17:36:00.145351,248.0
2025-02-06 17:37:00.158495,248.0
2025-02-06 17:38:00.164532,246.0
2025-02-06 17:39:00.035114,246.0
2025-02-06 17:40:00.143524,248.0
2025-02-06 17:41:00.151847,328.0
2025-02-06 17:42:00.057984,248.0
2025-02-06 17:43:00.099638,248.0
2025-02-06 17:44:00.072061,248.0
2025-02-06 17:45:00.093671,248.0
2025-02-06 17:46:00.037,247.0
2025-02-06 17:47:00.055035,249.0
2025-02-06 17:48:00.108870,250.0
2025-02-06 17:49:00.073693,328.0
2025-02-06 17:50:00.159434,248.0
2025-02-06 17:51:00.024604,248.0
2025-02-06 17:52:00.102449,248.0
2025-02-06 17:53:00.031515,245.0
2025-02-06 17:54:00.059384,251.0
2025-02-06 17:55:00.146717,248.0
2025-02-06 17:56:00.007367,328.0
2025-02-06 17:57:00.058167,246.0
2025-02-06 17:58:00.053051,248.0
2025-02-06 17:59:00.144474,247.0
2025-02-06 18:00:00.064336,249.0
2025-02-06 18:01:00.174622,248.0
2025-02-06 18:02:00.117735,247.0
2025-02-06 18:03:00.005326,331.0
2025-02-06 18:04:00.127142,248.0
2025-02-06 18:05:00.164310,248.0
2025-02-06 18:06:00.096294,250.0
2025-02-06 18:07:00.172148,248.0
2025-02-06 18:08:00.118014,248.0
2025-02-06 18:09:00.126434,248.0
2025-02-06 18:10:00.088545,246.0
2025-02-06 18:11:00.131462,331.0
2025-02-06 18:12:00.034556,248.0
2025-02-06 18:13:00.074678,250.0
2025-02-06 18:14:00.025659,246.0
2025-02-06 18:15:00.047631,248.0
2025-02-06 18:16:00.088642,248.0
2025-02-06 18:17:00.072927,248.0
2025-02-06 18:18:00.109945,248.0
2025-02-06 18:19:00.066441,333.0
2025-02-06 18:20:00.125501,248.0
2025-02-06 18:21:00.062916,248.0
2025-02-06 18:22:00.059291,248.0
2025-02-06 18:23:00.146054,248.0
2025-02-06 18:24:00.003319,246.0
2025-02-06 18:25:00.063952,247.0
2025-02-06 18:26:00.118126,248.0
2025-02-06 18:27:00.154828,328.0
2025-02-06 18:28:00.017989,248.0
2025-02-06 18:29:00.110775,248.0
2025-02-06 18:30:00.038402,248.0
2025-02-06 18:31:00.069201,248.0
2025-02-06 18:32:00.141576,248.0
2025-02-06 18:33:00.129532,248.0
2025-02-06 18:34:00.016251,329.0
2025-02-06 18:35:00.006682,247.0
2025-02-06 18:36:00.163430,246.0
2025-02-06 18:37:00.107668,248.0
2025-02-06 18:38:00.059873,247.0
2025-02-06 18:39:00.132983,81.0
2025-02-06 18:40:00.156065,248.0
2025-02-06 18:41:00.090611,248.0
2025-02-06 18:42:00.152865,248.0
2025-02-06 18:43:00.134036,248.0
2025-02-06 18:44:00.120335,248.0
2025-02-06 18:45:00.101261,82.0
2025-02-06 18:46:00.013832,248.0
2025-02-06 18:47:00.093258,249.0
2025-02-06 18:48:00.172772,248.0
2025-02-06 18:49:00.163628,330.0
2025-02-06 18:50:00.048854,248.0
2025-02-06 18:51:00.008649,248.0
2025-02-06 18:52:00.077157,246.0
2025-02-06 18:53:00.094068,248.0
2025-02-06 18:54:00.067573,250.0
2025-02-06 18:55:00.033431,248.0
2025-02-06 18:56:00.032273,0.0
2025-02-06 18:57:00.089443,248.0
2025-02-06 18:58:00.153324,250.0
2025-02-06 18:59:00.098672,249.0
2025-02-06 19:00:00.046921,247.0
2025-02-06 19:01:00.070750,246.0
2025-02-06 19:02:00.008152,83.0
2025-02-06 19:03:00.145522,331.0
2025-02-06 19:04:00.103586,248.0
2025-02-06 19:05:00.049810,250.0
2025-02-06 19:06:00.046638,245.0
2025-02-06 19:07:00.167675,248.0
2025-02-06 19:08:00.095172,81.0
2025-02-06 19:09:00.141458,167.0
2025-02-06 19:10:00.134958,249.0
2025-02-06 19:11:00.166704,247.0
2025-02-06 19:12:00.025554,249.0
2025-02-06 19:13:00.125715,248.0
2025-02-06 19:14:00.138016,250.0
2025-02-06 19:15:00.169810,250.0
2025-02-06 19:16:00.146920,249.0
2025-02-06 19:17:00.029022,82.0
2025-02-06 19:18:00.168592,165.0
2025-02-06 19:19:00.059726,248.0
2025-02-06 19:20:00.167203,164.0
2025-02-06 19:21:00.009627,250.0
2025-02-06 19:22:00.106389,248.0
2025-02-06 19:23:00.106425,250.0
2025-02-06 19:24:00.113005,329.0
2025-02-06 19:25:00.059487,2.0
2025-02-06 19:26:00.036847,248.0
2025-02-06 19:27:00.109751,249.0
2025-02-06 19:28:00.122279,248.0
2025-02-06 19:29:00.069803,252.0
2025-02-06 19:30:00.147121,249.0
2025-02-06 19:31:00.073181,247.0
2025-02-06 19:32:00.004166,166.0
2025-02-06 19:33:00.133665,248.0
2025-02-06 19:34:00.077487,251.0
2025-02-06 19:35:00.127567,248.0
2025-02-06 19:36:00.012858,83.0
2025-02-06 19:37:00.035970,167.0
2025-02-06 19:38:00.005870,328.0
2025-02-06 19:39:00.116510,248.0
2025-02-06 19:40:00.044060,249.0
2025-02-06 19:41:00.127122,250.0
2025-02-06 19:42:00.140344,250.0
2025-02-06 19:43:00.136406,163.0
2025-02-06 19:44:00.023504,0.0
2025-02-06 19:45:00.035825,246.0
2025-02-06 19:46:00.054117,250.0
2025-02-06 19:47:00.111457,248.0
2025-02-06 19:48:00.111919,248.0
2025-02-06 19:49:00.132264,249.0
2025-02-06 19:50:00.082737,248.0
2025-02-06 19:51:00.056921,250.0
2025-02-06 19:52:00.157638,248.0
2025-02-06 19:53:00.075403,248.0
2025-02-06 19:54:00.058854,250.0
2025-02-06 19:55:00.097119,83.0
2025-02-06 19:56:00.011640,83.0
2025-02-06 19:57:00.062610,250.0
2025-02-06 19:58:00.095850,249.0
2025-02-06 19:59:00.025046,330.0
2025-02-06 20:00:00.094444,249.0
2025-02-06 20:01:00.137834,247.0
2025-02-06 20:02:00.094701,83.0
2025-02-06 20:03:00.090863,82.0
2025-02-06 20:04:00.104166,249.0
2025-02-06 20:05:00.012164,248.0
2025-02-06 20:06:00.048849,251.0
2025-02-06 20:07:00.156071,333.0
2025-02-06 20:08:00.056567,247.0
2025-02-06 20:09:00.132820,166.0
2025-02-06 20:10:00.116128,248.0
2025-02-06 20:11:00.020722,245.0
2025-02-06 20:12:00.017447,248.0
2025-02-06 20:13:00.139057,248.0
2025-02-06 20:14:00.052498,83.0
2025-02-06 20:15:00.044957,168.0
2025-02-06 20:16:00.191911,246.0
2025-02-06 20:17:00.029398,250.0
2025-02-06 20:18:00.036055,328.0
2025-02-06 20:19:00.082776,250.0
2025-02-06 20:20:00.176070,164.0
2025-02-06 20:21:00.135598,0.0
2025-02-06 20:22:00.179777,248.0
2025-02-06 20:23:00.029226,252.0
2025-02-06 20:24:00.097130,249.0
2025-02-06 20:25:00.171153,245.0
2025-02-06 20:26:00.033581,248.0
2025-02-06 20:27:00.169590,245.0
2025-02-06 20:28:00.035106,81.0
2025-02-06 20:29:00.162672,165.0
2025-02-06 20:30:00.009846,247.0
2025-02-06 20:31:00.163719,246.0
2025-02-06 20:32:00.034486,246.0
2025-02-06 20:33:00.138261,247.0
2025-02-06 20:34:00.064026,246.0
2025-02-06 20:35:00.013081,83.0
2025-02-06 20:36:00.107447,248.0
2025-02-06 20:37:00.090881,248.0
2025-02-06 20:38:00.039576,250.0
2025-02-06 20:39:00.037200,248.0
2025-02-06 20:40:00.049205,248.0
2025-02-06 20:41:00.062172,83.0
2025-02-06 20:42:00.149576,248.0
2025-02-06 20:43:00.167201,250.0
2025-02-06 20:44:00.103589,249.0
2025-02-06 20:45:00.044228,248.0
2025-02-06 20:46:00.068272,167.0
2025-02-06 20:47:00.130181,83.0
2025-02-06 20:48:00.163561,248.0
2025-02-06 20:49:00.180087,250.0
2025-02-06 20:50:00.003230,248.0
2025-02-06 20:51:00.051834,334.0
2025-02-06 20:52:00.086839,83.0
2025-02-06 20:53:00.100462,82.0
2025-02-06 20:54:00.042139,248.0
2025-02-06 20:55:00.171120,249.0
2025-02-06 20:56:00.166195,164.0
2025-02-06 20:57:00.061487,164.0
2025-02-06 20:58:00.149561,250.0
2025-02-06 20:59:00.130027,248.0
2025-02-06 21:00:00.153931,248.0
2025-02-06 21:01:00.055284,0.0
2025-02-06 21:02:00.055051,0.0
2025-02-06 21:03:00.007275,166.0
2025-02-06 21:04:00.021876,248.0
2025-02-06 21:05:00.161329,252.0
2025-02-06 21:06:00.052143,249.0
2025-02-06 21:07:00.098149,248.0
2025-02-06 21:08:00.023873,250.0
2025-02-06 21:09:00.116008,249.0
2025-02-06 21:10:00.136115,250.0
2025-02-06 21:11:00.027232,165.0
2025-02-06 21:12:00.046536,249.0
2025-02-06 21:13:00.042413,250.0
2025-02-06 21:14:00.190977,80.0
2025-02-06 21:15:00.065486,165.0
2025-02-06 21:16:00.157310,251.0
2025-02-06 21:17:00.122417,248.0
2025-02-06 21:18:00.035053,250.0
2025-02-06 21:19:00.010874,249.0
2025-02-06 21:20:00.120153,83.0
2025-02-06 21:21:00.087834,165.0
2025-02-06 21:22:00.108133,250.0
2025-02-06 21:23:00.023886,249.0
2025-02-06 21:24:00.021474,248.0
2025-02-06 21:25:00.092154,250.0
2025-02-06 21:26:00.096825,83.0
2025-02-06 21:27:00.147760,250.0
2025-02-06 21:28:00.027928,248.0
2025-02-06 21:29:00.103559,249.0
2025-02-06 21:30:00.131570,2.0
2025-02-06 21:31:00.179502,246.0
2025-02-06 21:32:00.108352,250.0
2025-02-06 21:33:00.063002,330.0
2025-02-06 21:34:00.070722,246.0
2025-02-06 21:35:00.057472,248.0
2025-02-06 21:36:00.072592,0.0
2025-02-06 21:37:00.168735,250.0
2025-02-06 21:38:00.072179,249.0
2025-02-06 21:39:00.123206,248.0
2025-02-06 21:40:00.161652,247.0
2025-02-06 21:41:00.021871,163.0
2025-02-06 21:42:00.044630,165.0
2025-02-06 21:43:00.087581,246.0
2025-02-06 21:44:00.089147,250.0
2025-02-06 21:45:00.042574,248.0
2025-02-06 21:46:00.084891,83.0
2025-02-06 21:47:00.013226,248.0
2025-02-06 21:48:00.071072,249.0
2025-02-06 21:49:00.083228,252.0
2025-02-06 21:50:00.160012,248.0
2025-02-06 21:51:00.136301,0.0
2025-02-06 21:52:00.075882,249.0
2025-02-06 21:53:00.050636,251.0
2025-02-06 21:54:00.010347,247.0
2025-02-06 21:55:00.085301,249.0
2025-02-06 21:56:00.035813,248.0
2025-02-06 21:57:00.155297,85.0
2025-02-06 21:58:00.098711,165.0
2025-02-06 21:59:00.091144,250.0
2025-02-06 22:00:00.163670,248.0
2025-02-06 22:01:00.060968,332.0
2025-02-06 22:02:00.170084,250.0
2025-02-06 22:03:00.132842,83.0
2025-02-06 22:04:00.081418,165.0
2025-02-06 22:05:00.041940,248.0
2025-02-06 22:06:00.030711,251.0
2025-02-06 22:07:00.117260,248.0
2025-02-06 22:08:00.107051,165.0
2025-02-06 22:09:00.016489,165.0
2025-02-06 22:10:00.070148,246.0
2025-02-06 22:11:00.113580,250.0
2025-02-06 22:12:00.042191,249.0
2025-02-06 22:13:00.124343,250.0
2025-02-06 22:14:00.130592,166.0
2025-02-06 22:15:00.083104,168.0
2025-02-06 22:16:00.148322,248.0
2025-02-06 22:17:00.172865,252.0
2025-02-06 22:18:00.123141,248.0
2025-02-06 22:19:00.145285,0.0
2025-02-06 22:20:00.155109,248.0
2025-02-06 22:21:00.137716,248.0
2025-02-06 22:22:00.153598,331.0
2025-02-06 22:23:00.075663,248.0
2025-02-06 22:24:00.155218,251.0
2025-02-06 22:25:00.148192,82.0
2025-02-06 22:26:00.048971,169.0
2025-02-06 22:27:00.135820,248.0
2025-02-06 22:28:00.154614,330.0
2025-02-06 22:29:00.145179,251.0
2025-02-06 22:30:00.160247,165.0
2025-02-06 22:31:00.131430,83.0
2025-02-06 22:32:00.099953,250.0
2025-02-06 22:33:00.057044,331.0
2025-02-06 22:34:00.038588,249.0
2025-02-06 22:35:00.039788,247.0
2025-02-06 22:36:00.099840,0.0
2025-02-06 22:37:00.013432,333.0
2025-02-06 22:38:00.200493,248.0
2025-02-06 22:39:00.027035,251.0
2025-02-06 22:40:00.030054,0.0
2025-02-06 22:41:00.020597,248.0
2025-02-06 22:42:00.100675,334.0
2025-02-06 22:43:00.072437,250.0
2025-02-06 22:44:00.114333,246.0
2025-02-06 22:45:00.042571,0.0
2025-02-06 22:46:00.121256,167.0
2025-02-06 22:47:00.043627,332.0
2025-02-06 22:48:00.048995,253.0
2025-02-06 22:49:00.058812,333.0
2025-02-06 22:50:00.080770,83.0
2025-02-06 22:51:00.127455,85.0
2025-02-06 22:52:00.058159,246.0
2025-02-06 22:53:00.083301,333.0
2025-02-06 22:54:00.036402,248.0
2025-02-06 22:55:00.075802,165.0
2025-02-06 22:56:00.044724,85.0
2025-02-06 22:57:00.082705,249.0
2025-02-06 22:58:00.023499,330.0
2025-02-06 22:59:00.135343,248.0
2025-02-06 23:00:00.128561,82.0
2025-02-06 23:01:00.062488,164.0
2025-02-06 23:02:00.062903,248.0
2025-02-06 23:03:00.111253,332.0
2025-02-06 23:04:00.006733,249.0
2025-02-06 23:05:00.074617,165.0
2025-02-06 23:06:00.103798,83.0
2025-02-06 23:07:00.014496,248.0
2025-02-06 23:08:00.093365,331.0
2025-02-06 23:09:00.038600,250.0
2025-02-06 23:10:00.069286,163.0
2025-02-06 23:11:00.131053,83.0
2025-02-06 23:12:00.040743,250.0
2025-02-06 23:13:00.071608,331.0
2025-02-06 23:14:00.064480,250.0
2025-02-06 23:15:00.050757,246.0
2025-02-06 23:16:00.022685,165.0
2025-02-06 23:17:00.056364,250.0
2025-02-06 23:18:00.151705,81.0
2025-02-06 23:19:00.020779,250.0
2025-02-06 23:20:00.048508,246.0
2025-02-06 23:21:00.140782,330.0
2025-02-06 23:22:00.009918,81.0
2025-02-06 23:23:00.020574,85.0
2025-02-06 23:24:00.073152,250.0
2025-02-06 23:25:00.069287,336.0
2025-02-06 23:26:00.014757,248.0
2025-02-06 23:27:00.032794,168.0
2025-02-06 23:28:00.128405,83.0
2025-02-06 23:29:00.165203,331.0
2025-02-06 23:30:00.007392,250.0
2025-02-06 23:31:00.044816,168.0
2025-02-06 23:32:00.085045,168.0
2025-02-06 23:33:00.067929,246.0
2025-02-06 23:34:00.075444,336.0
2025-02-06 23:35:00.032522,0.0
2025-02-06 23:36:00.146507,248.0
2025-02-06 23:37:00.178144,253.0
2025-02-06 23:38:00.028136,250.0
2025-02-06 23:39:00.120514,246.0
2025-02-06 23:40:00.018347,166.0
2025-02-06 23:41:00.018574,84.0
2025-02-06 23:42:00.183435,251.0
2025-02-06 23:43:00.053015,331.0
2025-02-06 23:44:00.108756,168.0
2025-02-06 23:45:00.152171,0.0
2025-02-06 23:46:00.145602,331.0
2025-02-06 23:47:00.069749,250.0
2025-02-06 23:48:00.055664,328.0
2025-02-06 23:49:00.078391,81.0
2025-02-06 23:50:00.143916,332.0
2025-02-06 23:51:00.015938,83.0
2025-02-06 23:52:00.139978,251.0
2025-02-06 23:53:00.145861,250.0
2025-02-06 23:54:00.039032,331.0
2025-02-06 23:55:00.054593,0.0
2025-02-06 23:56:00.023773,251.0
2025-02-06 23:57:00.066400,246.0
2025-02-06 23:58:00.128622,330.0
2025-02-06 23:59:00.118937,330.0
2025-02-07 00:00:00.024486,248.0
2025-02-07 00:01:00.141622,329.0
2025-02-07 00:02:00.053028,167.0
2025-02-07 00:03:00.112606,166.0
2025-02-07 00:04:00.079899,250.0
2025-02-07 00:05:00.134195,331.0
2025-02-07 00:06:00.091064,249.0
2025-02-07 00:07:00.096255,332.0
2025-02-07 00:08:00.081214,164.0
2025-02-07 00:09:00.110261,248.0
2025-02-07 00:10:00.092871,330.0
2025-02-07 00:11:00.073981,82.0
2025-02-07 00:12:00.170207,252.0
2025-02-07 00:13:00.100897,247.0
2025-02-07 00:14:00.037267,329.0
2025-02-07 00:15:00.020918,250.0
2025-02-07 00:16:00.016646,330.0
2025-02-07 00:17:00.043589,328.0
2025-02-07 00:18:00.139879,166.0
2025-02-07 00:19:00.088585,248.0
2025-02-07 00:20:00.076344,82.0
2025-02-07 00:21:00.009585,251.0
2025-02-07 00:22:00.130582,331.0
2025-02-07 00:23:00.164602,250.0
2025-02-07 00:24:00.087937,331.0
2025-02-07 00:25:00.148865,168.0
2025-02-07 00:26:00.161876,81.0
2025-02-07 00:27:00.135513,332.0
2025-02-07 00:28:00.170154,249.0
2025-02-07 00:29:00.080750,333.0
2025-02-07 00:30:00.134808,250.0
2025-02-07 00:31:00.124551,332.0
2025-02-07 00:32:00.191030,250.0
2025-02-07 00:33:00.026007,250.0
2025-02-07 00:34:00.046068,0.0
2025-02-07 00:35:00.054259,332.0
2025-02-07 00:36:00.035777,250.0
2025-02-07 00:37:00.080530,248.0
2025-02-07 00:38:00.052611,333.0
2025-02-07 00:39:00.012473,248.0
2025-02-07 00:40:00.026212,248.0
2025-02-07 00:41:00.076497,0.0
2025-02-07 00:42:00.131792,248.0
2025-02-07 00:43:00.152140,333.0
2025-02-07 00:44:00.056816,251.0
2025-02-07 00:45:00.096455,168.0
2025-02-07 00:46:00.112785,0.0
2025-02-07 00:47:00.031927,334.0
2025-02-07 00:48:00.064550,250.0
2025-02-07 00:49:00.104845,334.0
2025-02-07 00:50:00.061954,167.0
2025-02-07 00:51:00.125584,83.0
2025-02-07 00:52:00.155102,249.0
2025-02-07 00:53:00.023410,332.0
2025-02-07 00:54:00.152325,248.0
2025-02-07 00:55:00.159613,0.0
2025-02-07 00:56:00.152451,169.0
2025-02-07 00:57:00.018769,333.0
2025-02-07 00:58:00.122234,250.0
2025-02-07 00:59:00.155206,329.0
2025-02-07 01:00:00.012807,83.0
2025-02-07 01:01:00.185287,84.0
2025-02-07 01:02:00.104690,332.0
2025-02-07 01:03:00.173838,247.0
2025-02-07 01:04:00.114325,329.0
2025-02-07 01:05:00.091213,247.0
2025-02-07 01:06:00.097514,0.0
2025-02-07 01:07:00.064958,249.0
2025-02-07 01:08:00.097394,330.0
2025-02-07 01:09:00.178932,330.0
2025-02-07 01:10:00.138073,164.0
2025-02-07 01:11:00.003018,84.0
2025-02-07 01:12:00.175766,248.0
2025-02-07 01:13:00.115588,248.0
2025-02-07 01:14:00.017175,0.0
2025-02-07 01:15:00.107278,331.0
2025-02-07 01:16:00.005252,248.0
2025-02-07 01:17:00.105371,331.0
2025-02-07 01:18:00.109438,0.0
2025-02-07 01:19:00.143674,250.0
2025-02-07 01:20:00.054448,249.0
2025-02-07 01:21:00.145604,333.0
2025-02-07 01:22:00.157073,165.0
2025-02-07 01:23:00.144506,0.0
2025-02-07 01:24:00.170480,333.0
2025-02-07 01:25:00.145851,249.0
2025-02-07 01:26:00.086446,335.0
2025-02-07 01:27:00.098501,0.0
2025-02-07 01:28:00.018,248.0
2025-02-07 01:29:00.091187,249.0
2025-02-07 01:30:00.115520,331.0
2025-02-07 01:31:00.009184,168.0
2025-02-07 01:32:00.093461,250.0
2025-02-07 01:33:00.006516,0.0
2025-02-07 01:34:00.159461,250.0
2025-02-07 01:35:00.005102,249.0
2025-02-07 01:36:00.134835,330.0
2025-02-07 01:37:00.025999,166.0
2025-02-07 01:38:00.070508,83.0
2025-02-07 01:39:00.158081,248.0
2025-02-07 01:40:00.159066,330.0
2025-02-07 01:41:00.163267,250.0
2025-02-07 01:42:00.134407,166.0
2025-02-07 01:43:00.043705,82.0
2025-02-07 01:44:00.131822,248.0
2025-02-07 01:45:00.135374,331.0
2025-02-07 01:46:00.092905,249.0
2025-02-07 01:47:00.122962,82.0
2025-02-07 01:48:00.052547,170.0
2025-02-07 01:49:00.050929,331.0
2025-02-07 01:50:00.060730,249.0
2025-02-07 01:51:00.132634,248.0
2025-02-07 01:52:00.114767,0.0
2025-02-07 01:53:00.154802,248.0
2025-02-07 01:54:00.130119,332.0
2025-02-07 01:55:00.130941,249.0
2025-02-07 01:56:00.162245,165.0
2025-02-07 01:57:00.038064,83.0
2025-02-07 01:58:00.128703,250.0
2025-02-07 01:59:00.124778,333.0
2025-02-07 02:00:00.186411,246.0
2025-02-07 02:01:00.192626,83.0
2025-02-07 02:02:00.092373,165.0
2025-02-07 02:03:00.140917,250.0
2025-02-07 02:04:00.023996,334.0
2025-02-07 02:05:00.034036,250.0
2025-02-07 02:06:00.111508,84.0
2025-02-07 02:07:00.157832,82.0
2025-02-07 02:08:00.043569,333.0
2025-02-07 02:09:00.124635,253.0
2025-02-07 02:10:00.172828,168.0
2025-02-07 02:11:00.042882,164.0
2025-02-07 02:12:00.136516,250.0
2025-02-07 02:13:00.004312,166.0
2025-02-07 02:14:00.051158,85.0
2025-02-07 02:15:00.086611,250.0
2025-02-07 02:16:00.144434,329.0
2025-02-07 02:17:00.070594,247.0
2025-02-07 02:18:00.109400,166.0
2025-02-07 02:19:00.145601,0.0
2025-02-07 02:20:00.023558,335.0
2025-02-07 02:21:00.052146,246.0
2025-02-07 02:22:00.149604,333.0
2025-02-07 02:23:00.025960,165.0
2025-02-07 02:24:00.122548,0.0
2025-02-07 02:25:00.013470,329.0
2025-02-07 02:26:00.190023,250.0
2025-02-07 02:27:00.213127,329.0
2025-02-07 02:28:00.093293,165.0
2025-02-07 02:29:00.163127,0.0
2025-02-07 02:30:00.044092,251.0
2025-02-07 02:31:00.124942,333.0
2025-02-07 02:32:00.147391,247.0
2025-02-07 02:33:00.140326,246.0
2025-02-07 02:34:00.173001,0.0
2025-02-07 02:35:00.139562,331.0
2025-02-07 02:36:00.037146,247.0
2025-02-07 02:37:00.131402,334.0
2025-02-07 02:38:00.012979,85.0
2025-02-07 02:39:00.096216,0.0
2025-02-07 02:40:00.095024,334.0
2025-02-07 02:41:00.063534,250.0
2025-02-07 02:42:00.148346,333.0
2025-02-07 02:43:00.020094,168.0
2025-02-07 02:44:00.194433,0.0
2025-02-07 02:45:00.223012,249.0
2025-02-07 02:46:00.012643,251.0
2025-02-07 02:47:00.025868,333.0
2025-02-07 02:48:00.161011,251.0
2025-02-07 02:49:00.058080,0.0
2025-02-07 02:50:00.069294,252.0
2025-02-07 02:51:00.136461,252.0
2025-02-07 02:52:00.012665,332.0
2025-02-07 02:53:00.083718,249.0
2025-02-07 02:54:00.149312,0.0
2025-02-07 02:55:00.183836,165.0
2025-02-07 02:56:00.042711,333.0
2025-02-07 02:57:00.091765,249.0
2025-02-07 02:58:00.164228,250.0
2025-02-07 02:59:00.062187,0.0
2025-02-07 03:00:00.012077,251.0
2025-02-07 03:01:00.165182,335.0
2025-02-07 03:02:00.097019,251.0
2025-02-07 03:03:00.008081,249.0
2025-02-07 03:04:00.204999,0.0
2025-02-07 03:05:00.151036,252.0
2025-02-07 03:06:00.149416,334.0
2025-02-07 03:07:00.031661,250.0
2025-02-07 03:08:00.134761,331.0
2025-02-07 03:09:00.146526,248.0
2025-02-07 03:10:00.070125,334.0
2025-02-07 03:11:00.079381,247.0
2025-02-07 03:12:00.167819,331.0
2025-02-07 03:13:00.232322,0.0
2025-02-07 03:14:00.170024,249.0
2025-02-07 03:15:00.158054,248.0
2025-02-07 03:16:00.076320,330.0
2025-02-07 03:17:00.155384,248.0
2025-02-07 03:18:00.151282,331.0
2025-02-07 03:19:00.065049,250.0
2025-02-07 03:20:00.025797,0.0
2025-02-07 03:21:00.155727,331.0
2025-02-07 03:22:00.082914,248.0
2025-02-07 03:23:00.085697,331.0
2025-02-07 03:24:00.131294,250.0
2025-02-07 03:25:00.168861,329.0
2025-02-07 03:26:00.056051,165.0
2025-02-07 03:27:00.118215,0.0
2025-02-07 03:28:00.063828,250.0
2025-02-07 03:29:00.054503,333.0
2025-02-07 03:30:00.140139,249.0
2025-02-07 03:31:00.209993,167.0
2025-02-07 03:32:00.032512,81.0
2025-02-07 03:33:00.174990,250.0
2025-02-07 03:34:00.118671,331.0
2025-02-07 03:35:00.025840,248.0
2025-02-07 03:36:00.125369,82.0
2025-02-07 03:37:00.031237,83.0
2025-02-07 03:38:00.043773,333.0
2025-02-07 03:39:00.088568,248.0
2025-02-07 03:40:00.170385,251.0
2025-02-07 03:41:00.166924,83.0
2025-02-07 03:42:00.090991,166.0
2025-02-07 03:43:00.125775,248.0
2025-02-07 03:44:00.041298,335.0
2025-02-07 03:45:00.110660,165.0
2025-02-07 03:46:00.160361,0.0
2025-02-07 03:47:00.066211,334.0
2025-02-07 03:48:00.076628,251.0
2025-02-07 03:49:00.153939,85.0
2025-02-07 03:50:00.054017,166.0
2025-02-07 03:51:00.073876,333.0
2025-02-07 03:52:00.156657,247.0
2025-02-07 03:53:00.062992,84.0
2025-02-07 03:54:00.093076,167.0
2025-02-07 03:55:00.178335,251.0
2025-02-07 03:56:00.021483,333.0
2025-02-07 03:57:00.173750,249.0
2025-02-07 03:58:00.093636,0.0
2025-02-07 03:59:00.018577,248.0
2025-02-07 04:00:00.061825,253.0
2025-02-07 04:01:00.148134,330.0
2025-02-07 04:02:00.047288,166.0
2025-02-07 04:03:00.180485,82.0
2025-02-07 04:04:00.032691,251.0
2025-02-07 04:05:00.012051,333.0
2025-02-07 04:06:00.077137,246.0
2025-02-07 04:07:00.012075,0.0
2025-02-07 04:08:00.025941,170.0
2025-02-07 04:09:00.077933,334.0
2025-02-07 04:10:00.127603,168.0
2025-02-07 04:11:00.070476,83.0
2025-02-07 04:12:00.089208,332.0
2025-02-07 04:13:00.168397,248.0
2025-02-07 04:14:00.131199,166.0
2025-02-07 04:15:00.086096,0.0
2025-02-07 04:16:00.072435,331.0
2025-02-07 04:17:00.004527,248.0
2025-02-07 04:18:00.078448,248.0
2025-02-07 04:19:00.099553,165.0
2025-02-07 04:20:00.018619,0.0
2025-02-07 04:21:00.073069,333.0
2025-02-07 04:22:00.153576,245.0
2025-02-07 04:23:00.067316,246.0
2025-02-07 04:24:00.063269,248.0
2025-02-07 04:25:00.173530,83.0
2025-02-07 04:26:00.065414,247.0
2025-02-07 04:27:00.056849,331.0
2025-02-07 04:28:00.144463,166.0
2025-02-07 04:29:00.177480,0.0
2025-02-07 04:30:00.102435,247.0
2025-02-07 04:31:00.156576,246.0
2025-02-07 04:32:00.008656,331.0
2025-02-07 04:33:00.061100,250.0
2025-02-07 04:34:00.129220,83.0
2025-02-07 04:35:00.038046,83.0
2025-02-07 04:36:00.105435,333.0
2025-02-07 04:37:00.140335,251.0
2025-02-07 04:38:00.042765,165.0
2025-02-07 04:39:00.087540,85.0
2025-02-07 04:40:00.145118,334.0
2025-02-07 04:41:00.060904,250.0
2025-02-07 04:42:00.063621,166.0
2025-02-07 04:43:00.025642,85.0
2025-02-07 04:44:00.027477,331.0
2025-02-07 04:45:00.040372,251.0
2025-02-07 04:46:00.154047,332.0
2025-02-07 04:47:00.012633,248.0
2025-02-07 04:48:00.135889,334.0
2025-02-07 04:49:00.083324,168.0
2025-02-07 04:50:00.027771,83.0
2025-02-07 04:51:00.100872,333.0
2025-02-07 04:52:00.150077,250.0
2025-02-07 04:53:00.172795,334.0
2025-02-07 04:54:00.056792,250.0
2025-02-07 04:55:00.136802,0.0
2025-02-07 04:56:00.186547,332.0
2025-02-07 04:57:00.074754,248.0
2025-02-07 04:58:00.130620,332.0
2025-02-07 04:59:00.008362,248.0
2025-02-07 05:00:00.047762,249.0
2025-02-07 05:01:00.110637,163.0
2025-02-07 05:02:00.111669,250.0
2025-02-07 05:03:00.048831,251.0
2025-02-07 05:04:00.041762,0.0
2025-02-07 05:05:00.098523,165.0
2025-02-07 05:06:00.147990,246.0
2025-02-07 05:07:00.023917,330.0
2025-02-07 05:08:00.021081,0.0
2025-02-07 05:09:00.138740,170.0
2025-02-07 05:10:00.003607,249.0
2025-02-07 05:11:00.150153,331.0
2025-02-07 05:12:00.138734,248.0
2025-02-07 05:13:00.022898,85.0
2025-02-07 05:14:00.155884,251.0
2025-02-07 05:15:00.010564,333.0
2025-02-07 05:16:00.106114,251.0
2025-02-07 05:17:00.159230,332.0
2025-02-07 05:18:00.163463,83.0
2025-02-07 05:19:00.132267,166.0
2025-02-07 05:20:00.117646,331.0
2025-02-07 05:21:00.061825,250.0
2025-02-07 05:22:00.134244,330.0
2025-02-07 05:23:00.156385,248.0
2025-02-07 05:24:00.010980,166.0
2025-02-07 05:25:00.086269,86.0
2025-02-07 05:26:00.174657,332.0
2025-02-07 05:27:00.113831,248.0
2025-02-07 05:28:00.103249,332.0
2025-02-07 05:29:00.114289,252.0
2025-02-07 05:30:00.170029,166.0
2025-02-07 05:31:00.071735,248.0
2025-02-07 05:32:00.102498,251.0
2025-02-07 05:33:00.037992,331.0
2025-02-07 05:34:00.063209,2.0
2025-02-07 05:35:00.055321,168.0
2025-02-07 05:36:00.101166,334.0
2025-02-07 05:37:00.044855,248.0
2025-02-07 05:38:00.005467,84.0
2025-02-07 05:39:00.055750,84.0
2025-02-07 05:40:00.042899,335.0
2025-02-07 05:41:00.039748,248.0
2025-02-07 05:42:00.108754,248.0
2025-02-07 05:43:00.136769,0.0
2025-02-07 05:44:00.153809,331.0
2025-02-07 05:45:00.049400,246.0
2025-02-07 05:46:00.013881,250.0
2025-02-07 05:47:00.120716,83.0
2025-02-07 05:48:00.055997,250.0
2025-02-07 05:49:00.064473,248.0
2025-02-07 05:50:00.084223,246.0
2025-02-07 05:51:00.125992,0.0
2025-02-07 05:52:00.107084,251.0
2025-02-07 05:53:00.123730,332.0
2025-02-07 05:54:00.075548,248.0
2025-02-07 05:55:00.066677,248.0
2025-02-07 05:56:00.132699,83.0
2025-02-07 05:57:00.017550,249.0
2025-02-07 05:58:00.072864,250.0
2025-02-07 05:59:00.115230,250.0
2025-02-07 06:00:00.015289,251.0
2025-02-07 06:01:00.172496,328.0
2025-02-07 06:02:00.139429,83.0
2025-02-07 06:03:00.187936,165.0
2025-02-07 06:04:00.025192,249.0
2025-02-07 06:05:00.089838,248.0
2025-02-07 06:06:00.028600,330.0
2025-02-07 06:07:00.023996,166.0
2025-02-07 06:08:00.026008,84.0
2025-02-07 06:09:00.007245,248.0
2025-02-07 06:10:00.117923,331.0
2025-02-07 06:11:00.104292,245.0
2025-02-07 06:12:00.079699,163.0
2025-02-07 06:13:00.021416,326.0
2025-02-07 06:14:00.135581,242.0
2025-02-07 06:15:00.173076,81.0
2025-02-07 06:16:00.087191,245.0
2025-02-07 06:17:00.101319,245.0
2025-02-07 06:18:00.012097,243.0
2025-02-07 06:19:00.027824,245.0
2025-02-07 06:20:00.105783,245.0
2025-02-07 06:21:00.145467,326.0
2025-02-07 06:22:00.122116,79.0
2025-02-07 06:23:00.056894,166.0
2025-02-07 06:24:00.131176,240.0
2025-02-07 06:25:00.016780,243.0
2025-02-07 06:26:00.119242,323.0
2025-02-07 06:27:00.018320,244.0
2025-02-07 06:28:00.041342,161.0
2025-02-07 06:29:00.104405,165.0
2025-02-07 06:30:00.108030,245.0
2025-02-07 06:31:00.087017,331.0
2025-02-07 06:32:00.032061,243.0
2025-02-07 06:33:00.009295,167.0
2025-02-07 06:34:00.107976,166.0
2025-02-07 06:35:00.123424,245.0
2025-02-07 06:36:00.048895,328.0
2025-02-07 06:37:00.096586,248.0
2025-02-07 06:38:00.021584,165.0
2025-02-07 06:39:00.123084,166.0
2025-02-07 06:40:00.148961,331.0
2025-02-07 06:41:00.089683,250.0
2025-02-07 06:42:00.048659,331.0
2025-02-07 06:43:00.048876,0.0
2025-02-07 06:44:00.056894,331.0
2025-02-07 06:45:00.109238,247.0
2025-02-07 06:46:00.145758,249.0
2025-02-07 06:47:00.035977,330.0
2025-02-07 06:48:00.003299,81.0
2025-02-07 06:49:00.136196,167.0
2025-02-07 06:50:00.108343,328.0
2025-02-07 06:51:00.055870,241.0
2025-02-07 06:52:00.157529,237.0
2025-02-07 06:53:00.084709,307.0
2025-02-07 06:54:00.037460,256.0
2025-02-07 06:55:00.143442,188.0
2025-02-07 06:56:00.062729,86.0
2025-02-07 06:57:00.151345,197.0
2025-02-07 06:58:00.005420,166.0
2025-02-07 06:59:00.012595,167.0
2025-02-07 07:00:00.068248,166.0
2025-02-07 07:01:00.147418,250.0
2025-02-07 07:02:00.143549,249.0
2025-02-07 07:03:00.009887,330.0
2025-02-07 07:04:00.132395,248.0
2025-02-07 07:05:00.161054,246.0
2025-02-07 07:06:00.059358,250.0
2025-02-07 07:07:00.099119,331.0
2025-02-07 07:08:00.046921,85.0
2025-02-07 07:09:00.038032,165.0
2025-02-07 07:10:00.030704,251.0
2025-02-07 07:11:00.142658,331.0
2025-02-07 07:12:00.027845,248.0
2025-02-07 07:13:00.135734,251.0
2025-02-07 07:14:00.120759,82.0
2025-02-07 07:15:00.154156,168.0
2025-02-07 07:16:00.158073,248.0
2025-02-07 07:17:00.065360,331.0
2025-02-07 07:18:00.129611,250.0
2025-02-07 07:19:00.081587,329.0
2025-02-07 07:20:00.066094,250.0
2025-02-07 07:21:00.109102,248.0
2025-02-07 07:22:00.160987,85.0
2025-02-07 07:23:00.049480,248.0
2025-02-07 07:24:00.011101,329.0
2025-02-07 07:25:00.051657,247.0
2025-02-07 07:26:00.066233,332.0
2025-02-07 07:27:00.102283,248.0
2025-02-07 07:28:00.019846,84.0
2025-02-07 07:29:00.163957,0.0
2025-02-07 07:30:00.182678,329.0
2025-02-07 07:31:00.163230,250.0
2025-02-07 07:32:00.118846,249.0
2025-02-07 07:33:00.116063,333.0
2025-02-07 07:34:00.039799,248.0
2025-02-07 07:35:00.167880,83.0
2025-02-07 07:36:00.175880,248.0
2025-02-07 07:37:00.080216,250.0
2025-02-07 07:38:00.010425,331.0
2025-02-07 07:39:00.051954,165.0
2025-02-07 07:40:00.135895,82.0
2025-02-07 07:41:00.149249,332.0
2025-02-07 07:42:00.139877,247.0
2025-02-07 07:43:00.116415,334.0
2025-02-07 07:44:00.061991,167.0
2025-02-07 07:45:00.036715,83.0
2025-02-07 07:46:00.110978,331.0
2025-02-07 07:47:00.126166,248.0
2025-02-07 07:48:00.139666,334.0
2025-02-07 07:49:00.037138,252.0
2025-02-07 07:50:00.138962,0.0
2025-02-07 07:51:00.025733,336.0
2025-02-07 07:52:00.067776,249.0
2025-02-07 07:53:00.140438,335.0
2025-02-07 07:54:00.165077,249.0
2025-02-07 07:55:00.135245,0.0
2025-02-07 07:56:00.110639,333.0
2025-02-07 07:57:00.023021,250.0
2025-02-07 07:58:00.032440,334.0
2025-02-07 07:59:00.098476,250.0
2025-02-07 08:00:00.163669,249.0
2025-02-07 08:01:00.142133,0.0
2025-02-07 08:02:00.033714,248.0
2025-02-07 08:03:00.017128,250.0
2025-02-07 08:04:00.155763,333.0
2025-02-07 08:05:00.161472,166.0
2025-02-07 08:06:00.012856,83.0
2025-02-07 08:07:00.151161,165.0
2025-02-07 08:08:00.089770,331.0
2025-02-07 08:09:00.168148,335.0
2025-02-07 08:10:00.018721,249.0
2025-02-07 08:11:00.014059,163.0
2025-02-07 08:12:00.181378,0.0
2025-02-07 08:13:00.083754,253.0
2025-02-07 08:14:00.029246,336.0
2025-02-07 08:15:00.158146,250.0
2025-02-07 08:16:00.101769,253.0
2025-02-07 08:17:00.053207,0.0
2025-02-07 08:18:00.183780,0.0
2025-02-07 08:19:00.138245,249.0
2025-02-07 08:20:00.062096,251.0
2025-02-07 08:21:00.038530,335.0
2025-02-07 08:22:00.059232,85.0
2025-02-07 08:23:00.045519,80.0
2025-02-07 08:24:00.069902,0.0
2025-02-07 08:25:00.103770,252.0
2025-02-07 08:26:00.111155,336.0
2025-02-07 08:27:00.058913,336.0
2025-02-07 08:28:00.105077,0.0
2025-02-07 08:29:00.147345,0.0
2025-02-07 08:30:00.105864,250.0
2025-02-07 08:31:00.203854,251.0
2025-02-07 08:32:00.109504,335.0
2025-02-07 08:33:00.100433,81.0
2025-02-07 08:34:00.083816,0.0
2025-02-07 08:35:00.170504,83.0
2025-02-07 08:36:00.177328,333.0
2025-02-07 08:37:00.018716,248.0
2025-02-07 08:38:00.122468,250.0
2025-02-07 08:39:00.135285,0.0
2025-02-07 08:40:00.150906,0.0
2025-02-07 08:41:00.012528,251.0
2025-02-07 08:42:00.027014,333.0
2025-02-07 08:43:00.080477,248.0
2025-02-07 08:44:00.149541,83.0
2025-02-07 08:45:00.008456,0.0
2025-02-07 08:46:00.095604,166.0
2025-02-07 08:47:00.070421,248.0
2025-02-07 08:48:00.013204,335.0
2025-02-07 08:49:00.118117,248.0
2025-02-07 08:50:00.030085,83.0
2025-02-07 08:51:00.191288,0.0
2025-02-07 08:52:00.059790,165.0
2025-02-07 08:53:00.121491,249.0
2025-02-07 08:54:00.074958,250.0
2025-02-07 08:55:00.111875,331.0
2025-02-07 08:56:00.207205,83.0
2025-02-07 08:57:00.126956,82.0
2025-02-07 08:58:00.072061,333.0
2025-02-07 08:59:00.088401,251.0
2025-02-07 09:00:00.049286,331.0
2025-02-07 09:01:00.031008,167.0
2025-02-07 09:02:00.098358,0.0
2025-02-07 09:03:00.154565,164.0
2025-02-07 09:04:00.166771,252.0
2025-02-07 09:05:00.167337,334.0
2025-02-07 09:06:00.104444,250.0
2025-02-07 09:07:00.179728,166.0
2025-02-07 09:08:00.029544,83.0
2025-02-07 09:09:00.072686,247.0
2025-02-07 09:10:00.065863,329.0
2025-02-07 09:11:00.109875,167.0
2025-02-07 09:12:00.009159,83.0
2025-02-07 09:13:00.114620,165.0
2025-02-07 09:14:00.119297,331.0
2025-02-07 09:15:00.134677,249.0
2025-02-07 09:16:00.108588,250.0
2025-02-07 09:17:00.048942,82.0
2025-02-07 09:18:00.187367,251.0
2025-02-07 09:19:00.170559,248.0
2025-02-07 09:20:00.187745,249.0
2025-02-07 09:21:00.030326,333.0
2025-02-07 09:22:00.130716,167.0
2025-02-07 09:23:00.140236,81.0
2025-02-07 09:24:00.184069,167.0
2025-02-07 09:25:00.182768,251.0
2025-02-07 09:26:00.086922,246.0
2025-02-07 09:27:00.146744,165.0
2025-02-07 09:28:00.062127,246.0
2025-02-07 09:29:00.081844,165.0
2025-02-07 09:30:00.178360,331.0
2025-02-07 09:31:00.092439,165.0
2025-02-07 09:32:00.133068,0.0
2025-02-07 09:33:00.038901,253.0
2025-02-07 09:34:00.129564,248.0
2025-02-07 09:35:00.124791,251.0
2025-02-07 09:36:00.034234,333.0
2025-02-07 09:37:00.043352,82.0
2025-02-07 09:38:00.174683,0.0
2025-02-07 09:39:00.085468,166.0
2025-02-07 09:40:00.007783,250.0
2025-02-07 09:41:00.030739,332.0
2025-02-07 09:42:00.124648,250.0
2025-02-07 09:43:00.042419,83.0
2025-02-07 09:44:00.011555,168.0
2025-02-07 09:45:00.067557,333.0
2025-02-07 09:46:00.115626,251.0
2025-02-07 09:47:00.110061,250.0
2025-02-07 09:48:00.088894,83.0
2025-02-07 09:49:00.065932,0.0
2025-02-07 09:50:00.024150,168.0
2025-02-07 09:51:00.089217,334.0
2025-02-07 09:52:00.090544,252.0
2025-02-07 09:53:00.042921,166.0
2025-02-07 09:54:00.074980,168.0
2025-02-07 09:55:00.099703,0.0
2025-02-07 09:56:00.011403,250.0
2025-02-07 09:57:00.050159,331.0
2025-02-07 09:58:00.052027,248.0
2025-02-07 09:59:00.181202,81.0
2025-02-07 10:00:00.043867,165.0
2025-02-07 10:01:00.101663,0.0
2025-02-07 10:02:00.015293,333.0
2025-02-07 10:03:00.087352,250.0
2025-02-07 10:04:00.058659,334.0
2025-02-07 10:05:00.049545,0.0
2025-02-07 10:06:00.015344,166.0
2025-02-07 10:07:00.131307,165.0
2025-02-07 10:08:00.114655,250.0
2025-02-07 10:09:00.014593,336.0
2025-02-07 10:10:00.126241,168.0
2025-02-07 10:11:00.018704,85.0
2025-02-07 10:12:00.152317,81.0
2025-02-07 10:13:00.038849,251.0
2025-02-07 10:14:00.085328,335.0
2025-02-07 10:15:00.060756,246.0
2025-02-07 10:16:00.121215,167.0
2025-02-07 10:17:00.003547,0.0
2025-02-07 10:18:00.041171,80.0
2025-02-07 10:19:00.154431,248.0
2025-02-07 10:20:00.212167,334.0
2025-02-07 10:21:00.108051,248.0
2025-02-07 10:22:00.132133,250.0
2025-02-07 10:23:00.094864,83.0
2025-02-07 10:24:00.154895,0.0
2025-02-07 10:25:00.090808,83.0
2025-02-07 10:26:00.086309,250.0
2025-02-07 10:27:00.025670,248.0
2025-02-07 10:28:00.144536,331.0
2025-02-07 10:29:00.153870,80.0
2025-02-07 10:30:00.104390,0.0
2025-02-07 10:31:00.097932,166.0
2025-02-07 10:32:00.028336,250.0
2025-02-07 10:33:00.089773,329.0
2025-02-07 10:34:00.103932,250.0
2025-02-07 10:35:00.019301,165.0
2025-02-07 10:36:00.003376,85.0
2025-02-07 10:37:00.152036,246.0
2025-02-07 10:38:00.146531,333.0
2025-02-07 10:39:00.015605,253.0
2025-02-07 10:40:00.168382,83.0
2025-02-07 10:41:00.069990,0.0
2025-02-07 10:42:00.063017,333.0
2025-02-07 10:43:00.136318,248.0
2025-02-07 10:44:00.154681,332.0
2025-02-07 10:45:00.064533,0.0
2025-02-07 10:46:00.049745,250.0
2025-02-07 10:47:00.027246,331.0
2025-02-07 10:48:00.032889,250.0
2025-02-07 10:49:00.136814,168.0
2025-02-07 10:50:00.066444,245.0
2025-02-07 10:51:00.158914,81.0
2025-02-07 10:52:00.119150,247.0
2025-02-07 10:53:00.129822,249.0
2025-02-07 10:54:00.059120,82.0
2025-02-07 10:55:00.066781,331.0
2025-02-07 10:56:00.093822,166.0
2025-02-07 10:57:00.121811,82.0
2025-02-07 10:58:00.128505,248.0
2025-02-07 10:59:00.041325,334.0
2025-02-07 11:00:00.118308,335.0
2025-02-07 11:01:00.157875,0.0
2025-02-07 11:02:00.080123,0.0
2025-02-07 11:03:00.068621,334.0
2025-02-07 11:04:00.071191,333.0
2025-02-07 11:05:00.096054,248.0
2025-02-07 11:06:00.115919,83.0
2025-02-07 11:07:00.070317,0.0
2025-02-07 11:08:00.127056,167.0
2025-02-07 11:09:00.056635,249.0
2025-02-07 11:10:00.171106,333.0
2025-02-07 11:11:00.103743,251.0
2025-02-07 11:12:00.018555,165.0
2025-02-07 11:13:00.108618,0.0
2025-02-07 11:14:00.176245,248.0
2025-02-07 11:15:00.165785,250.0
2025-02-07 11:16:00.007226,332.0
2025-02-07 11:17:00.036604,250.0
2025-02-07 11:18:00.050365,0.0
2025-02-07 11:19:00.130710,0.0
2025-02-07 11:20:00.116183,331.0
2025-02-07 11:21:00.038229,331.0
2025-02-07 11:22:00.107285,247.0
2025-02-07 11:23:00.170353,331.0
2025-02-07 11:24:00.163352,2.0
2025-02-07 11:25:00.083714,83.0
2025-02-07 11:26:00.062974,329.0
2025-02-07 11:27:00.107612,332.0
2025-02-07 11:28:00.128705,246.0
2025-02-07 11:29:00.025141,0.0
2025-02-07 11:30:00.139347,85.0
2025-02-07 11:31:00.003560,249.0
2025-02-07 11:32:00.106461,332.0
2025-02-07 11:33:00.165428,251.0
2025-02-07 11:34:00.121344,0.0
2025-02-07 11:35:00.165244,83.0
2025-02-07 11:36:00.182920,248.0
2025-02-07 11:37:00.066673,331.0
2025-02-07 11:38:00.026921,250.0
2025-02-07 11:39:00.016101,246.0
2025-02-07 11:40:00.007438,0.0
2025-02-07 11:41:00.127173,248.0
2025-02-07 11:42:00.073270,331.0
2025-02-07 11:43:00.143296,164.0
2025-02-07 11:44:00.024688,83.0
2025-02-07 11:45:00.116676,249.0
2025-02-07 11:46:00.054769,250.0
2025-02-07 11:47:00.086939,166.0
2025-02-07 11:48:00.006425,332.0
2025-02-07 11:49:00.061868,248.0
2025-02-07 11:50:00.157621,0.0
2025-02-07 11:51:00.159289,251.0
2025-02-07 11:52:00.092329,246.0
2025-02-07 11:53:00.051318,331.0
2025-02-07 11:54:00.166733,84.0
2025-02-07 11:55:00.164500,0.0
2025-02-07 11:56:00.102731,331.0
2025-02-07 11:57:00.034640,249.0
2025-02-07 11:58:00.087730,336.0
2025-02-07 11:59:00.022187,82.0
2025-02-07 12:00:00.164962,165.0
2025-02-07 12:01:00.127758,251.0
2025-02-07 12:02:00.108770,333.0
2025-02-07 12:03:00.036876,331.0
2025-02-07 12:04:00.023878,165.0
2025-02-07 12:05:00.141281,0.0
2025-02-07 12:06:00.096881,251.0
2025-02-07 12:07:00.014246,333.0
2025-02-07 12:08:00.063442,249.0
2025-02-07 12:09:00.011561,85.0
2025-02-07 12:10:00.054720,163.0
2025-02-07 12:11:00.062730,85.0
2025-02-07 12:12:00.033988,335.0
2025-02-07 12:13:00.175686,251.0
2025-02-07 12:14:00.160762,245.0
2025-02-07 12:15:00.046520,84.0
2025-02-07 12:16:00.147419,165.0
2025-02-07 12:17:00.104576,330.0
2025-02-07 12:18:00.032706,249.0
2025-02-07 12:19:00.134927,328.0
2025-02-07 12:20:00.006347,80.0
2025-02-07 12:21:00.076844,84.0
2025-02-07 12:22:00.182312,84.0
2025-02-07 12:23:00.008060,330.0
2025-02-07 12:24:00.151100,331.0
2025-02-07 12:25:00.158909,248.0
2025-02-07 12:26:00.089341,250.0
2025-02-07 12:27:00.071651,0.0
2025-02-07 12:28:00.035637,166.0
2025-02-07 12:29:00.161659,333.0
2025-02-07 12:30:00.129140,248.0
2025-02-07 12:31:00.012193,330.0
2025-02-07 12:32:00.009127,0.0
2025-02-07 12:33:00.045495,81.0
2025-02-07 12:34:00.088909,335.0
2025-02-07 12:35:00.084898,331.0
2025-02-07 12:36:00.009515,246.0
2025-02-07 12:37:00.032816,0.0
2025-02-07 12:38:00.012757,0.0
2025-02-07 12:39:00.153742,331.0
2025-02-07 12:40:00.167136,330.0
2025-02-07 12:41:00.182464,248.0
2025-02-07 12:42:00.123161,248.0
2025-02-07 12:43:00.028845,0.0
2025-02-07 12:44:00.073521,83.0
2025-02-07 12:45:00.009746,336.0
2025-02-07 12:46:00.110548,330.0
2025-02-07 12:47:00.104119,168.0
2025-02-07 12:48:00.051138,0.0
2025-02-07 12:49:00.171608,166.0
2025-02-07 12:50:00.114885,333.0
2025-02-07 12:51:00.088969,333.0
2025-02-07 12:52:00.144016,249.0
2025-02-07 12:53:00.007937,0.0
2025-02-07 12:54:00.172949,0.0
2025-02-07 12:55:00.102427,333.0
2025-02-07 12:56:00.014771,249.0
2025-02-07 12:57:00.129400,334.0
2025-02-07 12:58:00.115048,168.0
2025-02-07 12:59:00.155078,0.0
2025-02-07 13:00:00.093714,166.0
2025-02-07 13:01:00.089338,332.0
2025-02-07 13:02:00.123700,336.0
2025-02-07 13:03:00.136635,166.0
2025-02-07 13:04:00.168781,0.0
2025-02-07 13:05:00.009017,166.0
2025-02-07 13:06:00.099349,250.0
2025-02-07 13:07:00.011083,334.0
2025-02-07 13:08:00.062821,252.0
2025-02-07 13:09:00.158455,80.0
2025-02-07 13:10:00.072525,0.0
2025-02-07 13:11:00.057249,330.0
2025-02-07 13:12:00.166823,248.0
2025-02-07 13:13:00.136013,332.0
2025-02-07 13:14:00.030428,82.0
2025-02-07 13:15:00.042004,84.0
2025-02-07 13:16:00.024624,248.0
2025-02-07 13:17:00.036921,334.0
2025-02-07 13:18:00.109934,250.0
2025-02-07 13:19:00.118192,166.0
2025-02-07 13:20:00.066407,0.0
2025-02-07 13:21:00.098395,250.0
2025-02-07 13:22:00.201259,252.0
2025-02-07 13:23:00.022911,248.0
2025-02-07 13:24:00.066804,328.0
2025-02-07 13:25:00.045299,0.0
2025-02-07 13:26:00.038474,166.0
2025-02-07 13:27:00.168618,246.0
2025-02-07 13:28:00.097489,324.0
2025-02-07 13:29:00.148873,236.0
2025-02-07 13:30:00.021712,80.0
2025-02-07 13:31:00.070713,82.0
2025-02-07 13:32:00.103559,324.0
2025-02-07 13:33:00.071484,238.0
2025-02-07 13:34:00.100462,322.0
2025-02-07 13:35:00.040284,78.0
2025-02-07 13:36:00.076252,164.0
2025-02-07 13:37:00.104560,324.0
2025-02-07 13:38:00.016057,160.0
2025-02-07 13:39:00.107597,168.0
2025-02-07 13:40:00.147358,240.0
2025-02-07 13:41:00.108965,248.0
2025-02-07 13:42:00.046245,326.0
2025-02-07 13:43:00.010872,80.0
2025-02-07 13:44:00.147200,164.0
2025-02-07 13:45:00.051163,326.0
2025-02-07 13:46:00.144029,82.0
2025-02-07 13:47:00.028092,330.0
2025-02-07 13:48:00.027955,80.0
2025-02-07 13:49:00.017971,248.0
2025-02-07 13:50:00.143653,242.0
2025-02-07 13:51:00.031370,244.0
2025-02-07 13:52:00.177745,0.0
2025-02-07 13:53:00.019098,332.0
2025-02-07 13:54:00.011992,330.0
2025-02-07 13:55:00.032593,244.0
2025-02-07 13:56:00.053118,164.0
2025-02-07 13:57:00.033792,0.0
2025-02-07 13:58:00.104462,328.0
2025-02-07 13:59:00.122855,248.0
2025-02-07 14:00:00.077782,244.0
2025-02-07 14:01:00.065733,246.0
2025-02-07 14:02:00.034074,0.0
2025-02-07 14:03:00.051849,330.0
2025-02-07 14:04:00.100172,246.0
2025-02-07 14:05:00.141153,166.0
2025-02-07 14:06:00.008167,248.0
2025-02-07 14:07:00.034186,84.0
2025-02-07 14:08:00.168095,330.0
2025-02-07 14:09:00.048392,82.0
2025-02-07 14:10:00.081711,164.0
2025-02-07 14:11:00.045410,332.0
2025-02-07 14:12:00.108630,164.0
2025-02-07 14:13:00.075120,84.0
2025-02-07 14:14:00.057959,334.0
2025-02-07 14:15:00.102809,248.0
2025-02-07 14:16:00.061416,332.0
2025-02-07 14:17:00.061480,252.0
2025-02-07 14:18:00.073925,168.0
2025-02-07 14:19:00.112734,0.0
2025-02-07 14:20:00.006961,0.0
2025-02-07 14:21:00.132429,0.0
2025-02-07 14:22:00.050481,0.0
2025-02-07 14:23:00.114063,0.0
2025-02-07 14:24:00.129398,0.0
2025-02-07 14:25:00.050411,0.0
2025-02-07 14:26:00.138582,0.0
2025-02-07 14:27:00.127279,0.0
2025-02-07 14:28:00.039290,0.0
2025-02-07 14:29:00.112304,0.0
2025-02-07 14:30:00.028301,0.0
2025-02-07 14:31:00.070361,0.0
2025-02-07 14:32:00.026773,0.0
2025-02-07 14:33:00.103904,0.0
2025-02-07 14:34:00.092599,0.0
2025-02-07 14:35:00.014143,250.0
2025-02-07 14:36:00.125354,246.0
2025-02-07 14:37:00.121019,330.0
2025-02-07 14:38:00.159266,326.0
2025-02-07 14:39:00.058248,0.0
2025-02-07 14:40:00.061294,246.0
2025-02-07 14:41:00.020011,328.0
2025-02-07 14:42:00.036042,164.0
2025-02-07 14:43:00.146402,164.0
2025-02-07 14:44:00.113956,330.0
2025-02-07 14:45:00.150441,242.0
2025-02-07 14:46:00.122346,324.0
2025-02-07 14:47:00.158881,236.0
2025-02-07 14:48:00.088170,156.0
2025-02-07 14:49:00.162548,236.0
2025-02-07 14:50:00.042293,228.0
2025-02-07 14:51:00.159727,316.0
2025-02-07 14:52:00.029418,316.0
2025-02-07 14:53:00.109215,-4.0
2025-02-07 14:54:00.031661,318.0
2025-02-07 14:55:00.116738,318.0
2025-02-07 14:56:00.015484,316.0
2025-02-07 14:57:00.105270,236.0
2025-02-07 14:58:00.093232,156.0
2025-02-07 14:59:00.076905,168.0
2025-02-07 15:00:00.005906,334.0
2025-02-07 15:01:00.137796,250.0
2025-02-07 15:02:00.097261,332.0
2025-02-07 15:03:00.162796,252.0
2025-02-07 15:04:00.107357,334.0
2025-02-07 15:05:00.126315,336.0
2025-02-07 15:06:00.043088,0.0
2025-02-07 15:07:00.069970,82.0
2025-02-07 15:08:00.097819,330.0
2025-02-07 15:09:00.064931,248.0
2025-02-07 15:10:00.162370,336.0
2025-02-07 15:11:00.172100,332.0
2025-02-07 15:12:00.050962,252.0
2025-02-07 15:13:00.059345,330.0
2025-02-07 15:14:00.146391,248.0
2025-02-07 15:15:00.017579,252.0
2025-02-07 15:16:00.067353,248.0
2025-02-07 15:17:00.134424,0.0
2025-02-07 15:18:00.004385,168.0
2025-02-07 15:19:00.112134,82.0
2025-02-07 15:20:00.122734,328.0
2025-02-07 15:21:00.053491,248.0
2025-02-07 15:22:00.066451,248.0
2025-02-07 15:23:00.141240,334.0
2025-02-07 15:24:00.132648,82.0
2025-02-07 15:25:00.111699,166.0
2025-02-07 15:26:00.046853,252.0
2025-02-07 15:27:00.186824,332.0
2025-02-07 15:28:00.016287,248.0
2025-02-07 15:29:00.115202,330.0
2025-02-07 15:30:00.107276,252.0
2025-02-07 15:31:00.005183,246.0
2025-02-07 15:32:00.116764,332.0
2025-02-07 15:33:00.067797,0.0
2025-02-07 15:34:00.078798,252.0
2025-02-07 15:35:00.153298,332.0
2025-02-07 15:36:00.081121,328.0
2025-02-07 15:37:00.136731,248.0
2025-02-07 15:38:00.087588,330.0
2025-02-07 15:39:00.087659,82.0
2025-02-07 15:40:00.048295,164.0
2025-02-07 15:41:00.098370,248.0
2025-02-07 15:42:00.130483,332.0
2025-02-07 15:43:00.154037,248.0
2025-02-07 15:44:00.181692,330.0
2025-02-07 15:45:00.186579,250.0
2025-02-07 15:46:00.151015,166.0
2025-02-07 15:47:00.107405,82.0
2025-02-07 15:48:00.090756,248.0
2025-02-07 15:49:00.029777,334.0
2025-02-07 15:50:00.163397,246.0
2025-02-07 15:51:00.096287,334.0
2025-02-07 15:52:00.080306,252.0
2025-02-07 15:53:00.042130,250.0
2025-02-07 15:54:00.032176,330.0
2025-02-07 15:55:00.117555,250.0
2025-02-07 15:56:00.098411,164.0
2025-02-07 15:57:00.108914,86.0
2025-02-07 15:58:00.071045,248.0
2025-02-07 15:59:00.106410,250.0
2025-02-07 16:00:00.145863,246.0
2025-02-07 16:01:00.112335,250.0
2025-02-07 16:02:00.091420,246.0
2025-02-07 16:03:00.085119,244.0
2025-02-07 16:04:00.053024,154.0
2025-02-07 16:05:00.071870,158.0
2025-02-07 16:06:00.088012,230.0
2025-02-07 16:07:00.072249,230.0
2025-02-07 16:08:00.128325,308.0
2025-02-07 16:09:00.151353,224.0
2025-02-07 16:10:00.059430,218.0
2025-02-07 16:11:00.109062,220.0
2025-02-07 16:12:00.173084,240.0
2025-02-07 16:13:00.052746,0.0
2025-02-07 16:14:00.100287,0.0
2025-02-07 16:15:00.131874,0.0
2025-02-07 16:16:00.066739,0.0
2025-02-07 16:17:00.161349,0.0
2025-02-07 16:18:00.151865,0.0
2025-02-07 16:19:00.046824,0.0
2025-02-07 16:20:00.026988,0.0
2025-02-07 16:21:00.142100,98.0
2025-02-07 16:22:00.086807,180.0
2025-02-07 16:23:00.090441,164.0
2025-02-07 16:24:00.105812,248.0
2025-02-07 16:25:00.122704,246.0
2025-02-07 16:26:00.140924,250.0
2025-02-07 16:27:00.044823,84.0
2025-02-07 16:28:00.092661,0.0
2025-02-07 16:29:00.165884,0.0
2025-02-07 16:30:00.074152,0.0
2025-02-07 16:31:00.116360,248.0
2025-02-07 16:32:00.066948,244.0
2025-02-07 16:33:00.012083,248.0
2025-02-07 16:34:00.173376,246.0
2025-02-07 16:35:00.100674,248.0
2025-02-07 16:36:00.143910,334.0
2025-02-07 16:37:00.062160,250.0
2025-02-07 16:38:00.050562,330.0
2025-02-07 16:39:00.142082,334.0
2025-02-07 16:40:00.082209,246.0
2025-02-07 16:41:00.038622,334.0
2025-02-07 16:42:00.064775,248.0
2025-02-07 16:43:00.147624,332.0
2025-02-07 16:44:00.041169,328.0
2025-02-07 16:45:00.044937,248.0
2025-02-07 16:46:00.185635,328.0
2025-02-07 16:47:00.119441,330.0
2025-02-07 16:48:00.091963,246.0
2025-02-07 16:49:00.023559,330.0
2025-02-07 16:50:00.015507,254.0
2025-02-07 16:51:00.111029,332.0
2025-02-07 16:52:00.148159,334.0
2025-02-07 16:53:00.048172,0.0
2025-02-07 16:54:00.073097,336.0
2025-02-07 16:55:00.069660,334.0
2025-02-07 16:56:00.099925,250.0
2025-02-07 16:57:00.076817,248.0
2025-02-07 16:58:00.105472,166.0
2025-02-07 16:59:00.124302,248.0
2025-02-07 17:00:00.021010,332.0
2025-02-07 17:01:00.060076,250.0
2025-02-07 17:02:00.174080,250.0
2025-02-07 17:03:00.023596,246.0
2025-02-07 17:04:00.072104,250.0
2025-02-07 17:05:00.032238,328.0
2025-02-07 17:06:00.129905,84.0
2025-02-07 17:07:00.025539,250.0
2025-02-07 17:08:00.135094,250.0
2025-02-07 17:09:00.174231,248.0
2025-02-07 17:10:00.087100,330.0
2025-02-07 17:11:00.022966,166.0
2025-02-07 17:12:00.047641,166.0
2025-02-07 17:13:00.003698,250.0
2025-02-07 17:14:00.091294,328.0
2025-02-07 17:15:00.057918,248.0
2025-02-07 17:16:00.110826,166.0
2025-02-07 17:17:00.033392,82.0
2025-02-07 17:18:00.061486,252.0
2025-02-07 17:19:00.123125,330.0
2025-02-07 17:20:00.133374,246.0
2025-02-07 17:21:00.049071,250.0
2025-02-07 17:22:00.060411,250.0
2025-02-07 17:23:00.119299,246.0
2025-02-07 17:24:00.116129,166.0
2025-02-07 17:25:00.087424,248.0
2025-02-07 17:26:00.085784,330.0
2025-02-07 17:27:00.051376,250.0
2025-02-07 17:28:00.017108,80.0
2025-02-07 17:29:00.027934,250.0
2025-02-07 17:30:00.096899,250.0
2025-02-07 17:31:00.116406,248.0
2025-02-07 17:32:00.053904,334.0
2025-02-07 17:33:00.162654,246.0
2025-02-07 17:34:00.059556,248.0
2025-02-07 17:35:00.065464,164.0
2025-02-07 17:36:00.136665,84.0
2025-02-07 17:37:00.166456,330.0
2025-02-07 17:38:00.124218,248.0
2025-02-07 17:39:00.125338,250.0
2025-02-07 17:40:00.055125,332.0
2025-02-07 17:41:00.133628,250.0
2025-02-07 17:42:00.043946,166.0
2025-02-07 17:43:00.077953,168.0
2025-02-07 17:44:00.042033,248.0
2025-02-07 17:45:00.094494,328.0
2025-02-07 17:46:00.068885,248.0
2025-02-07 17:47:00.075313,334.0
2025-02-07 17:48:00.152778,248.0
2025-02-07 17:49:00.077775,0.0
2025-02-07 17:50:00.025285,250.0
2025-02-07 17:51:00.079245,334.0
2025-02-07 17:52:00.069209,250.0
2025-02-07 17:53:00.030369,330.0
2025-02-07 17:54:00.134781,250.0
2025-02-07 17:55:00.123117,164.0
2025-02-07 17:56:00.022693,168.0
2025-02-07 17:57:00.072258,248.0
2025-02-07 17:58:00.037164,248.0
2025-02-07 17:59:00.087922,332.0
2025-02-07 18:00:00.115279,248.0
2025-02-07 18:01:00.077924,164.0
2025-02-07 18:02:00.146597,248.0
2025-02-07 18:03:00.033535,250.0
2025-02-07 18:04:00.106732,332.0
2025-02-07 18:05:00.017881,162.0
2025-02-07 18:06:00.062315,88.0
2025-02-07 18:07:00.028867,248.0
2025-02-07 18:08:00.080345,332.0
2025-02-07 18:09:00.105136,248.0
2025-02-07 18:10:00.065720,332.0
2025-02-07 18:11:00.117756,248.0
2025-02-07 18:12:00.008562,84.0
2025-02-07 18:13:00.006432,168.0
2025-02-07 18:14:00.161757,332.0
2025-02-07 18:15:00.039335,250.0
2025-02-07 18:16:00.107521,334.0
2025-02-07 18:17:00.089048,248.0
2025-02-07 18:18:00.054638,248.0
2025-02-07 18:19:00.055220,80.0
2025-02-07 18:20:00.073969,248.0
2025-02-07 18:21:00.136904,248.0
2025-02-07 18:22:00.089733,328.0
2025-02-07 18:23:00.091978,250.0
2025-02-07 18:24:00.033947,252.0
2025-02-07 18:25:00.048951,334.0
2025-02-07 18:26:00.070699,82.0
2025-02-07 18:27:00.154529,164.0
2025-02-07 18:28:00.158457,252.0
2025-02-07 18:29:00.118833,248.0
2025-02-07 18:30:00.137640,332.0
2025-02-07 18:31:00.188485,252.0
2025-02-07 18:32:00.015244,248.0
2025-02-07 18:33:00.111162,334.0
2025-02-07 18:34:00.158088,248.0
2025-02-07 18:35:00.115783,252.0
2025-02-07 18:36:00.117261,330.0
2025-02-07 18:37:00.173633,250.0
2025-02-07 18:38:00.062,330.0
2025-02-07 18:39:00.159338,248.0
2025-02-07 18:40:00.074666,2.0
2025-02-07 18:41:00.130714,248.0
2025-02-07 18:42:00.163069,248.0
2025-02-07 18:43:00.060760,248.0
2025-02-07 18:44:00.123013,332.0
2025-02-07 18:45:00.137164,248.0
2025-02-07 18:46:00.158703,332.0
2025-02-07 18:47:00.037578,248.0
2025-02-07 18:48:00.177913,248.0
2025-02-07 18:49:00.122766,332.0
2025-02-07 18:50:00.160246,82.0
2025-02-07 18:51:00.135242,166.0
2025-02-07 18:52:00.086099,250.0
2025-02-07 18:53:00.167152,248.0
2025-02-07 18:54:00.170249,330.0
2025-02-07 18:55:00.119368,250.0
2025-02-07 18:56:00.129807,250.0
2025-02-07 18:57:00.019571,332.0
2025-02-07 18:58:00.038273,248.0
2025-02-07 18:59:00.106033,248.0
2025-02-07 19:00:00.125892,248.0
2025-02-07 19:01:00.144687,166.0
2025-02-07 19:02:00.073220,166.0
2025-02-07 19:03:00.169311,250.0
2025-02-07 19:04:00.089373,330.0
2025-02-07 19:05:00.126952,248.0
2025-02-07 19:06:00.162028,252.0
2025-02-07 19:07:00.090224,330.0
2025-02-07 19:08:00.077026,248.0
2025-02-07 19:09:00.021579,166.0
2025-02-07 19:10:00.069059,252.0
2025-02-07 19:11:00.073904,248.0
2025-02-07 19:12:00.081746,330.0
2025-02-07 19:13:00.109856,248.0
2025-02-07 19:14:00.164580,84.0
2025-02-07 19:15:00.013393,248.0
2025-02-07 19:16:00.059608,248.0
2025-02-07 19:17:00.067972,246.0
2025-02-07 19:18:00.115253,334.0
2025-02-07 19:19:00.169398,250.0
2025-02-07 19:20:00.112885,246.0
2025-02-07 19:21:00.040367,334.0
2025-02-07 19:22:00.068630,248.0
2025-02-07 19:23:00.061970,250.0
2025-02-07 19:24:00.099991,248.0
2025-02-07 19:25:00.051218,0.0
2025-02-07 19:26:00.018248,250.0
2025-02-07 19:27:00.031072,332.0
2025-02-07 19:28:00.090025,248.0
2025-02-07 19:29:00.109409,252.0
2025-02-07 19:30:00.152873,332.0
2025-02-07 19:31:00.056541,248.0
2025-02-07 19:32:00.068169,332.0
2025-02-07 19:33:00.129658,250.0
2025-02-07 19:34:00.086036,250.0
2025-02-07 19:35:00.072438,80.0
2025-02-07 19:36:00.111871,164.0
2025-02-07 19:37:00.055497,332.0
2025-02-07 19:38:00.128997,250.0
2025-02-07 19:39:00.116853,248.0
2025-02-07 19:40:00.051043,336.0
2025-02-07 19:41:00.105334,248.0
2025-02-07 19:42:00.158819,332.0
2025-02-07 19:43:00.153234,250.0
2025-02-07 19:44:00.071247,248.0
2025-02-07 19:45:00.053379,166.0
2025-02-07 19:46:00.153973,166.0
2025-02-07 19:47:00.093614,250.0
2025-02-07 19:48:00.143930,248.0
2025-02-07 19:49:00.115575,330.0
2025-02-07 19:50:00.177649,248.0
2025-02-07 19:51:00.041638,248.0
2025-02-07 19:52:00.076872,334.0
2025-02-07 19:53:00.162854,248.0
2025-02-07 19:54:00.032611,332.0
2025-02-07 19:55:00.073395,0.0
2025-02-07 19:56:00.083291,168.0
2025-02-07 19:57:00.112337,330.0
2025-02-07 19:58:00.206666,252.0
2025-02-07 19:59:00.070103,332.0
2025-02-07 20:00:00.158195,248.0
2025-02-07 20:01:00.135185,332.0
2025-02-07 20:02:00.160019,248.0
2025-02-07 20:03:00.084586,248.0
2025-02-07 20:04:00.145744,84.0
2025-02-07 20:05:00.040053,84.0
2025-02-07 20:06:00.111875,332.0
2025-02-07 20:07:00.037191,250.0
2025-02-07 20:08:00.068834,250.0
2025-02-07 20:09:00.149341,330.0
2025-02-07 20:10:00.158779,252.0
2025-02-07 20:11:00.145745,330.0
2025-02-07 20:12:00.159777,84.0
2025-02-07 20:13:00.115597,166.0
2025-02-07 20:14:00.059831,332.0
2025-02-07 20:15:00.156165,164.0
2025-02-07 20:16:00.089022,250.0
2025-02-07 20:17:00.098121,250.0
2025-02-07 20:18:00.014336,332.0
2025-02-07 20:19:00.137954,84.0
2025-02-07 20:20:00.127735,82.0
2025-02-07 20:21:00.158306,328.0
2025-02-07 20:22:00.085063,250.0
2025-02-07 20:23:00.167299,250.0
2025-02-07 20:24:00.031865,248.0
2025-02-07 20:25:00.086979,332.0
2025-02-07 20:26:00.006328,0.0
2025-02-07 20:27:00.048946,248.0
2025-02-07 20:28:00.077520,248.0
2025-02-07 20:29:00.087684,334.0
2025-02-07 20:30:00.065003,250.0
2025-02-07 20:31:00.044786,248.0
2025-02-07 20:32:00.119893,248.0
2025-02-07 20:33:00.159126,162.0
2025-02-07 20:34:00.088912,166.0
2025-02-07 20:35:00.160619,328.0
2025-02-07 20:36:00.152717,248.0
2025-02-07 20:37:00.049894,248.0
2025-02-07 20:38:00.112143,332.0
2025-02-07 20:39:00.176324,248.0
2025-02-07 20:40:00.149600,84.0
2025-02-07 20:41:00.151305,246.0
2025-02-07 20:42:00.109293,166.0
2025-02-07 20:43:00.091889,332.0
2025-02-07 20:44:00.074375,248.0
2025-02-07 20:45:00.100169,334.0
2025-02-07 20:46:00.162077,250.0
2025-02-07 20:47:00.079175,332.0
2025-02-07 20:48:00.166301,82.0
2025-02-07 20:49:00.060089,0.0
2025-02-07 20:50:00.071699,330.0
2025-02-07 20:51:00.087888,332.0
2025-02-07 20:52:00.090445,250.0
2025-02-07 20:53:00.164458,0.0
2025-02-07 20:54:00.151889,82.0
2025-02-07 20:55:00.031047,250.0
2025-02-07 20:56:00.072563,332.0
2025-02-07 20:57:00.033205,250.0
2025-02-07 20:58:00.103132,334.0
2025-02-07 20:59:00.085914,0.0
2025-02-07 21:00:00.196202,168.0
2025-02-07 21:01:00.066042,250.0
2025-02-07 21:02:00.171083,330.0
2025-02-07 21:03:00.039141,250.0
2025-02-07 21:04:00.102358,166.0
2025-02-07 21:05:00.124607,0.0
2025-02-07 21:06:00.056031,0.0
2025-02-07 21:07:00.068452,334.0
2025-02-07 21:08:00.116059,330.0
2025-02-07 21:09:00.168387,166.0
2025-02-07 21:10:00.111336,0.0
2025-02-07 21:11:00.108220,334.0
2025-02-07 21:12:00.014428,250.0
2025-02-07 21:13:00.071103,166.0
2025-02-07 21:14:00.117068,164.0
2025-02-07 21:15:00.159818,248.0
2025-02-07 21:16:00.149007,250.0
2025-02-07 21:17:00.109842,0.0
2025-02-07 21:18:00.183689,250.0
2025-02-07 21:19:00.038219,330.0
2025-02-07 21:20:00.108086,0.0
2025-02-07 21:21:00.211146,168.0
2025-02-07 21:22:00.034092,330.0
2025-02-07 21:23:00.110840,250.0
2025-02-07 21:24:00.164891,82.0
2025-02-07 21:25:00.023123,84.0
2025-02-07 21:26:00.082740,332.0
2025-02-07 21:27:00.142054,330.0
2025-02-07 21:28:00.039075,0.0
2025-02-07 21:29:00.043611,166.0
2025-02-07 21:30:00.140229,330.0
2025-02-07 21:31:00.185683,0.0
2025-02-07 21:32:00.050755,164.0
2025-02-07 21:33:00.092531,332.0
2025-02-07 21:34:00.043775,248.0
2025-02-07 21:35:00.083830,330.0
2025-02-07 21:36:00.121145,166.0
2025-02-07 21:37:00.078379,82.0
2025-02-07 21:38:00.091811,248.0
2025-02-07 21:39:00.075962,330.0
2025-02-07 21:40:00.038141,332.0
2025-02-07 21:41:00.022421,248.0
2025-02-07 21:42:00.126349,0.0
2025-02-07 21:43:00.195291,250.0
2025-02-07 21:44:00.050769,250.0
2025-02-07 21:45:00.014736,248.0
2025-02-07 21:46:00.059583,248.0
2025-02-07 21:47:00.091437,164.0
2025-02-07 21:48:00.110897,0.0
2025-02-07 21:49:00.006310,248.0
2025-02-07 21:50:00.158585,246.0
2025-02-07 21:51:00.062046,332.0
2025-02-07 21:52:00.131396,248.0
2025-02-07 21:53:00.010550,166.0
2025-02-07 21:54:00.031620,0.0
2025-02-07 21:55:00.063997,164.0
2025-02-07 21:56:00.160341,330.0
2025-02-07 21:57:00.161917,248.0
2025-02-07 21:58:00.067763,248.0
2025-02-07 21:59:00.143367,82.0
2025-02-07 22:00:00.120363,166.0
2025-02-07 22:01:00.009212,248.0
2025-02-07 22:02:00.029810,250.0
2025-02-07 22:03:00.065931,330.0
2025-02-07 22:04:00.098195,0.0
2025-02-07 22:05:00.045386,246.0
2025-02-07 22:06:00.108776,248.0
2025-02-07 22:07:00.136590,250.0
2025-02-07 22:08:00.011026,164.0
2025-02-07 22:09:00.114335,84.0
2025-02-07 22:10:00.119074,246.0
2025-02-07 22:11:00.115109,248.0
2025-02-07 22:12:00.106745,250.0
2025-02-07 22:13:00.061099,248.0
2025-02-07 22:14:00.167119,0.0
2025-02-07 22:15:00.007608,248.0
2025-02-07 22:16:00.071763,250.0
2025-02-07 22:17:00.068148,248.0
2025-02-07 22:18:00.021600,0.0
2025-02-07 22:19:00.003206,330.0
2025-02-07 22:20:00.012345,250.0
2025-02-07 22:21:00.041193,250.0
2025-02-07 22:22:00.173834,84.0
2025-02-07 22:23:00.005619,250.0
2025-02-07 22:24:00.148442,248.0
2025-02-07 22:25:00.129901,332.0
2025-02-07 22:26:00.078989,2.0
2025-02-07 22:27:00.066154,248.0
2025-02-07 22:28:00.153023,248.0
2025-02-07 22:29:00.106242,330.0
2025-02-07 22:30:00.033507,164.0
2025-02-07 22:31:00.060379,84.0
2025-02-07 22:32:00.014156,248.0
2025-02-07 22:33:00.128565,332.0
2025-02-07 22:34:00.111646,166.0
2025-02-07 22:35:00.098628,84.0
2025-02-07 22:36:00.048614,246.0
2025-02-07 22:37:00.137568,252.0
2025-02-07 22:38:00.010044,248.0
2025-02-07 22:39:00.024282,248.0
2025-02-07 22:40:00.138544,248.0
2025-02-07 22:41:00.012946,250.0
2025-02-07 22:42:00.149292,250.0
2025-02-07 22:43:00.128653,246.0
2025-02-07 22:44:00.007146,248.0
2025-02-07 22:45:00.067184,248.0
2025-02-07 22:46:00.109766,250.0
2025-02-07 22:47:00.166834,164.0
2025-02-07 22:48:00.078457,248.0
2025-02-07 22:49:00.013181,248.0
2025-02-07 22:50:00.113039,248.0
2025-02-07 22:51:00.111396,330.0
2025-02-07 22:52:00.016959,248.0
2025-02-07 22:53:00.062581,252.0
2025-02-07 22:54:00.088402,244.0
2025-02-07 22:55:00.155459,166.0
2025-02-07 22:56:00.041552,82.0
2025-02-07 22:57:00.114440,248.0
2025-02-07 22:58:00.033801,332.0
2025-02-07 22:59:00.068438,244.0
2025-02-07 23:00:00.153412,252.0
2025-02-07 23:01:00.028310,164.0
2025-02-07 23:02:00.035786,84.0
2025-02-07 23:03:00.116753,248.0
2025-02-07 23:04:00.149455,330.0
2025-02-07 23:05:00.053604,250.0
2025-02-07 23:06:00.094491,332.0
2025-02-07 23:07:00.145093,248.0
2025-02-07 23:08:00.049154,164.0
2025-02-07 23:09:00.121333,166.0
2025-02-07 23:10:00.145420,250.0
2025-02-07 23:11:00.041902,334.0
2025-02-07 23:12:00.094601,250.0
2025-02-07 23:13:00.129275,246.0
2025-02-07 23:14:00.017919,332.0
2025-02-07 23:15:00.069537,84.0
2025-02-07 23:16:00.128423,248.0
2025-02-07 23:17:00.173977,248.0
2025-02-07 23:18:00.058737,248.0
2025-02-07 23:19:00.108894,334.0
2025-02-07 23:20:00.006613,246.0
2025-02-07 23:21:00.074127,252.0
2025-02-07 23:22:00.148295,0.0
2025-02-07 23:23:00.170637,332.0
2025-02-07 23:24:00.042474,252.0
2025-02-07 23:25:00.143308,248.0
2025-02-07 23:26:00.006333,334.0
2025-02-07 23:27:00.058789,248.0
2025-02-07 23:28:00.117646,248.0
2025-02-07 23:29:00.023911,250.0
2025-02-07 23:30:00.047695,168.0
2025-02-07 23:31:00.127624,248.0
2025-02-07 23:32:00.014562,336.0
2025-02-07 23:33:00.079932,248.0
2025-02-07 23:34:00.106621,170.0
2025-02-07 23:35:00.175047,166.0
2025-02-07 23:36:00.027511,252.0
2025-02-07 23:37:00.133904,332.0
2025-02-07 23:38:00.013574,252.0
2025-02-07 23:39:00.059872,330.0
2025-02-07 23:40:00.103322,250.0
2025-02-07 23:41:00.197011,248.0
2025-02-07 23:42:00.025111,248.0
2025-02-07 23:43:00.094421,334.0
2025-02-07 23:44:00.160616,248.0
2025-02-07 23:45:00.090101,82.0
2025-02-07 23:46:00.156428,166.0
2025-02-07 23:47:00.011524,250.0
2025-02-07 23:48:00.055280,84.0
2025-02-07 23:49:00.112456,82.0
2025-02-07 23:50:00.173233,0.0
2025-02-07 23:51:00.020955,0.0
2025-02-07 23:52:00.079386,0.0
2025-02-07 23:53:00.164454,248.0
2025-02-07 23:54:00.019700,250.0
2025-02-07 23:55:00.057045,332.0
2025-02-07 23:56:00.138091,326.0
2025-02-07 23:57:00.054634,330.0
2025-02-07 23:58:00.058411,336.0
2025-02-07 23:59:00.142773,334.0
2025-02-08 00:00:00.009367,326.0
2025-02-08 00:01:00.068129,292.0
2025-02-08 00:02:00.144219,316.0
2025-02-08 00:03:00.030139,304.0
2025-02-08 00:04:00.075001,302.0
2025-02-08 00:05:00.127661,308.0
2025-02-08 00:06:00.041266,-8.0
2025-02-08 00:07:00.077667,248.0
2025-02-08 00:08:00.174257,330.0
2025-02-08 00:09:00.039705,330.0
2025-02-08 00:10:00.126650,326.0
2025-02-08 00:11:00.156797,250.0
2025-02-08 00:12:00.038469,322.0
2025-02-08 00:13:00.104657,242.0
2025-02-08 00:14:00.153113,0.0
2025-02-08 00:15:00.028041,0.0
2025-02-08 00:16:00.023338,0.0
2025-02-08 00:17:00.094983,0.0
2025-02-08 00:18:00.131282,0.0
2025-02-08 00:19:00.025443,0.0
2025-02-08 00:20:00.096194,0.0
2025-02-08 00:21:00.039894,0.0
2025-02-08 00:22:00.117993,0.0
2025-02-08 00:23:00.112184,0.0
2025-02-08 00:24:00.038747,332.0
2025-02-08 00:25:00.123915,248.0
2025-02-08 00:26:00.112387,334.0
2025-02-08 00:27:00.188037,328.0
2025-02-08 00:28:00.113954,338.0
2025-02-08 00:29:00.158464,242.0
2025-02-08 00:30:00.025758,0.0
2025-02-08 00:31:00.101944,330.0
2025-02-08 00:32:00.141627,250.0
2025-02-08 00:33:00.024613,330.0
2025-02-08 00:34:00.083127,154.0
2025-02-08 00:35:00.133342,184.0
2025-02-08 00:36:00.143495,192.0
2025-02-08 00:37:00.103403,82.0
2025-02-08 00:38:00.168431,94.0
2025-02-08 00:39:00.024614,88.0
2025-02-08 00:40:00.087784,-10.0
2025-02-08 00:41:00.145131,84.0
2025-02-08 00:42:00.061276,172.0
2025-02-08 00:43:00.103561,84.0
2025-02-08 00:44:00.134428,68.0
2025-02-08 00:45:00.055140,172.0
2025-02-08 00:46:00.077883,88.0
2025-02-08 00:47:00.143786,-4.0
2025-02-08 00:48:00.178236,84.0
2025-02-08 00:49:00.162155,252.0
2025-02-08 00:50:00.141383,334.0
2025-02-08 00:51:00.080423,334.0
2025-02-08 00:52:00.159142,246.0
2025-02-08 00:53:00.040513,170.0
2025-02-08 00:54:00.066030,0.0
2025-02-08 00:55:00.169525,84.0
2025-02-08 00:56:00.056684,332.0
2025-02-08 00:57:00.099543,246.0
2025-02-08 00:58:00.186113,330.0
2025-02-08 00:59:00.032772,246.0
2025-02-08 01:00:00.102988,334.0
2025-02-08 01:01:00.152806,234.0
2025-02-08 01:02:00.191060,248.0
2025-02-08 01:03:00.100036,284.0
2025-02-08 01:04:00.155089,-10.0
2025-02-08 01:05:00.192486,166.0
2025-02-08 01:06:00.107017,248.0
2025-02-08 01:07:00.065325,252.0
2025-02-08 01:08:00.150825,252.0
2025-02-08 01:09:00.117026,248.0
2025-02-08 01:10:00.120036,248.0
2025-02-08 01:11:00.064165,248.0
2025-02-08 01:12:00.022419,336.0
2025-02-08 01:13:00.028080,82.0
2025-02-08 01:14:00.020824,246.0
2025-02-08 01:15:00.038766,250.0
2025-02-08 01:16:00.086142,246.0
2025-02-08 01:17:00.117247,332.0
2025-02-08 01:18:00.027734,250.0
2025-02-08 01:19:00.092743,334.0
2025-02-08 01:20:00.003625,248.0
2025-02-08 01:21:00.025599,248.0
2025-02-08 01:22:00.094819,334.0
2025-02-08 01:23:00.167875,248.0
2025-02-08 01:24:00.014269,334.0
2025-02-08 01:25:00.159144,330.0
2025-02-08 01:26:00.166105,248.0
2025-02-08 01:27:00.169152,332.0
2025-02-08 01:28:00.098670,166.0
2025-02-08 01:29:00.011486,246.0
2025-02-08 01:30:00.194372,250.0
2025-02-08 01:31:00.065133,164.0
2025-02-08 01:32:00.057737,248.0
2025-02-08 01:33:00.059499,248.0
2025-02-08 01:34:00.127642,332.0
2025-02-08 01:35:00.152858,166.0
2025-02-08 01:36:00.035690,334.0
2025-02-08 01:37:00.058524,248.0
2025-02-08 01:38:00.131593,0.0
2025-02-08 01:39:00.099988,248.0
2025-02-08 01:40:00.023685,248.0
2025-02-08 01:41:00.039539,248.0
2025-02-08 01:42:00.004531,246.0
2025-02-08 01:43:00.102454,168.0
2025-02-08 01:44:00.105499,162.0
2025-02-08 01:45:00.018371,250.0
2025-02-08 01:46:00.111215,248.0
2025-02-08 01:47:00.108810,332.0
2025-02-08 01:48:00.064077,82.0
2025-02-08 01:49:00.094182,168.0
2025-02-08 01:50:00.106599,250.0
2025-02-08 01:51:00.136351,334.0
2025-02-08 01:52:00.068263,248.0
2025-02-08 01:53:00.094306,82.0
2025-02-08 01:54:00.045737,246.0
2025-02-08 01:55:00.155454,328.0
2025-02-08 01:56:00.186498,248.0
2025-02-08 01:57:00.022659,0.0
2025-02-08 01:58:00.073475,250.0
2025-02-08 01:59:00.138019,250.0
2025-02-08 02:00:00.045036,250.0
2025-02-08 02:01:00.078039,330.0
2025-02-08 02:02:00.129953,168.0
2025-02-08 02:03:00.163999,328.0
2025-02-08 02:04:00.063325,166.0
2025-02-08 02:05:00.050674,326.0
2025-02-08 02:06:00.067755,78.0
2025-02-08 02:07:00.113090,250.0
2025-02-08 02:08:00.065572,244.0
2025-02-08 02:09:00.170909,332.0
2025-02-08 02:10:00.053965,84.0
2025-02-08 02:11:00.074716,330.0
2025-02-08 02:12:00.064617,252.0
2025-02-08 02:13:00.090581,82.0
2025-02-08 02:14:00.095076,248.0
2025-02-08 02:15:00.004932,328.0
2025-02-08 02:16:00.011535,246.0
2025-02-08 02:17:00.097583,330.0
2025-02-08 02:18:00.117750,252.0
2025-02-08 02:19:00.021069,166.0
2025-02-08 02:20:00.051103,248.0
2025-02-08 02:21:00.121801,332.0
2025-02-08 02:22:00.006346,250.0
2025-02-08 02:23:00.063744,332.0
2025-02-08 02:24:00.113192,250.0
2025-02-08 02:25:00.034861,330.0
2025-02-08 02:26:00.098287,84.0
2025-02-08 02:27:00.141870,250.0
2025-02-08 02:28:00.027359,334.0
2025-02-08 02:29:00.074215,332.0
2025-02-08 02:30:00.105310,252.0
2025-02-08 02:31:00.159238,252.0
2025-02-08 02:32:00.064652,252.0
2025-02-08 02:33:00.129431,332.0
2025-02-08 02:34:00.036660,332.0
2025-02-08 02:35:00.034274,252.0
2025-02-08 02:36:00.116682,0.0
2025-02-08 02:37:00.150030,332.0
2025-02-08 02:38:00.087373,332.0
2025-02-08 02:39:00.140440,248.0
2025-02-08 02:40:00.016652,252.0
2025-02-08 02:41:00.068325,82.0
2025-02-08 02:42:00.082451,334.0
2025-02-08 02:43:00.116167,248.0
2025-02-08 02:44:00.053576,334.0
2025-02-08 02:45:00.123165,248.0
2025-02-08 02:46:00.171755,0.0
2025-02-08 02:47:00.069594,166.0
2025-02-08 02:48:00.095296,250.0
2025-02-08 02:49:00.153146,86.0
2025-02-08 02:50:00.047122,84.0
2025-02-08 02:51:00.093546,334.0
2025-02-08 02:52:00.119712,250.0
2025-02-08 02:53:00.053796,0.0
2025-02-08 02:54:00.118519,168.0
2025-02-08 02:55:00.156694,252.0
2025-02-08 02:56:00.010384,250.0
2025-02-08 02:57:00.058271,0.0
2025-02-08 02:58:00.134822,252.0
2025-02-08 02:59:00.015344,336.0
2025-02-08 03:00:00.035795,0.0
2025-02-08 03:01:00.143674,164.0
2025-02-08 03:02:00.154669,330.0
2025-02-08 03:03:00.075383,164.0
2025-02-08 03:04:00.129955,0.0
2025-02-08 03:05:00.017370,248.0
2025-02-08 03:06:00.064667,332.0
2025-02-08 03:07:00.133545,330.0
2025-02-08 03:08:00.026643,248.0
2025-02-08 03:09:00.101822,334.0
2025-02-08 03:10:00.166480,250.0
2025-02-08 03:11:00.062963,166.0
2025-02-08 03:12:00.092950,332.0
2025-02-08 03:13:00.020857,332.0
2025-02-08 03:14:00.058875,164.0
2025-02-08 03:15:00.147035,332.0
2025-02-08 03:16:00.033527,246.0
2025-02-08 03:17:00.056695,166.0
2025-02-08 03:18:00.156774,248.0
2025-02-08 03:19:00.169728,252.0
2025-02-08 03:20:00.049254,332.0
2025-02-08 03:21:00.139959,252.0
2025-02-08 03:22:00.169510,332.0
2025-02-08 03:23:00.045803,82.0
2025-02-08 03:24:00.133214,334.0
2025-02-08 03:25:00.173737,248.0
2025-02-08 03:26:00.021256,334.0
2025-02-08 03:27:00.142461,164.0
2025-02-08 03:28:00.153229,0.0
2025-02-08 03:29:00.085985,0.0
2025-02-08 03:30:00.082672,332.0
2025-02-08 03:31:00.158515,248.0
2025-02-08 03:32:00.015661,250.0
2025-02-08 03:33:00.097902,332.0
2025-02-08 03:34:00.015198,332.0
2025-02-08 03:35:00.062268,250.0
2025-02-08 03:36:00.147800,334.0
2025-02-08 03:37:00.138820,252.0
2025-02-08 03:38:00.031298,334.0
2025-02-08 03:39:00.105125,334.0
2025-02-08 03:40:00.123878,252.0
2025-02-08 03:41:00.162840,332.0
2025-02-08 03:42:00.061234,2.0
2025-02-08 03:43:00.105798,330.0
2025-02-08 03:44:00.056198,250.0
2025-02-08 03:45:00.088144,250.0
2025-02-08 03:46:00.162572,0.0
2025-02-08 03:47:00.187836,246.0
2025-02-08 03:48:00.077620,242.0
2025-02-08 03:49:00.098827,220.0
2025-02-08 03:50:00.185762,244.0
2025-02-08 03:51:00.068260,88.0
2025-02-08 03:52:00.068214,0.0
2025-02-08 03:53:00.164612,180.0
2025-02-08 03:54:00.059033,88.0
2025-02-08 03:55:00.110167,68.0
2025-02-08 03:56:00.045646,0.0
2025-02-08 03:57:00.160733,0.0
2025-02-08 03:58:00.080708,250.0
2025-02-08 03:59:00.130591,328.0
2025-02-08 04:00:00.113942,250.0
2025-02-08 04:01:00.083651,332.0
2025-02-08 04:02:00.138641,252.0
2025-02-08 04:03:00.082953,334.0
2025-02-08 04:04:00.194581,252.0
2025-02-08 04:05:00.010007,250.0
2025-02-08 04:06:00.178276,330.0
2025-02-08 04:07:00.121483,254.0
2025-02-08 04:08:00.162222,330.0
2025-02-08 04:09:00.012776,250.0
2025-02-08 04:10:00.056944,332.0
2025-02-08 04:11:00.127607,248.0
2025-02-08 04:12:00.008970,332.0
2025-02-08 04:13:00.083973,252.0
2025-02-08 04:14:00.170670,332.0
2025-02-08 04:15:00.030105,250.0
2025-02-08 04:16:00.077186,334.0
2025-02-08 04:17:00.139905,252.0
2025-02-08 04:18:00.030700,246.0
2025-02-08 04:19:00.143251,336.0
2025-02-08 04:20:00.122645,250.0
2025-02-08 04:21:00.007442,168.0
2025-02-08 04:22:00.111654,248.0
2025-02-08 04:23:00.150671,330.0
2025-02-08 04:24:00.025446,246.0
2025-02-08 04:25:00.096497,248.0
2025-02-08 04:26:00.147526,166.0
2025-02-08 04:27:00.006149,330.0
2025-02-08 04:28:00.076851,332.0
2025-02-08 04:29:00.044474,166.0
2025-02-08 04:30:00.149893,166.0
2025-02-08 04:31:00.065173,84.0
2025-02-08 04:32:00.137992,0.0
2025-02-08 04:33:00.105256,0.0
2025-02-08 04:34:00.104044,0.0
2025-02-08 04:35:00.013806,0.0
2025-02-08 04:36:00.078178,0.0
2025-02-08 04:37:00.108637,0.0
2025-02-08 04:38:00.177964,0.0
2025-02-08 04:39:00.021002,0.0
2025-02-08 04:40:00.021412,0.0
2025-02-08 04:41:00.129095,0.0
2025-02-08 04:42:00.008474,0.0
2025-02-08 04:43:00.083475,0.0
2025-02-08 04:44:00.105297,0.0
2025-02-08 04:45:00.173692,0.0
2025-02-08 04:46:00.088487,0.0
2025-02-08 04:47:00.139530,0.0
2025-02-08 04:48:00.039478,0.0
2025-02-08 04:49:00.104326,0.0
2025-02-08 04:50:00.177876,0.0
2025-02-08 04:51:00.176323,0.0
2025-02-08 04:52:00.061209,0.0
2025-02-08 04:53:00.170612,0.0
2025-02-08 04:54:00.031766,0.0
2025-02-08 04:55:00.091119,0.0
2025-02-08 04:56:00.156030,0.0
2025-02-08 04:57:00.168263,0.0
2025-02-08 04:58:00.026340,0.0
2025-02-08 04:59:00.099421,0.0
2025-02-08 05:00:00.155261,0.0
2025-02-08 05:01:00.063323,0.0
2025-02-08 05:02:00.029648,0.0
2025-02-08 05:03:00.163677,0.0
2025-02-08 05:04:00.023236,0.0
2025-02-08 05:05:00.060326,0.0
2025-02-08 05:06:00.076600,0.0
2025-02-08 05:07:00.019481,0.0
2025-02-08 05:08:00.006484,0.0
2025-02-08 05:09:00.020185,0.0
2025-02-08 05:10:00.108983,0.0
2025-02-08 05:11:00.140063,0.0
2025-02-08 05:12:00.022245,0.0
2025-02-08 05:13:00.081433,0.0
2025-02-08 05:14:00.139660,0.0
2025-02-08 05:15:00.021316,0.0
2025-02-08 05:16:00.076790,0.0
2025-02-08 05:17:00.144195,0.0
2025-02-08 05:18:00.027478,0.0
2025-02-08 05:19:00.081756,0.0
2025-02-08 05:20:00.085634,0.0
2025-02-08 05:21:00.007300,0.0
2025-02-08 05:22:00.022223,0.0
2025-02-08 05:23:00.094396,0.0
2025-02-08 05:24:00.135799,0.0
2025-02-08 05:25:00.008801,0.0
2025-02-08 05:26:00.037838,0.0
2025-02-08 05:27:00.030203,0.0
2025-02-08 05:28:00.060629,0.0
2025-02-08 05:29:00.007963,0.0
2025-02-08 05:30:00.120917,0.0
2025-02-08 05:31:00.043211,0.0
2025-02-08 05:32:00.110169,0.0
2025-02-08 05:33:00.151448,0.0
2025-02-08 05:34:00.021177,0.0
2025-02-08 05:35:00.078170,0.0
2025-02-08 05:36:00.103521,0.0
2025-02-08 05:37:00.034212,0.0
2025-02-08 05:38:00.026018,0.0
2025-02-08 05:39:00.109264,0.0
2025-02-08 05:40:00.177150,0.0
2025-02-08 05:41:00.080708,0.0
2025-02-08 05:42:00.017293,0.0
2025-02-08 05:43:00.126599,0.0
2025-02-08 05:44:00.125379,0.0
2025-02-08 05:45:00.054846,0.0
2025-02-08 05:46:00.005503,0.0
2025-02-08 05:47:00.058602,0.0
2025-02-08 05:48:00.040127,0.0
2025-02-08 05:49:00.104781,0.0
2025-02-08 05:50:00.154664,0.0
2025-02-08 05:51:00.025149,0.0
2025-02-08 05:52:00.095366,0.0
2025-02-08 05:53:00.059259,0.0
2025-02-08 05:54:00.028833,0.0
2025-02-08 05:55:00.131530,0.0
2025-02-08 05:56:00.133031,0.0
2025-02-08 05:57:00.019127,0.0
2025-02-08 05:58:00.120172,0.0
2025-02-08 05:59:00.051189,0.0
2025-02-08 06:00:00.081161,0.0
2025-02-08 06:01:00.110263,0.0
2025-02-08 06:02:00.006386,0.0
2025-02-08 06:03:00.062277,0.0
2025-02-08 06:04:00.170466,0.0
2025-02-08 06:05:00.034539,0.0
2025-02-08 06:06:00.066601,0.0
2025-02-08 06:07:00.042710,0.0
2025-02-08 06:08:00.040462,0.0
2025-02-08 06:09:00.135411,0.0
2025-02-08 06:10:00.007583,0.0
2025-02-08 06:11:00.077750,0.0
2025-02-08 06:12:00.025112,0.0
2025-02-08 06:13:00.090554,0.0
2025-02-08 06:14:00.011716,0.0
2025-02-08 06:15:00.056651,0.0
2025-02-08 06:16:00.008748,0.0
2025-02-08 06:17:00.078648,0.0
2025-02-08 06:18:00.012663,0.0
2025-02-08 06:19:00.121453,0.0
2025-02-08 06:20:00.161319,0.0
2025-02-08 06:21:00.012420,0.0
2025-02-08 06:22:00.092638,0.0
2025-02-08 06:23:00.074402,0.0
2025-02-08 06:24:00.111967,0.0
2025-02-08 06:25:00.134337,0.0
2025-02-08 06:26:00.153397,0.0
2025-02-08 06:27:00.060818,0.0
2025-02-08 06:28:00.093535,0.0
2025-02-08 06:29:00.045492,0.0
2025-02-08 06:30:00.051882,0.0
2025-02-08 06:31:00.066479,0.0
2025-02-08 06:32:00.158674,0.0
2025-02-08 06:33:00.036567,0.0
2025-02-08 06:34:00.025753,0.0
2025-02-08 06:35:00.089044,0.0
2025-02-08 06:36:00.118008,0.0
2025-02-08 06:37:00.149220,0.0
2025-02-08 06:38:00.157936,0.0
2025-02-08 06:39:00.033183,0.0
2025-02-08 06:40:00.044362,0.0
2025-02-08 06:41:00.054756,0.0
2025-02-08 06:42:00.155044,0.0
2025-02-08 06:43:00.102318,0.0
2025-02-08 06:44:00.167203,0.0
2025-02-08 06:45:00.111028,0.0
2025-02-08 06:46:00.131989,0.0
2025-02-08 06:47:00.108322,0.0
2025-02-08 06:48:00.043484,0.0
2025-02-08 06:49:00.067103,0.0
2025-02-08 06:50:00.129404,0.0
2025-02-08 06:51:00.020768,0.0
2025-02-08 06:52:00.020071,0.0
2025-02-08 06:53:00.166580,0.0
2025-02-08 06:54:00.160826,0.0
2025-02-08 06:55:00.038217,0.0
2025-02-08 06:56:00.124624,0.0
2025-02-08 06:57:00.004919,0.0
2025-02-08 06:58:00.068368,0.0
2025-02-08 06:59:00.116800,0.0
2025-02-08 07:00:00.157936,0.0
2025-02-08 07:01:00.122707,0.0
2025-02-08 07:02:00.013807,0.0
2025-02-08 07:03:00.064070,0.0
2025-02-08 07:04:00.033400,0.0
2025-02-08 07:05:00.013187,0.0
2025-02-08 07:06:00.071619,0.0
2025-02-08 07:07:00.151733,0.0
2025-02-08 07:08:00.020083,0.0
2025-02-08 07:09:00.046775,0.0
2025-02-08 07:10:00.099218,0.0
2025-02-08 07:11:00.132210,0.0
2025-02-08 07:12:00.037156,0.0
2025-02-08 07:13:00.010940,0.0
2025-02-08 07:14:00.158329,0.0
2025-02-08 07:15:00.024615,0.0
2025-02-08 07:16:00.028782,0.0
2025-02-08 07:17:00.110098,0.0
2025-02-08 07:18:00.089049,0.0
2025-02-08 07:19:00.103105,0.0
2025-02-08 07:20:00.090789,0.0
2025-02-08 07:21:00.034796,0.0
2025-02-08 07:22:00.162012,0.0
2025-02-08 07:23:00.144300,0.0
2025-02-08 07:24:00.169580,0.0
2025-02-08 07:25:00.030861,0.0
2025-02-08 07:26:00.048960,0.0
2025-02-08 07:27:00.111298,0.0
2025-02-08 07:28:00.196280,0.0
2025-02-08 07:29:00.095650,0.0
2025-02-08 07:30:00.027677,0.0
2025-02-08 07:31:00.010261,0.0
2025-02-08 07:32:00.164949,0.0
2025-02-08 07:33:00.155774,0.0
2025-02-08 07:34:00.068620,0.0
2025-02-08 07:35:00.042021,0.0
2025-02-08 07:36:00.093510,0.0
2025-02-08 07:37:00.175586,0.0
2025-02-08 07:38:00.100325,0.0
2025-02-08 07:39:00.056853,0.0
2025-02-08 07:40:00.110223,0.0
2025-02-08 07:41:00.081237,0.0
2025-02-08 07:42:00.022126,0.0
2025-02-08 07:43:00.133037,0.0
2025-02-08 07:44:00.072591,0.0
2025-02-08 07:45:00.176707,0.0
2025-02-08 07:46:00.040938,0.0
2025-02-08 07:47:00.089238,0.0
2025-02-08 07:48:00.128125,0.0
2025-02-08 07:49:00.054909,0.0
2025-02-08 07:50:00.066229,0.0
2025-02-08 07:51:00.054905,0.0
2025-02-08 07:52:00.113268,0.0
2025-02-08 07:53:00.118764,0.0
2025-02-08 07:54:00.150061,0.0
2025-02-08 07:55:00.075501,0.0
2025-02-08 07:56:00.046352,0.0
2025-02-08 07:57:00.084571,0.0
2025-02-08 07:58:00.127712,0.0
2025-02-08 07:59:00.073690,0.0
2025-02-08 08:00:00.043086,0.0
2025-02-08 08:01:00.119648,0.0
2025-02-08 08:02:00.153812,0.0
2025-02-08 08:03:00.039378,0.0
2025-02-08 08:04:00.121895,0.0
2025-02-08 08:05:00.038061,0.0
2025-02-08 08:06:00.088125,0.0
2025-02-08 08:07:00.081571,0.0
2025-02-08 08:08:00.163006,0.0
2025-02-08 08:09:00.064156,0.0
2025-02-08 08:10:00.159503,0.0
2025-02-08 08:11:00.128485,0.0
2025-02-08 08:12:00.152731,0.0
2025-02-08 08:13:00.060106,0.0
2025-02-08 08:14:00.109952,0.0
2025-02-08 08:15:00.115907,0.0
2025-02-08 08:16:00.176318,0.0
2025-02-08 08:17:00.133636,0.0
2025-02-08 08:18:00.100338,0.0
2025-02-08 08:19:00.015759,0.0
2025-02-08 08:20:00.067032,0.0
2025-02-08 08:21:00.166211,0.0
2025-02-08 08:22:00.069736,0.0
2025-02-08 08:23:00.045154,0.0
2025-02-08 08:24:00.158500,0.0
2025-02-08 08:25:00.013211,0.0
2025-02-08 08:26:00.139997,0.0
2025-02-08 08:27:00.092860,0.0
2025-02-08 08:28:00.068190,0.0
2025-02-08 08:29:00.122345,0.0
2025-02-08 08:30:00.029690,0.0
2025-02-08 08:31:00.100007,0.0
2025-02-08 08:32:00.067849,0.0
2025-02-08 08:33:00.038447,0.0
2025-02-08 08:34:00.011029,0.0
2025-02-08 08:35:00.024116,0.0
2025-02-08 08:36:00.046304,0.0
2025-02-08 08:37:00.018515,0.0
2025-02-08 08:38:00.024252,0.0
2025-02-08 08:39:00.138277,0.0
2025-02-08 08:40:00.008796,0.0
2025-02-08 08:41:00.040662,0.0
2025-02-08 08:42:00.105736,0.0
2025-02-08 08:43:00.091800,0.0
2025-02-08 08:44:00.099057,0.0
2025-02-08 08:45:00.050476,0.0
2025-02-08 08:46:00.090072,0.0
2025-02-08 08:47:00.018604,0.0
2025-02-08 08:48:00.050576,0.0
2025-02-08 08:49:00.066044,0.0
2025-02-08 08:50:00.132343,0.0
2025-02-08 08:51:00.021255,0.0
2025-02-08 08:52:00.097658,0.0
2025-02-08 08:53:00.047749,0.0
2025-02-08 08:54:00.107856,0.0
2025-02-08 08:55:00.071407,0.0
2025-02-08 08:56:00.037068,0.0
2025-02-08 08:57:00.099502,0.0
2025-02-08 08:58:00.027410,0.0
2025-02-08 08:59:00.058089,0.0
2025-02-08 09:00:00.089214,0.0
2025-02-08 09:01:00.053847,0.0
2025-02-08 09:02:00.059469,0.0
2025-02-08 09:03:00.086012,0.0
2025-02-08 09:04:00.127503,0.0
2025-02-08 09:05:00.060942,0.0
2025-02-08 09:06:00.076786,0.0
2025-02-08 09:07:00.157820,0.0
2025-02-08 09:08:00.165712,0.0
2025-02-08 09:09:00.119149,0.0
2025-02-08 09:10:00.121926,0.0
2025-02-08 09:11:00.027902,0.0
2025-02-08 09:12:00.019598,0.0
2025-02-08 09:13:00.080789,0.0
2025-02-08 09:14:00.048792,0.0
2025-02-08 09:15:00.051049,0.0
2025-02-08 09:16:00.075628,0.0
2025-02-08 09:17:00.165503,0.0
2025-02-08 09:18:00.131136,0.0
2025-02-08 09:19:00.115306,0.0
2025-02-08 09:20:00.069858,0.0
2025-02-08 09:21:00.153590,0.0
2025-02-08 09:22:00.129894,0.0
2025-02-08 09:23:00.104440,0.0
2025-02-08 09:24:00.087234,0.0
2025-02-08 09:25:00.102200,0.0
2025-02-08 09:26:00.014395,0.0
2025-02-08 09:27:00.065601,0.0
2025-02-08 09:28:00.073292,0.0
2025-02-08 09:29:00.148535,0.0
2025-02-08 09:30:00.016703,0.0
2025-02-08 09:31:00.168542,0.0
2025-02-08 09:32:00.132673,0.0
2025-02-08 09:33:00.100342,0.0
2025-02-08 09:34:00.164676,0.0
2025-02-08 09:35:00.098114,0.0
2025-02-08 09:36:00.021719,0.0
2025-02-08 09:37:00.072058,0.0
2025-02-08 09:38:00.021871,0.0
2025-02-08 09:39:00.100973,0.0
2025-02-08 09:40:00.004025,0.0
2025-02-08 09:41:00.095522,0.0
2025-02-08 09:42:00.042103,0.0
2025-02-08 09:43:00.182105,0.0
2025-02-08 09:44:00.168785,0.0
2025-02-08 09:45:00.165984,0.0
2025-02-08 09:46:00.074935,0.0
2025-02-08 09:47:00.027806,0.0
2025-02-08 09:48:00.076915,0.0
2025-02-08 09:49:00.110123,0.0
2025-02-08 09:50:00.035180,0.0
2025-02-08 09:51:00.127863,0.0
2025-02-08 09:52:00.161386,0.0
2025-02-08 09:53:00.114253,0.0
2025-02-08 09:54:00.036046,0.0
2025-02-08 09:55:00.054949,0.0
2025-02-08 09:56:00.035805,0.0
2025-02-08 09:57:00.031719,0.0
2025-02-08 09:58:00.136735,0.0
2025-02-08 09:59:00.066447,0.0
2025-02-08 10:00:00.076614,0.0
2025-02-08 10:01:00.157879,0.0
2025-02-08 10:02:00.030678,0.0
2025-02-08 10:03:00.126655,0.0
2025-02-08 10:04:00.164416,0.0
2025-02-08 10:05:00.040710,0.0
2025-02-08 10:06:00.172823,0.0
2025-02-08 10:07:00.167648,0.0
2025-02-08 10:08:00.012594,0.0
2025-02-08 10:09:00.067398,0.0
2025-02-08 10:10:00.089859,0.0
2025-02-08 10:11:00.014822,0.0
2025-02-08 10:12:00.016912,0.0
2025-02-08 10:13:00.070441,0.0
2025-02-08 10:14:00.159606,0.0
2025-02-08 10:15:00.046800,0.0
2025-02-08 10:16:00.030178,0.0
2025-02-08 10:17:00.105828,0.0
2025-02-08 10:18:00.162998,0.0
2025-02-08 10:19:00.165074,0.0
2025-02-08 10:20:00.100151,0.0
2025-02-08 10:21:00.062698,0.0
2025-02-08 10:22:00.093257,0.0
2025-02-08 10:23:00.132472,0.0
2025-02-08 10:24:00.108684,0.0
2025-02-08 10:25:00.151815,0.0
2025-02-08 10:26:00.054469,0.0
2025-02-08 10:27:00.146160,0.0
2025-02-08 10:28:00.103817,0.0
2025-02-08 10:29:00.117067,0.0
2025-02-08 10:30:00.010356,0.0
2025-02-08 10:31:00.036617,0.0
2025-02-08 10:32:00.175110,0.0
2025-02-08 10:33:00.018747,0.0
2025-02-08 10:34:00.142869,0.0
2025-02-08 10:35:00.130283,0.0
2025-02-08 10:36:00.139007,0.0
2025-02-08 10:37:00.006513,0.0
2025-02-08 10:38:00.178710,0.0
2025-02-08 10:39:00.055435,0.0
2025-02-08 10:40:00.054289,0.0
2025-02-08 10:41:00.076679,0.0
2025-02-08 10:42:00.080011,0.0
2025-02-08 10:43:00.112388,0.0
2025-02-08 10:44:00.059852,0.0
2025-02-08 10:45:00.126707,0.0
2025-02-08 10:46:00.152318,0.0
2025-02-08 10:47:00.091799,0.0
2025-02-08 10:48:00.033799,0.0
2025-02-08 10:49:00.114954,0.0
2025-02-08 10:50:00.156876,0.0
2025-02-08 10:51:00.093433,0.0
2025-02-08 10:52:00.082084,0.0
2025-02-08 10:53:00.027286,0.0
2025-02-08 10:54:00.132310,0.0
2025-02-08 10:55:00.174142,0.0
2025-02-08 10:56:00.157929,0.0
2025-02-08 10:57:00.155212,0.0
2025-02-08 10:58:00.093039,0.0
2025-02-08 10:59:00.168777,0.0
2025-02-08 11:00:00.125985,0.0
2025-02-08 11:01:00.160622,0.0
2025-02-08 11:02:00.084185,0.0
2025-02-08 11:03:00.140716,0.0
2025-02-08 11:04:00.101450,0.0
2025-02-08 11:05:00.115557,0.0
2025-02-08 11:06:00.067331,0.0
2025-02-08 11:07:00.114583,0.0
2025-02-08 11:08:00.064508,0.0
2025-02-08 11:09:00.078009,0.0
2025-02-08 11:10:00.075494,0.0
2025-02-08 11:11:00.118689,0.0
2025-02-08 11:12:00.075237,0.0
2025-02-08 11:13:00.036745,0.0
2025-02-08 11:14:00.099442,0.0
2025-02-08 11:15:00.024740,0.0
2025-02-08 11:16:00.124506,0.0
2025-02-08 11:17:00.129140,0.0
2025-02-08 11:18:00.037407,0.0
2025-02-08 11:19:00.123307,0.0
2025-02-08 11:20:00.094891,0.0
2025-02-08 11:21:00.159399,0.0
2025-02-08 11:22:00.115060,0.0
2025-02-08 11:23:00.036670,0.0
2025-02-08 11:24:00.129389,0.0
2025-02-08 11:25:00.043712,0.0
2025-02-08 11:26:00.105538,0.0
2025-02-08 11:27:00.031503,0.0
2025-02-08 11:28:00.032592,0.0
2025-02-08 11:29:00.089368,0.0
2025-02-08 11:30:00.097133,0.0
2025-02-08 11:31:00.176494,0.0
2025-02-08 11:32:00.065185,0.0
2025-02-08 11:33:00.111672,0.0
2025-02-08 11:34:00.149056,0.0
2025-02-08 11:35:00.077080,0.0
2025-02-08 11:36:00.101818,0.0
2025-02-08 11:37:00.148884,0.0
2025-02-08 11:38:00.027679,0.0
2025-02-08 11:39:00.095837,0.0
2025-02-08 11:40:00.107540,0.0
2025-02-08 11:41:00.013946,0.0
2025-02-08 11:42:00.125072,0.0
2025-02-08 11:43:00.150519,0.0
2025-02-08 11:44:00.041258,0.0
2025-02-08 11:45:00.043761,0.0
2025-02-08 11:46:00.158018,0.0
2025-02-08 11:47:00.014430,0.0
2025-02-08 11:48:00.047913,0.0
2025-02-08 11:49:00.065263,0.0
2025-02-08 11:50:00.067631,0.0
2025-02-08 11:51:00.024921,0.0
2025-02-08 11:52:00.022096,0.0
2025-02-08 11:53:00.051323,0.0
2025-02-08 11:54:00.075770,0.0
2025-02-08 11:55:00.050031,0.0
2025-02-08 11:56:00.125138,0.0
2025-02-08 11:57:00.176447,0.0
2025-02-08 11:58:00.079540,0.0
2025-02-08 11:59:00.047715,0.0
2025-02-08 12:00:00.092257,0.0
2025-02-08 12:01:00.039599,0.0
2025-02-08 12:02:00.054952,0.0
2025-02-08 12:03:00.164704,0.0
2025-02-08 12:04:00.092492,0.0
2025-02-08 12:05:00.145897,0.0
2025-02-08 12:06:00.004980,0.0
2025-02-08 12:07:00.099378,0.0
2025-02-08 12:08:00.131195,0.0
